owner_org,ati_all,ati_nil,briefingt,contracts,contracts_nil,contractsa,dac,grants,grants_nil,hospitalityq,hospitalityq_nil,parliament_committee,parliament_committee_deputy,parliament_report,qpnotes,qpnotes_nil,reclassification,reclassification_nil,transition,transition_deputy,travela,travelq,travelq_nil,wrongdoing
16342451-canada-inc,1,9,0,0,0,0,0,0,0,0,0,0,0,0,0,0,0,0,0,0,0,0,0,0
aafc-aac,1516,0,4286,19611,0,8,93,18286,0,31,77,0,0,5,369,0,365,3,3,1,10,2076,3,0
aandc-aadnc,2007,0,7059,9299,1,0,117,21444,0,190,0,9,0,12,540,0,100,20,5,0,6,2175,0,0
acoa-apeca,238,19,1205,2965,0,9,0,30587,0,231,0,0,13,27,7,0,191,17,1,3,5,3185,0,0
aecl-eacl,363,42,0,0,0,0,0,0,0,272,1,0,0,0,0,0,0,0,0,0,0,1566,1,0
apa,9,29,0,0,0,0,0,0,0,0,0,0,0,8,0,0,0,0,0,0,0,0,0,0
apfc-fapc,15,62,0,0,0,0,0,0,0,0,0,0,0,0,0,0,0,0,0,0,0,0,0,0
atssc-scdata,119,36,226,1558,0,9,0,0,0,161,44,0,0,22,0,0,182,3,2,0,4,493,8,0
bc,141,0,0,0,0,0,0,0,0,0,0,0,0,0,0,0,0,0,0,0,0,0,0,0
bctc-ctcb,7,36,0,0,0,0,0,0,0,0,0,0,0,0,0,0,0,0,0,0,0,0,0,0
bdc,118,18,0,0,0,0,0,0,0,135,0,0,0,0,0,0,0,0,0,0,4,156,0,0
bpa-apd,2,37,0,0,0,0,0,0,0,0,0,0,0,0,0,0,0,0,0,0,0,0,0,0
cannor,109,36,486,128,2,5,0,1998,0,34,76,0,0,0,47,0,5,7,0,0,6,194,29,1
cas-satj,0,0,0,2786,0,9,95,0,0,122,21,0,0,0,0,0,8,0,0,0,0,374,2,0
casdo-ocena,23,58,115,345,0,0,0,143,0,8,68,0,0,0,0,0,0,0,0,1,4,177,31,0
catsa-acsta,44,13,0,0,0,0,0,0,0,575,29,0,0,4,0,0,0,0,0,0,10,1132,29,0
cb-cda,97,75,0,0,0,0,0,0,0,0,0,0,0,0,0,0,0,0,0,0,0,0,0,0
cbc-radio-canada,143,0,0,0,0,0,0,0,0,0,0,0,0,0,0,0,0,0,0,0,0,0,0,0
cbsa-asfc,5114,0,903,12653,0,7,116,0,0,309,79,0,0,1,0,0,418,13,0,0,12,1078,23,3
cca-cac,75,19,0,0,0,0,0,0,0,25,18,0,0,0,0,0,0,0,0,0,0,237,1,0
ccc,130,56,0,0,0,0,0,0,0,0,0,0,0,0,0,0,0,0,0,0,0,0,0,0
ccohs-cchst,23,64,3,258,0,9,0,0,0,35,88,0,0,20,0,0,0,0,0,0,9,172,52,0
ccperb-cceebc,2,0,0,0,0,0,0,0,0,0,0,0,0,0,0,0,0,0,0,0,0,0,0,0
cdc-ccl,42,0,0,0,0,0,0,0,0,0,4,0,0,0,0,0,10,4,0,0,2,48,0,0
cdev,92,41,0,0,0,0,0,0,0,0,0,0,0,0,0,0,0,0,0,0,0,0,0,0
cdic-sadc,36,66,0,0,0,0,0,0,0,88,12,0,0,13,0,0,0,0,0,0,3,334,1,0
ced-dec,303,32,965,2024,0,8,0,16634,0,784,70,0,4,10,94,0,76,31,5,1,14,3015,20,0
ceefc-cfuec,10,66,0,0,0,0,0,0,0,0,0,0,0,0,0,0,0,0,0,0,0,0,0,0
celd,0,77,0,0,0,0,0,0,0,0,0,0,0,0,0,0,0,0,0,0,0,0,0,0
cer-rec,709,21,1393,1982,1,10,0,780,2,340,19,1,4,4,0,0,0,0,2,2,10,713,19,0
cfia-acia,2635,0,842,6579,0,9,117,54,12,306,46,0,25,3,0,0,15,0,0,0,5,471,25,0
cfmws-sbmfc,79,37,0,0,0,0,0,0,0,0,0,0,0,0,0,0,0,0,0,0,0,0,0,0
cgc-ccg,41,64,499,1429,1,9,54,0,0,76,50,0,0,0,0,0,84,17,0,0,7,224,26,0
cgf-fcc,1,40,0,0,0,0,0,0,0,0,0,0,0,0,0,0,0,0,0,0,0,0,0,0
cgfimi-gafcc,2,36,0,0,0,0,0,0,0,0,0,0,0,0,0,0,0,0,0,0,0,0,0,0
chhc-sgch,0,77,0,0,0,0,0,0,0,0,0,0,0,0,0,0,0,0,0,0,0,0,0,0
chrc-ccdp,240,21,394,840,0,9,0,0,0,1,42,0,3,25,0,0,24,21,0,0,7,301,30,0
cib-bic,113,31,0,0,0,0,0,0,0,41,14,0,0,0,0,0,0,0,0,0,0,406,2,0
cic,8828,0,4215,16656,0,9,115,18806,0,592,27,0,0,1,279,0,1604,7,0,0,0,2367,13,5
cicc-ccic,24,47,0,0,0,0,0,0,0,76,11,0,0,0,0,0,0,0,0,0,0,528,6,0
ciccdev,2,38,0,0,0,0,0,0,0,0,0,0,0,0,0,0,0,0,0,0,0,0,0,0
cics-scic,0,0,0,352,0,7,0,0,0,13,89,0,0,0,0,0,0,2,0,0,7,17,80,0
cihr-irsc,235,13,1365,1597,0,10,89,45887,0,384,61,32,1,0,0,0,31,14,0,0,15,889,34,0
cilgc-cgpac,2,9,0,0,0,0,0,0,0,0,0,0,0,0,0,0,0,0,0,0,0,0,0,0
cirb-ccri,8,0,0,0,0,0,0,0,0,0,0,0,0,0,0,0,0,0,0,0,0,0,0,0
citt-tcce,5,0,0,0,0,0,0,0,0,0,0,0,0,0,0,0,0,0,0,0,0,0,0,0
clccl-siccl,25,44,0,0,0,0,0,0,0,0,0,0,0,0,0,0,0,0,0,0,0,0,0,0
clcl-sicl,9,64,0,0,0,0,0,0,0,0,0,0,0,0,0,0,0,0,0,0,0,0,0,0
cmc-mcc,75,53,0,0,0,0,0,0,0,29,12,0,0,5,0,0,0,0,0,0,0,222,0,0
cmhc-schl,706,1,0,0,0,0,0,0,0,190,31,0,0,0,0,0,0,0,0,0,0,2813,0,0
cmhr-mcdp,32,36,0,0,0,0,0,0,0,131,0,0,0,0,0,0,0,0,0,0,0,119,0,0
cmip-mciq,10,74,0,0,0,0,0,0,0,114,1,0,0,5,0,0,0,0,0,0,3,145,1,0
cmn-mcn,23,39,0,0,0,0,0,0,0,41,15,0,0,0,0,0,0,0,0,0,2,130,8,0
cnlopb,138,54,0,0,0,0,0,0,0,0,0,0,0,0,0,0,0,0,0,0,0,0,0,0
cnsc-ccsn,2047,0,1532,2310,0,9,91,1111,0,123,4,0,1,2,0,0,0,0,1,2,0,562,2,0
cnsopb,5,60,0,0,0,0,0,0,0,0,0,0,0,0,0,0,0,0,0,0,0,0,0,0
cpata-cabamc,0,40,0,0,0,0,0,0,0,28,22,0,0,0,0,0,0,0,0,0,0,72,19,0
cpc-cpp,102,33,31,321,0,1,0,0,0,66,73,0,2,21,0,6,28,29,0,1,0,81,67,0
cpc-scp,175,5,0,0,0,0,0,0,0,0,0,0,0,0,0,0,0,0,0,0,0,0,0,0
cra-arc,6491,0,2000,43316,0,7,0,7188,23,1069,38,0,0,0,81,0,341,7,4,0,11,5342,7,1
crrf-fcrr,15,33,0,0,0,0,0,0,0,0,0,0,0,0,0,0,0,0,0,0,0,0,0,0
crtc,522,2,330,1118,0,1,0,0,15,31,67,0,20,4,0,0,31,18,0,0,7,692,22,0
csa-asc,429,18,276,4322,0,8,97,1999,0,78,51,0,2,8,0,0,16,23,0,1,9,671,10,0
csc-scc,3716,0,1800,58956,0,9,111,338,4,101,60,1,18,24,0,0,148,5,2,3,8,1882,34,0
csec-cstc,671,12,976,0,0,0,0,0,0,0,0,0,0,0,0,0,0,0,0,0,0,0,0,0
csis-scrs,2481,0,876,0,0,0,0,0,0,0,0,0,0,1,0,0,0,0,0,0,0,0,0,0
csps-efpc,225,21,308,1092,0,9,0,0,0,102,63,0,0,0,0,0,46,24,0,0,0,215,27,0
cstm-mstc,38,70,0,0,0,0,0,0,0,0,0,0,0,0,0,0,0,0,0,0,0,0,0,0
cta-otc,324,15,285,1259,0,10,0,0,0,26,82,0,6,0,0,0,9,33,0,1,8,165,44,0
ctc-cct,21,67,0,0,0,0,0,0,0,0,0,0,0,0,0,0,0,0,0,0,0,0,0,0
cwa-aec,9,18,78,91,0,0,0,241,1,0,23,0,0,3,0,2,0,7,2,1,0,43,0,0
dcc-cdc,54,45,0,0,0,0,0,0,0,98,13,0,0,5,0,0,0,0,0,0,0,525,6,0
dfatd-maecd,12604,0,10153,79173,0,9,126,16215,0,36284,0,47,8,15,314,1,509,0,3,4,13,16216,0,22
dfi-ifd,2,35,0,0,0,0,0,0,0,63,15,0,0,0,0,0,0,0,0,0,2,98,8,0
dfo-mpo,5146,0,5857,117545,1,9,103,18580,0,309,50,26,10,4,780,0,413,3,6,2,16,2260,7,0
dnd-mdn,10919,0,4922,362845,0,9,132,1182,4,1920,74,26,3,7,127,0,1381,0,6,3,14,7356,104,14
downsview,0,29,0,0,0,0,0,0,0,95,0,0,0,0,0,0,0,0,0,0,0,149,0,0
ec,4285,0,4534,69222,0,9,136,8587,0,296,36,6,0,0,185,0,1262,0,1,0,15,2051,2,3
edc,139,17,0,0,0,0,0,0,0,813,0,0,0,2,0,0,0,0,0,0,3,824,0,0
elections,843,6,1589,3606,0,8,0,0,0,47,58,5,10,0,0,0,44,19,0,0,0,157,30,0
erc-cee,11,70,0,37,10,4,0,0,0,6,78,0,0,0,0,0,0,3,0,0,0,33,70,0
esdc-edsc,2729,0,8710,40131,0,9,115,352902,0,3401,0,71,17,14,845,1,1160,8,19,11,15,13813,0,3
exi,0,37,0,0,0,0,0,0,0,0,0,0,0,0,0,0,0,0,0,0,0,0,0,0
fbcl-spfl,21,72,0,0,0,0,0,0,0,4,25,0,0,11,0,0,0,0,0,0,2,272,0,0
fcac-acfc,102,42,107,1593,0,9,0,0,0,205,52,0,8,20,0,0,0,0,0,1,12,646,35,0
fcc-fac,8,21,0,0,0,0,0,0,0,505,24,0,0,0,0,0,0,0,0,0,10,2402,15,0
feddevontario,270,19,817,1035,0,9,0,5093,0,154,60,0,1,2,11,0,24,45,6,1,10,2011,22,0
fednor,11,39,397,48,0,4,0,1481,0,9,43,0,2,18,12,0,1,3,1,1,5,95,10,0
ffmc-ocped,12,20,0,0,0,0,0,0,0,0,0,0,0,0,0,0,0,0,0,0,0,0,0,0
fin,7101,2,5472,4418,0,9,94,209,1,768,26,0,0,0,28,0,7,14,2,0,10,7789,5,0
fintrac-canafe,269,14,180,1776,0,8,0,0,0,794,33,0,2,9,0,0,0,0,0,1,0,685,25,0
fja-cmf,0,0,0,869,2,9,0,0,0,81,37,0,0,0,0,0,11,26,0,0,8,100,36,0
fnfmb-cgfpn,5,56,0,0,0,0,0,0,0,0,0,0,0,0,0,0,0,0,0,0,0,0,0,0
fntc-cfpn,5,60,0,0,0,0,0,0,0,0,0,0,0,0,0,0,0,0,0,0,0,0,0,0
fpcc-cpac,13,49,2,44,19,9,0,0,40,96,43,0,0,0,0,6,5,33,0,0,11,579,16,0
fraidg-ciafimd,2,78,0,0,0,0,0,0,0,5,61,0,0,3,0,0,0,0,0,0,0,41,33,0
glpa-apgl,5,76,0,0,0,0,0,0,0,0,0,0,0,0,0,0,0,0,0,0,0,0,0,0
glwb-ogte,0,80,0,0,0,0,0,0,0,0,0,0,0,0,0,0,0,0,0,0,0,0,0,0
halpa-aphal,12,48,0,0,0,0,0,0,0,62,1,0,0,0,0,0,0,0,0,0,0,38,1,0
hampa-apham,20,74,0,0,0,0,0,0,0,0,0,0,0,0,0,0,0,0,0,0,0,0,0,0
hc-sc,17591,0,5122,14647,0,9,127,2300,0,236,36,61,17,5,635,0,522,2,7,3,8,1803,9,0
hgr-tgf,30,12,0,0,0,0,0,0,0,202,0,0,0,0,0,0,0,0,0,0,0,802,0,0
hsmbc-clmhc,1,40,0,0,0,0,0,0,0,0,0,0,0,0,0,0,0,0,0,0,0,0,0,0
iaac-aeic,531,6,1011,1428,0,4,0,4469,0,41,61,8,11,29,0,0,27,66,4,1,0,281,26,0
ic,9449,0,10918,22916,0,3,98,41783,1,559,9,0,0,8,236,0,297,4,0,1,9,6493,0,1
idrc-crdi,35,69,0,0,0,0,0,0,0,0,0,0,0,0,0,0,0,0,0,0,0,0,0,0
iic-iac,28,37,0,498,0,0,0,0,0,72,13,0,0,11,0,0,0,0,0,0,0,278,7,0
ijc-cmi,0,0,0,311,0,0,0,0,0,96,0,0,0,0,0,0,0,0,0,0,0,347,3,0
infc,2498,1,4995,1304,0,9,132,2261,0,154,0,0,0,2,146,0,20,0,6,1,10,1897,0,1
innovation,30,72,0,0,0,0,0,0,0,120,46,0,0,0,0,0,0,0,0,0,0,484,27,0
irb-cisr,990,0,1131,5612,0,7,0,0,0,27,74,0,0,0,0,0,153,6,0,0,7,264,26,0
isc-sac,1970,0,4800,8023,0,0,114,156896,1,107,0,6,0,10,353,0,70,16,0,0,0,1488,1,0
jccbi-pjcci,109,64,0,0,0,0,0,0,0,0,0,0,0,0,0,0,0,0,0,0,0,0,0,0
jfpc-cfp,0,0,0,0,0,0,0,0,0,0,16,0,0,0,0,0,0,0,0,0,0,40,5,0
jus,4427,0,4940,4537,0,9,101,5122,1,369,28,64,4,2,21,5,929,1,7,1,9,1228,12,1
lac-bac,9560,0,335,2543,0,9,0,405,0,33,62,0,2,9,0,0,204,0,0,1,10,167,28,0
mai,64,40,0,0,0,0,0,0,0,2,2,0,0,0,0,0,0,0,0,0,0,31,0,0
mgerc-ceegm,67,63,0,281,2,10,0,0,0,32,114,0,1,0,0,0,7,19,0,1,9,148,91,0
mint-monnaie,95,48,0,0,0,0,0,0,0,114,0,0,0,0,0,0,0,0,0,0,0,127,0,0
mlvwb-otevm,2,78,0,0,0,0,0,0,0,0,0,0,0,0,0,0,0,0,0,0,0,0,0,0
mpa-apm,76,17,0,0,0,0,0,0,0,0,0,0,0,0,0,0,0,0,0,0,0,0,0,0
mpcc-cppm,140,49,142,254,0,8,0,0,0,0,171,0,0,0,0,0,7,39,0,0,10,20,96,0
mveirb-oervm,0,67,0,0,0,0,0,0,0,0,0,0,0,0,0,0,0,0,0,0,0,0,0,0
nac-cna,20,23,0,0,0,0,0,0,0,0,0,0,0,0,0,0,0,0,0,0,0,0,0,0
nbc-ccbn,7,65,0,554,0,1,0,0,0,108,18,0,0,1,0,0,0,0,0,0,5,48,28,0
ncc-ccn,1080,1,0,0,0,0,0,0,0,961,0,0,0,2,0,0,0,0,0,0,0,546,1,0
ndcfo-odnfc,42,40,0,0,0,0,0,0,0,49,67,0,0,0,0,0,0,0,0,0,0,38,59,0
nfb-onf,183,44,0,2344,0,9,0,0,0,416,35,0,0,1,0,0,0,0,0,0,0,502,37,0
ngc-mbac,79,55,0,589,0,0,0,0,0,157,0,0,0,0,0,0,0,0,0,0,0,219,0,0
nirb-cner,0,34,0,0,0,0,0,0,0,0,0,0,0,0,0,0,0,0,0,0,0,0,0,0
nnpa-apn,5,39,0,0,0,0,0,0,0,0,0,0,0,0,0,0,0,0,0,0,0,0,0,0
npa-apn,20,73,0,0,0,0,0,0,0,0,0,0,0,0,0,0,0,0,0,0,4,0,0,0
nrc-cnrc,321,0,144,50045,0,7,101,79708,0,1330,36,0,2,9,0,0,0,0,0,3,0,2747,9,1
nrcan-rncan,7706,0,6596,32057,0,9,125,11789,0,841,23,22,3,1,94,3,279,0,3,5,13,3179,13,0
nserc-crsng,148,17,164,1439,10,5,52,156594,0,19,12,0,0,2,0,0,0,0,0,1,9,389,13,0
nsira-ossnr,147,25,43,153,0,7,0,0,0,43,64,0,0,0,0,0,0,0,0,0,7,114,43,0
oag-bvg,98,11,1208,2200,0,9,86,0,0,215,24,0,159,90,0,0,0,0,0,1,5,296,5,0
occe-bcef,0,0,0,0,0,0,0,0,0,0,0,0,4,0,0,0,0,0,0,1,0,0,0,0
oci-bec,120,47,55,99,3,4,0,0,0,25,34,0,0,1,0,0,3,20,0,0,4,146,11,0
ocl-cal,82,50,26,176,1,9,0,0,0,26,66,0,13,11,0,0,4,25,0,0,9,14,74,0
ocol-clo,205,15,445,565,0,9,0,0,0,69,52,14,4,2,0,0,76,27,0,0,9,115,48,0
ocsec-bccst,9,73,0,14,16,0,0,0,0,4,82,0,6,0,0,0,0,0,0,1,6,16,74,0
oic-ci,499,15,65,322,0,9,52,0,0,38,61,0,0,0,0,0,3,26,0,0,8,23,70,0
opc-cpvp,665,1,494,815,0,9,0,101,19,30,79,0,41,0,0,0,2,33,0,1,7,145,41,0
opmc-svpm,8,60,0,0,0,0,0,0,0,0,0,0,0,0,0,0,0,0,0,0,0,0,0,0
org231,0,48,18,18,8,0,0,0,4,4,44,0,0,0,0,4,0,16,0,0,2,31,25,0
osfi-bsif,343,11,1218,3253,0,9,119,0,0,124,29,0,12,15,0,0,0,0,0,1,8,433,16,0
osgg-bsgg,0,0,0,592,0,9,0,0,0,8,82,0,0,0,0,0,11,3,0,0,0,166,37,0
oto-boc,0,0,0,18,0,0,0,0,0,14,87,0,0,0,0,0,0,0,0,0,11,127,53,0
ovo-bov,23,65,75,0,0,0,0,0,0,24,64,0,0,0,0,0,7,29,0,0,0,144,29,0
pacifican,188,22,870,168,1,5,0,1492,0,7,49,0,3,0,4,0,0,17,1,0,4,182,9,0
papa-appa,5,32,0,0,0,0,0,0,0,6,20,0,0,0,0,0,0,0,0,0,0,71,27,0
pb,3,45,0,0,0,0,0,0,0,0,0,0,0,0,0,0,0,0,0,0,0,0,0,0
pbc-clcc,251,29,563,1204,1,8,0,0,0,33,35,1,2,2,0,0,88,26,2,0,10,413,1,0
pc,2046,0,2066,61027,0,9,15,3095,0,394,55,2,8,1,0,0,0,0,1,0,8,2789,13,0
pch,5004,0,3516,11983,0,9,89,138904,0,1050,49,41,4,1,752,0,106,16,5,4,9,4861,9,0
pco-bcp,8297,2,7116,3024,0,5,234,157,2,530,3,0,0,1,109,0,106,35,0,0,7,6072,0,0
pdp,1,65,0,0,0,0,0,0,0,0,0,0,0,0,0,0,0,0,0,0,0,0,0,0
petf-fpet,39,22,0,0,0,0,0,0,0,0,0,0,0,0,0,0,0,0,0,0,0,0,0,0
phac-aspc,2092,2,3333,10033,0,9,120,5601,7,163,35,6,18,3,7,0,139,7,0,2,5,814,14,0
pkcc-pcprc,0,0,122,0,0,0,0,0,0,1,15,0,0,0,0,0,0,0,0,0,0,33,7,0
pmprb-cepmb,215,30,110,254,1,9,0,0,0,88,128,0,0,13,0,0,20,50,0,1,0,163,49,0
polar-polaire,5,59,100,249,1,2,0,505,1,26,18,0,0,0,0,0,0,0,2,1,0,154,4,0
ppa-app,21,58,0,0,0,0,0,0,0,0,0,0,0,0,0,0,0,0,0,0,0,0,0,0
ppsc-sppc,416,8,1714,2217,0,9,68,0,0,12,84,0,0,5,0,0,482,13,1,1,15,192,32,0
pptc,69,0,0,1217,0,0,0,0,0,0,0,0,0,0,0,0,0,0,0,0,0,0,0,0
prairiescan,175,16,1343,419,0,5,0,3445,0,29,35,0,5,3,30,0,3,16,2,0,5,438,4,0
prpa-appr,14,47,0,0,0,0,0,0,0,120,1,0,0,0,0,0,0,0,0,0,0,183,0,0
ps-sp,4549,0,6413,2774,0,8,93,3602,10,230,36,0,0,0,362,0,24,14,0,0,0,1492,17,0
psc-cfp,504,16,293,2698,0,6,78,0,0,1190,6,0,2,0,0,0,199,17,2,0,3,826,6,0
pshcp-rssfp,16,28,0,0,0,0,0,0,0,0,0,0,0,0,0,0,0,0,0,0,0,0,0,0
psi,17,9,0,0,0,0,0,0,0,0,0,0,0,0,0,0,0,0,0,0,0,0,0,0
psic-ispc,25,36,0,202,0,1,0,0,0,9,109,0,0,0,0,0,0,0,0,0,0,24,82,0
pslrb-crtfp,31,0,0,0,0,0,0,0,0,0,0,0,0,0,0,0,0,0,0,0,0,0,0,0
pspib-oirpsp,115,52,0,0,0,0,0,0,0,400,0,0,0,0,0,0,0,0,0,0,0,759,0,0
ptr,3,0,0,0,0,0,0,0,0,0,1,0,0,0,0,0,0,0,0,0,0,0,1,0
pwgsc-tpsgc,7840,0,1805,73112,0,9,113,0,25,172,30,10,2,6,476,0,99,7,7,1,7,1176,7,15
qpa-apq,41,27,0,0,0,0,0,0,0,536,5,0,0,0,0,0,0,0,0,0,0,230,11,0
rcmp-grc,8113,1,1549,36939,0,9,106,402,1,975,9,0,26,5,0,0,996,34,0,0,9,2049,3,0
ri,8,71,0,0,0,0,0,0,0,0,0,0,0,0,0,0,0,0,0,0,0,0,0,0
scc-ccn,25,47,0,0,0,0,0,0,0,29,0,0,0,10,0,0,0,0,0,0,4,215,0,0
scc-csc,0,0,0,0,0,0,0,0,0,0,0,0,0,0,0,0,51,14,0,0,0,0,0,0
sdtc-tddc,20,50,0,0,0,0,0,0,0,0,0,0,0,0,0,0,0,0,0,0,0,0,0,0
sibc-cpivml,11,74,0,0,0,0,0,0,0,1,29,0,0,9,0,0,0,0,0,0,2,5,25,0
sirc-csars,69,0,0,59,0,0,0,0,0,29,0,0,0,0,0,0,0,0,0,0,0,44,0,0
sjpa-apsj,6,74,0,0,0,0,0,0,0,0,1,0,0,0,0,0,0,0,0,0,0,0,1,0
slp-psl,15,73,0,0,0,0,0,0,0,5,4,0,0,0,0,0,0,0,0,0,0,64,0,0
slupb-cats,0,48,0,0,0,0,0,0,0,0,0,0,0,0,0,0,0,0,0,0,0,0,0,0
slwb-otes,1,79,0,0,0,0,0,0,0,0,0,0,0,0,0,0,0,0,0,0,0,0,0,0
snsicp-scpssnr,13,34,45,11,0,7,0,0,20,269,37,0,0,7,0,16,0,4,0,0,7,156,44,0
sopf-cidp,6,76,0,0,0,0,0,0,0,26,56,0,0,3,0,0,0,0,0,0,0,410,37,0
spa-aps,0,27,0,0,0,0,0,0,0,0,0,0,0,0,0,0,0,0,0,0,0,0,0,0
ssc-spc,1619,0,974,29177,0,9,127,0,0,309,65,2,9,3,12,0,59,17,8,0,13,449,27,0
sshrc-crsh,232,19,170,976,9,5,45,69164,0,23,18,0,1,0,0,0,0,0,0,0,9,518,9,0
statcan,592,2,719,3415,0,9,103,4,18,106,15,0,1,1,0,0,59,14,0,0,10,412,3,0
stjpa-apstj,0,1,0,0,0,0,0,0,0,0,0,0,0,0,0,0,0,0,0,0,0,0,0,0
swc-cfc,174,0,0,197,0,1,0,143,2,55,9,0,0,0,0,0,7,3,0,0,0,246,12,0
tbpa-aptb,4,51,0,0,0,0,0,0,0,0,0,0,0,0,0,0,0,0,0,0,0,0,0,0
tbs-sct,4289,0,2058,7999,0,9,128,68,16,405,24,46,17,6,138,0,70,12,5,8,8,1041,9,0
tc,8407,0,3569,23253,0,9,92,48204,0,334,25,0,0,1,77,0,519,5,1,0,15,3616,5,0
tf,9,20,0,0,0,0,0,0,0,445,0,0,0,7,0,0,0,0,0,0,0,428,0,0
tmc,38,58,0,0,0,0,0,0,0,0,0,0,0,0,0,0,0,0,0,0,0,0,0,0
tmp,0,77,0,0,0,0,0,0,0,0,0,0,0,0,0,0,0,0,0,0,0,0,0,0
tpa-apt,27,23,0,0,0,0,0,0,0,0,0,0,0,0,0,0,0,0,0,0,0,0,0,0
tsb-bst,239,9,0,547,0,0,0,0,0,39,80,0,5,8,0,0,18,25,3,1,12,211,35,0
vac-acc,1397,1,623,5091,0,9,86,2320,0,432,67,0,0,0,334,0,481,17,0,0,5,3212,14,2
vfpa-apvf,249,18,0,0,0,0,0,0,0,0,0,0,0,0,0,0,0,0,0,0,0,0,0,0
viarail,458,0,0,0,0,0,0,0,0,32,0,0,0,0,0,0,0,0,0,0,0,245,0,0
vrab-tacra,50,55,2,172,8,4,0,0,0,56,52,0,0,3,1,0,17,33,1,0,0,391,23,0
wage,222,15,1277,820,0,8,0,2960,3,14,55,9,5,0,170,1,13,15,2,1,7,677,15,0
wd-deo,215,1,451,250,0,4,0,14556,0,73,19,0,0,2,0,0,23,10,1,0,10,1387,10,0
wdba-apwd,31,42,0,0,0,0,0,0,0,75,3,0,0,0,0,0,0,0,0,0,0,118,0,0
yesab-oeesy,12,70,0,0,0,1,0,0,0,0,0,0,0,0,0,0,0,0,0,0,0,68,14,0
