date,ati_all,ati_nil,contracts,contracts_nil,contractsa,grants,grants_nil,reclassification,reclassification_nil,travela,travelq,travelq_nil,hospitalityq,hospitalityq_nil,dac,briefingt,qpnotes,qpnotes_nil,wrongdoing,adminaircraft,total
2025-07-25,194852,5131,1198288,84,559,1180322,210,13726,1054,611,134690,2406,63250,4206,3748,135209,6737,31.0,66,20,2945200
2025-07-24,194753,5124,1198273,84,559,1180124,210,13676,1053,611,134588,2406,63241,4205,3740,135180,6731,31.0,66,20,2944675
2025-07-23,194689,5118,1198133,84,559,1179950,210,13676,1051,611,134554,2402,63241,4202,3737,135104,6731,31.0,66,20,2944169
2025-07-22,194647,5115,1198206,84,559,1179873,210,13676,1050,611,134503,2402,63233,4201,3737,135079,6737,31.0,66,20,2944040
2025-07-21,194536,5113,1198250,84,559,1179870,210,13675,1049,611,134456,2401,63225,4198,3730,135033,6689,31.0,66,20,2943806
2025-07-20,194536,5113,1198250,84,559,1179870,210,13675,1049,611,134456,2401,63225,4198,3730,135033,6689,31.0,66,20,2943806
2025-07-19,194536,5113,1198250,84,559,1179870,210,13675,1049,611,134456,2401,63225,4198,3730,135033,6689,31.0,66,20,2943806
2025-07-18,194461,5113,1198236,83,559,1179872,211,13675,1049,611,134447,2400,63224,4197,3727,135028,6416,31.0,66,20,2943426
2025-07-17,194460,5112,1198310,83,559,1179902,210,13672,1046,611,134430,2400,63223,4195,3727,135012,6341,31.0,66,20,2943410
2025-07-16,194453,5093,1198300,83,559,1179904,210,13672,1045,611,134416,2398,63220,4194,3727,134997,6288,30.0,66,20,2943286
2025-07-15,194432,5087,1198300,83,559,1179904,210,13671,1043,610,134257,2398,63187,4194,3719,134940,6244,30.0,66,20,2942954
2025-07-14,194408,5076,1197531,83,559,1179881,210,13671,1043,610,134240,2397,63179,4193,3719,134932,6244,29.0,66,20,2942091
2025-07-13,194405,5071,1197531,83,559,1179881,210,13671,1043,610,134240,2397,63179,4193,3719,134932,6244,29.0,66,20,2942083
2025-07-12,194405,5071,1197531,83,559,1179881,210,13671,1043,610,134240,2397,63179,4193,3719,134932,6244,29.0,66,20,2942083
2025-07-11,194243,5063,1197533,83,558,1179884,210,13668,1040,609,134234,2397,63179,4191,3715,134933,6244,29.0,66,20,2941899
2025-07-10,194214,5062,1197532,83,558,1179885,210,13668,1039,609,134230,2396,63178,4190,3715,134931,6236,29.0,66,20,2941851
2025-07-09,194202,5056,1197530,83,558,1179887,210,13668,1036,609,134212,2395,63177,4189,3715,134931,6236,29.0,66,20,2941809
2025-07-08,194200,5037,1197531,82,558,1179888,210,13666,1034,609,134181,2394,63170,4188,3715,134931,6236,28.0,66,20,2941744
2025-07-07,194204,5035,1197517,82,558,1179866,209,13655,1033,609,134180,2394,63168,4188,3715,134931,6236,28.0,66,20,2941694
2025-07-06,194204,5035,1197517,82,558,1179866,209,13655,1033,609,134180,2394,63168,4188,3715,134931,6236,28.0,66,20,2941694
2025-07-05,194204,5035,1197517,82,558,1179866,209,13655,1033,609,134180,2394,63168,4188,3715,134931,6236,28.0,66,20,2941694
2025-07-04,194187,5035,1197516,82,558,1179864,209,13655,1030,609,134156,2393,63151,4188,3715,134932,6236,28.0,66,20,2941630
2025-07-03,194167,5023,1197635,82,558,1179829,209,13644,1029,609,134107,2393,63151,4186,3712,134926,6236,28.0,66,20,2941610
2025-07-02,193995,5012,1197635,82,558,1179829,209,13644,1028,609,134076,2391,63109,4182,3712,134883,6233,28.0,66,20,2941301
2025-07-01,193995,5012,1197635,82,558,1179829,209,13644,1028,609,134076,2391,63109,4182,3712,134883,6233,28.0,66,20,2941301
2025-06-30,193691,5007,1197595,82,558,1179829,209,13641,1028,609,133990,2389,63085,4177,3712,134363,6233,28.0,66,20,2940312
2025-06-29,193691,5007,1197595,82,558,1179829,209,13641,1028,609,133979,2389,63047,4177,3712,134299,6233,28.0,66,20,2940199
2025-06-28,193691,5007,1197595,82,558,1179829,209,13641,1028,609,133979,2389,63047,4177,3712,134236,6233,28.0,66,20,2940136
2025-06-27,193568,5003,1197595,82,557,1179829,209,13641,1028,609,133810,2387,63033,4164,3712,133970,6233,28.0,66,20,2939544
2025-06-26,193400,5002,1197595,82,557,1179829,209,13641,1028,608,133734,2387,63005,4161,3712,133722,6233,26.0,66,20,2939017
2025-06-25,193310,5000,1197915,81,556,1179829,209,13635,1028,606,133601,2386,62973,4157,3712,133639,6233,26.0,66,20,2938982
2025-06-24,193283,4998,1197834,81,554,1179717,209,13635,1028,606,133453,2383,62908,4153,3712,133527,6233,26.0,66,20,2938426
2025-06-23,193203,4997,1197834,81,554,1179717,209,13635,1028,606,133430,2382,62902,4151,3712,133501,6233,26.0,66,20,2938287
2025-06-22,193203,4997,1197834,81,554,1179717,209,13635,1028,606,133430,2382,62902,4151,3712,133501,6233,26.0,66,20,2938287
2025-06-21,193203,4997,1197834,81,554,1179717,209,13635,1028,606,133430,2382,62902,4151,3712,133501,6233,26.0,66,20,2938287
2025-06-20,193191,4995,1197704,81,554,1179717,209,13635,1028,606,133413,2381,62902,4148,3712,133501,6233,26.0,66,20,2938122
2025-06-19,193088,4994,1197704,81,553,1179716,209,13635,1028,605,133372,2381,62899,4143,3712,133477,6233,26.0,66,20,2937942
2025-06-18,193027,4992,1198729,81,553,1179715,209,13635,1028,605,133370,2380,62898,4142,3712,133466,6233,26.0,66,20,2938887
2025-06-17,192982,4988,1198399,81,552,1179716,209,13635,1027,605,133344,2379,62895,4140,3712,133451,6233,26.0,66,20,2938460
2025-06-16,192998,4985,1198412,81,549,1179705,209,13635,1026,605,133326,2379,62885,4136,3712,133363,6233,26.0,66,20,2938351
2025-06-15,192998,4985,1198412,81,549,1179705,209,13635,1026,605,133326,2379,62885,4136,3712,133363,6233,26.0,66,20,2938351
2025-06-14,192998,4985,1198412,81,549,1179705,209,13635,1026,605,133326,2379,62885,4136,3712,133363,6233,26.0,66,20,2938351
2025-06-13,192951,4974,1198411,81,549,1179705,209,13635,1026,605,133320,2379,62885,4136,3712,133352,6233,26.0,66,20,2938275
2025-06-12,192935,4969,1198413,81,549,1179705,209,13635,1026,601,133317,2379,62883,4136,3712,133352,6233,26.0,66,20,2938247
2025-06-11,192868,4968,1198413,81,549,1179705,209,13635,1026,601,133298,2378,62878,4135,3712,133350,6233,26.0,66,20,2938151
2025-06-10,192864,4962,1192126,81,549,1179704,209,13635,1026,601,133292,2378,62871,4134,3712,133350,6233,26.0,66,20,2931839
2025-06-09,192849,4958,1192125,81,549,1179703,209,13635,1026,601,133289,2378,62870,4133,3712,133347,6233,26.0,66,20,2931810
2025-06-08,192849,4958,1192125,81,549,1179703,209,13635,1026,601,133289,2378,62870,4133,3712,133347,6233,26.0,66,20,2931810
2025-06-07,192849,4958,1192125,81,549,1179703,209,13635,1026,601,133289,2378,62870,4133,3712,133347,6233,26.0,66,20,2931810
2025-06-06,192831,4956,1191706,81,549,1179702,209,13635,1026,601,133274,2378,62869,4133,3712,133347,6233,26.0,66,20,2931354
2025-06-05,192824,4951,1191708,81,549,1179702,209,13635,1026,601,133220,2378,62868,4133,3712,133347,6233,26.0,66,20,2931289
2025-06-04,192822,4947,1191708,81,548,1179702,209,13632,1028,601,133219,2378,62863,4133,3712,133325,6233,26.0,66,20,2931253
2025-06-03,192683,4938,1191706,81,547,1179697,209,13632,1029,601,133203,2377,62860,4131,3712,133320,6233,26.0,66,20,2931071
2025-06-02,192677,4920,1191473,81,547,1179697,209,13632,1029,601,133178,2376,62848,4129,3709,133320,6233,26.0,66,20,2930771
2025-06-01,192677,4920,1191473,81,547,1179697,209,13632,1029,601,133178,2376,62848,4129,3709,133320,6233,26.0,66,20,2930771
2025-05-31,192571,4920,1191473,81,547,1179697,209,13632,1029,601,133178,2376,62848,4129,3709,133320,6233,26.0,66,20,2930665
2025-05-30,192488,4912,1189564,81,534,1179697,209,13632,1029,600,133083,2376,62814,4119,3709,132934,6233,26.0,66,20,2928126
2025-05-29,192406,4911,1183733,81,527,1179698,209,13632,1027,600,132777,2373,62759,4108,3709,132740,6233,26.0,66,20,2921635
2025-05-28,192212,4908,1181372,81,525,1179698,209,13632,1026,599,132730,2372,62756,4104,3709,132664,6233,26.0,66,20,2918942
2025-05-27,192180,4904,1180031,80,518,1179698,209,13632,1026,599,132618,2371,62747,4100,3709,132526,6233,26.0,66,20,2917293
2025-05-26,192150,4901,1179198,80,514,1179698,209,13632,1025,599,132597,2370,62736,4097,3709,132517,6233,26.0,65,20,2916376
2025-05-23,192052,4897,1179198,80,513,1179698,209,13632,1025,599,132585,2368,62728,4095,3709,132476,6233,26.0,65,20,2916208
2025-05-22,191830,4895,1178756,80,510,1179698,209,13632,1025,599,132528,2365,62712,4091,3709,132469,6233,26.0,65,20,2915452
2025-05-21,191831,4894,1175466,80,509,1179698,209,13632,1025,599,132495,2365,62710,4088,3709,132454,6233,26.0,65,20,2912108
2025-05-20,191829,4893,1175291,80,505,1179698,209,13632,1025,598,132482,2364,62710,4086,3709,132434,6233,26.0,65,20,2911889
2025-05-19,191829,4893,1175291,80,505,1179698,209,13632,1025,598,132483,2364,62708,4086,3709,132434,6233,26.0,65,20,2911888
2025-05-18,191829,4893,1175291,80,505,1179698,209,13632,1025,598,132483,2364,62708,4086,3709,132434,6233,26.0,65,20,2911888
2025-05-17,191829,4893,1175291,80,505,1179698,209,13632,1025,598,132483,2364,62708,4086,3709,132434,6233,26.0,65,20,2911888
2025-05-16,191780,4892,1175293,80,505,1179698,209,13627,1025,598,132477,2362,62707,4084,3689,132428,6233,26.0,65,20,2911798
2025-05-15,191761,4886,1174884,80,505,1179698,209,13627,1025,598,132471,2358,62706,4077,3682,132416,6233,26.0,65,20,2911327
2025-05-14,191743,4884,1174886,80,504,1179696,209,13627,1025,598,132470,2358,62702,4076,3672,132418,6233,26.0,65,20,2911292
2025-05-13,191736,4883,1174886,80,504,1179697,209,13627,1025,598,132462,2355,62701,4072,3654,132419,6233,26.0,65,20,2911252
2025-05-12,191688,4881,1174856,80,504,1179954,209,13627,1025,598,132323,2354,62646,4071,3646,132418,6233,26.0,65,20,2911224
2025-05-11,191688,4881,1174856,80,504,1179954,209,13627,1025,598,132323,2354,62646,4071,3646,132418,6233,26.0,65,20,2911224
2025-05-10,191688,4881,1174856,80,504,1179954,209,13627,1025,598,132323,2354,62646,4071,3646,132418,6233,26.0,65,20,2911224
2025-05-09,191657,4881,1174848,80,504,1179952,209,13627,1025,598,132258,2354,62642,4070,3640,132334,6233,26.0,65,20,2911023
2025-05-08,191637,4879,1173699,80,504,1179952,209,13627,1025,598,132254,2353,62642,4069,3635,132333,6233,26.0,65,20,2909840
2025-05-07,191693,4871,1173604,80,503,1179900,209,13627,1025,598,132228,2342,62620,4069,3635,132332,6233,26.0,65,20,2909680
2025-05-06,191468,4865,1173315,80,502,1179845,209,13627,1025,598,132190,2342,62539,4069,3630,132331,6233,26.0,65,20,2908979
2025-05-05,191447,4857,1173315,80,501,1179845,209,13627,1025,598,132183,2342,62531,4069,3630,132332,6233,26.0,65,20,2908935
2025-05-04,191447,4857,1173315,80,501,1179845,209,13627,1025,598,132183,2342,62531,4069,3630,132332,6233,26.0,65,20,2908935
2025-05-03,191446,4857,1173315,80,501,1179845,209,13627,1025,598,132183,2342,62531,4069,3630,132332,6233,26.0,65,20,2908934
2025-05-02,191443,4846,1173291,80,499,1179748,209,13627,1025,598,132154,2340,62529,4068,3629,132331,6233,26.0,65,20,2908761
2025-05-01,191416,4824,1173286,80,498,1167442,209,13627,1025,598,132019,2338,62500,4064,3626,132226,6233,26.0,65,20,2896122
2025-04-30,190922,4815,1173003,80,497,1162967,209,13624,1023,598,131525,2336,62425,4058,3622,131589,6233,26.0,65,20,2889637
2025-04-29,190688,4808,1172985,80,497,1152162,207,13622,1023,598,131059,2334,62342,4051,3619,131162,6233,26.0,65,20,2877581
2025-04-26,190688,4806,1172986,80,497,1149666,207,13571,1022,598,130787,2334,62266,4049,3616,130985,6233,26.0,65,20,2874502
2025-04-25,190530,4803,1173004,80,497,1148426,207,13508,1021,598,130694,2332,62262,4044,3616,130938,6233,26.0,65,20,2872904
2025-04-24,190509,4801,1172980,80,497,1148394,207,13477,1018,598,130601,2331,62252,4040,3615,130876,6233,26.0,65,20,2872620
2025-04-23,190358,4801,1172926,80,497,1148160,207,13476,1015,598,130561,2331,62243,4039,3611,130803,6233,26.0,65,20,2872050
2025-04-22,190247,4795,1172897,80,497,1148143,207,13473,1014,598,130557,2328,62240,4035,3611,130774,6233,26.0,65,20,2871840
2025-04-21,190247,4795,1172897,80,497,1148143,207,13473,1014,598,130557,2328,62240,4035,3611,130774,6233,26.0,65,20,2871840
2025-04-20,190247,4795,1172897,80,497,1148143,207,13473,1014,598,130557,2328,62240,4035,3611,130774,6233,26.0,65,20,2871840
2025-04-18,190247,4795,1172897,80,497,1148143,207,13473,1014,598,130557,2328,62240,4035,3611,130774,6233,26.0,65,20,2871840
2025-04-17,190247,4792,1172891,80,496,1148042,207,13473,1013,598,130557,2327,62240,4034,3611,130765,6233,26.0,65,20,2871717
2025-04-16,190200,4785,1172848,80,495,1148036,207,13471,1013,598,130554,2327,62235,4034,3605,130722,6233,26.0,65,20,2871554
2025-04-15,190001,4780,1172841,80,493,1148036,207,13470,1011,598,130552,2326,62234,4033,3602,130722,6233,26.0,65,20,2871330
2025-04-14,189935,4776,1172841,80,493,1147926,207,13461,1011,598,130551,2324,62234,4030,3602,130724,6233,26.0,65,20,2871137
2025-04-13,189935,4776,1172841,80,493,1147926,207,13461,1011,598,130551,2324,62234,4030,3602,130722,6233,26.0,65,20,2871135
2025-04-12,189935,4776,1172841,80,493,1147926,207,13461,1011,598,130551,2324,62234,4030,3602,130722,6233,26.0,65,20,2871135
2025-04-11,189818,4773,1172844,80,493,1147737,212,13461,1011,597,130551,2323,62233,4029,3599,130699,6233,26.0,65,20,2870804
2025-04-10,189797,4769,1172833,80,493,1147737,212,13461,1011,597,130540,2321,62233,4026,3596,130695,6233,26.0,65,20,2870745
2025-04-09,189773,4767,1172833,80,493,1147737,212,13460,1010,597,130540,2321,62223,4026,3596,130695,6233,26.0,65,20,2870707
2025-04-08,189772,4764,1172834,80,493,1147732,212,13457,1010,597,130535,2321,62223,4026,3592,130692,6233,26.0,65,20,2870684
2025-04-07,189770,4761,1172688,80,493,1147733,211,13447,1007,597,130509,2321,62223,4025,3592,130680,6233,26.0,65,20,2870481
2025-04-06,189770,4761,1172688,80,493,1147733,211,13447,1007,597,130509,2321,62223,4025,3592,130680,6233,26.0,65,20,2870481
2025-04-05,189770,4761,1172688,80,493,1147733,211,13447,1007,597,130509,2321,62223,4025,3592,130680,6233,26.0,65,20,2870481
2025-04-04,189770,4758,1172647,80,492,1147732,211,13447,1005,597,130477,2319,62214,4025,3588,130680,6233,26.0,65,20,2870386
2025-04-03,189758,4757,1172640,80,492,1147732,211,13417,1004,597,130447,2319,62214,4024,3584,130681,6233,26.0,65,20,2870301
2025-04-02,189757,4752,1172631,80,492,1147729,211,13416,1004,597,130403,2318,62146,4013,3584,130661,6233,26.0,65,20,2870138
2025-04-01,189735,4739,1172631,80,487,1147728,211,13415,1004,597,130212,2316,62105,4010,3563,130614,6233,26.0,65,20,2869791
2025-03-31,189673,4729,1172632,80,487,1147729,211,13415,1004,597,130079,2315,62088,4006,3560,129985,6233,26.0,65,20,2868934
2025-03-30,189673,4729,1172632,80,487,1147729,211,13415,1004,597,130079,2315,62088,4006,3560,129985,6233,26.0,65,20,2868934
2025-03-29,189673,4729,1172632,80,487,1147729,211,13415,1004,597,130064,2315,62052,4006,3560,129909,6233,26.0,65,20,2868807
2025-03-28,189566,4727,1172615,80,487,1147729,211,13413,1004,597,129947,2314,62037,3996,3560,129202,6233,26.0,65,20,2867829
2025-03-27,189542,4710,1172616,80,487,1147729,211,13412,1000,597,129508,2312,61967,3988,3560,129028,6233,26.0,65,20,2867091
2025-03-26,189494,4708,1172593,80,487,1147731,211,13411,1000,597,129371,2311,61949,3987,3560,128946,6233,26.0,65,20,2866780
2025-03-25,189271,4735,1172594,80,487,1147755,211,13411,1000,597,129283,2309,61895,3980,3560,128906,6233,26.0,65,20,2866418
2025-03-24,189540,4731,1172589,80,487,1147718,211,13411,1000,597,129271,2308,61884,3977,3560,128841,6233,26.0,65,20,2866549
2025-03-23,189540,4731,1172589,80,487,1147718,211,13411,1000,597,129271,2308,61884,3977,3560,128841,6233,26.0,65,20,2866549
2025-03-22,189540,4731,1172589,80,487,1147718,211,13411,1000,597,129271,2308,61884,3977,3560,128841,6233,26.0,65,20,2866549
2025-03-21,189484,4725,1172588,80,487,1147718,211,13406,1000,597,129265,2308,61879,3973,3552,128841,6233,26.0,65,20,2866458
2025-03-20,189478,4724,1172575,80,487,1147718,211,13403,1000,597,129248,2308,61879,3971,3552,128841,6233,26.0,65,20,2866416
2025-03-19,189376,4712,1172569,80,487,1147718,211,13403,1000,596,129247,2307,61881,3969,3552,128840,6233,26.0,65,20,2866292
2025-03-18,189128,4707,1172568,80,487,1147815,211,13403,1000,596,129244,2306,61881,3967,3552,128827,6233,26.0,65,20,2866116
2025-03-17,189126,4696,1172569,80,487,1147815,211,13402,1000,596,129243,2306,61881,3967,3552,128789,6233,26.0,65,20,2866064
2025-03-16,189126,4696,1172569,80,487,1147815,211,13402,1000,596,129243,2306,61881,3967,3552,128789,6233,26.0,65,20,2866064
2025-03-15,189126,4696,1172569,80,487,1147815,211,13402,1000,596,129243,2306,61881,3967,3552,128789,6233,26.0,65,20,2866064
2025-03-14,189073,4696,1172569,80,487,1147874,211,13401,1000,596,129243,2305,61881,3966,3552,128772,6233,26.0,64,20,2866049
2025-03-13,189072,4690,1172567,80,487,1147877,211,13401,999,596,129231,2304,61881,3965,3552,128723,6233,26.0,64,20,2865979
2025-03-12,189058,4686,1172567,80,486,1147822,211,13401,999,596,129187,2304,61839,3965,3552,128721,6233,26.0,64,20,2865817
2025-03-11,188997,4679,1172567,80,486,1147829,211,13401,998,596,129183,2304,61839,3964,3552,128705,6233,26.0,64,20,2865734
2025-03-10,188943,4677,1172572,80,486,1147830,211,13401,998,596,129183,2304,61839,3964,3552,128684,6233,26.0,64,20,2865663
2025-03-09,188943,4677,1172572,80,486,1147830,211,13401,998,596,129183,2304,61839,3964,3552,128684,6233,26.0,64,20,2865663
2025-03-08,188943,4677,1172572,80,486,1147830,211,13401,998,596,129183,2304,61839,3964,3552,128684,6233,26.0,64,20,2865663
2025-03-07,188935,4677,1172572,80,486,1147830,211,13401,998,596,129183,2304,61839,3964,3552,128684,6233,26.0,64,20,2865655
2025-03-06,188832,4676,1172572,80,486,1147829,211,13401,998,596,129139,2302,61838,3962,3552,128682,6233,26.0,64,20,2865499
2025-03-05,188832,4671,1172573,80,486,1147829,211,13401,998,596,129133,2301,61829,3961,3548,128680,6233,26.0,64,20,2865472
2025-03-04,188802,4653,1172567,80,486,1147891,211,13401,998,596,129130,2298,61829,3960,3540,128668,6233,26.0,64,20,2865453
2025-03-03,188596,4640,1172567,80,486,1147475,211,13401,998,596,129100,2295,61822,3944,3540,128659,6233,26.0,63,20,2864752
2025-03-02,188596,4640,1172567,80,486,1147475,211,13401,998,596,129100,2295,61822,3944,3540,128659,6233,26.0,63,20,2864752
2025-03-01,188479,4640,1172327,80,486,1147475,211,13401,998,596,129085,2295,61798,3944,3540,128659,6233,26.0,63,20,2864356
2025-02-28,188296,4634,1172315,80,486,1147475,211,13401,998,596,128755,2291,61765,3940,3540,128001,6233,26.0,63,20,2863126
2025-02-27,188110,4629,1172316,80,486,1147475,211,13401,998,596,128509,2291,61722,3935,3540,127730,6233,26.0,63,20,2862371
2025-02-26,187985,4624,1172230,80,486,1147474,211,13401,998,596,128361,2289,61710,3931,3540,127647,6233,26.0,63,20,2861905
2025-02-25,187888,4622,1172220,80,484,1147474,211,13401,998,596,128264,2289,61676,3923,3540,127420,6233,26.0,63,20,2861428
2025-02-24,187887,4620,1172238,80,484,1147474,211,13401,998,596,128237,2285,61667,3918,3534,127351,6233,26.0,63,20,2861323
2025-02-23,187887,4620,1172238,80,484,1147474,211,13401,998,596,128237,2285,61667,3918,3534,127351,6233,26.0,63,20,2861323
2025-02-22,187887,4620,1172238,80,484,1147474,211,13401,998,596,128237,2285,61667,3918,3534,127351,6233,26.0,63,20,2861323
2025-02-21,187887,4619,1172199,80,484,1147474,211,13401,998,596,128230,2285,61663,3915,3534,127331,6233,26.0,63,20,2861249
2025-02-20,187877,4615,1172216,80,484,1147474,211,13401,998,596,128212,2283,61652,3912,3515,127320,6233,26.0,63,20,2861188
2025-02-19,188007,4612,1172216,80,484,1147474,211,13401,998,596,128182,2280,61652,3907,3515,127300,6233,26.0,63,20,2861257
2025-02-18,187838,4612,1172217,80,484,1147474,211,13401,998,596,128165,2279,61652,3905,3512,127301,6233,26.0,63,20,2861067
2025-02-17,187797,4609,1167440,80,484,1147474,211,13401,998,596,128165,2276,61652,3902,3512,127301,6233,26.0,63,20,2856240
2025-02-16,187797,4609,1167440,80,484,1147474,211,13401,998,596,128165,2276,61652,3902,3512,127301,6233,26.0,63,20,2856240
2025-02-15,187797,4609,1167440,80,484,1147474,211,13401,998,596,128165,2276,61652,3902,3512,127301,6233,26.0,63,20,2856240
2025-02-14,187691,4609,1167461,80,484,1147474,211,13401,998,596,128164,2294,61647,3954,3505,127298,6233,26.0,63,20,2856209
2025-02-13,187686,4608,1167461,80,484,1147474,211,13401,998,596,128162,2293,61647,3954,3494,127252,6233,,63,20,2856117
2025-02-12,187658,4604,1167428,80,484,1147443,211,12365,998,596,128160,2293,61647,3954,3483,127251,6233,,63,20,2854971
2025-02-11,187552,4591,1167428,80,484,1147442,211,12365,998,596,128138,2291,61645,3946,3476,127251,6233,,63,20,2854810
2025-02-10,187547,4589,1167428,80,484,1147441,211,12365,998,596,128129,2290,61645,3945,3466,127191,6233,,63,20,2854721
2025-02-09,187547,4589,1167428,80,484,1147441,211,12365,998,596,128129,2290,61645,3945,3466,127191,6233,,63,20,2854721
2025-02-08,187543,4589,1167428,80,484,1147441,211,12365,998,596,128129,2290,61645,3945,3466,127191,6233,,63,20,2854717
2025-02-07,187536,4587,1167368,80,484,1147441,211,12363,998,596,128136,2290,61646,3945,3463,127191,6233,,63,20,2854651
2025-02-06,187525,4584,1167368,80,484,1147450,211,12363,997,596,128136,2289,61646,3944,3458,127148,6233,,63,20,2854595
2025-02-05,187519,4581,1167303,80,484,1147298,211,12363,997,596,128116,2284,61641,3942,3453,127146,6233,,63,20,2854330
2025-02-04,187502,4568,1167303,80,484,1147319,211,12362,997,596,128110,2283,61638,3941,3446,127116,6233,,63,20,2854272
2025-02-03,187494,4558,1167224,80,484,1147170,211,12362,997,596,127942,2282,61605,3940,3438,127104,6233,,63,20,2853803
2025-02-02,187494,4558,1167224,80,484,1147170,211,12362,997,596,127942,2282,61605,3940,3438,127104,6233,,63,20,2853803
2025-02-01,187494,4557,1167224,80,484,1147170,211,12362,997,596,127942,2282,61605,3940,3438,127104,6233,,63,20,2853802
2025-01-31,187221,4553,1164892,80,484,1144038,211,12362,997,596,127811,2280,61588,3931,3438,126953,6233,,63,20,2847751
2025-01-30,187161,4550,1151846,80,484,1131658,210,12345,994,596,127525,2279,61511,3928,3438,126385,6233,,63,20,2821306
2025-01-29,186911,4548,1150759,79,484,1127488,208,12344,994,596,126857,2279,61382,3922,3438,126072,6233,,63,20,2814677
2025-01-28,186759,4546,1149312,79,484,1123574,208,12330,992,596,126761,2278,61344,3921,3435,125906,6233,,63,20,2808841
2025-01-27,186519,4545,1148034,79,484,1119703,208,12300,989,596,126570,2277,61290,3928,3435,125708,6233,,63,20,2802981
2025-01-26,186519,4543,1148034,79,484,1119703,208,12300,989,596,126570,2277,61290,3928,3435,125708,6233,,63,20,2802979
2025-01-25,186519,4543,1148034,79,484,1119703,208,12300,989,596,126570,2277,61290,3928,3435,125708,6233,,63,20,2802979
2025-01-24,186479,4542,1147546,79,484,1119551,208,12299,988,596,126529,2277,61242,3925,3431,125708,6233,,63,20,2802200
2025-01-23,186438,4550,1147404,79,484,1119308,208,12298,988,596,126497,2277,61243,3923,3422,125664,6233,,63,20,2801695
2025-01-22,186431,4546,1146756,79,484,1119296,208,12236,987,596,126492,2276,61242,3921,3422,125661,6233,,63,20,2800949
2025-01-21,186234,4543,1146720,79,484,1119296,208,12236,984,596,126464,2276,61238,3919,3422,125660,6233,,63,20,2800675
2025-01-20,186233,4541,1146686,79,484,1119295,208,12234,982,596,126461,2272,61238,3915,3422,125646,6233,,63,20,2800608
2025-01-19,186233,4541,1146686,79,484,1119295,208,12228,982,596,126461,2272,61238,3915,3422,125646,6233,,63,20,2800602
2025-01-18,186233,4541,1146686,79,484,1119295,208,12228,982,596,126461,2272,61238,3915,3422,125646,6233,,63,20,2800602
2025-01-17,186205,4540,1146683,79,484,1119208,208,12228,982,595,126352,2272,61228,3914,3419,125646,6227,,63,20,2800353
2025-01-16,186155,4538,1146687,79,484,1119207,208,12228,982,595,126352,2272,61228,3914,3419,125646,5957,,63,20,2800034
2025-01-15,186048,4505,1146680,79,484,1119207,208,12227,982,595,126318,2270,61220,3911,3410,125577,5826,,63,20,2799630
2025-01-14,186048,4504,1146402,79,484,1119206,208,12214,980,591,126296,2270,61220,3899,3410,125567,5813,,63,20,2799274
2025-01-13,186031,4495,1146403,79,484,1119198,208,12209,980,590,126296,2270,61220,3899,3410,125551,5813,,63,20,2799219
2025-01-12,186031,4495,1146403,79,484,1119198,208,12209,980,590,126296,2270,61220,3899,3410,125551,5813,,63,20,2799219
2025-01-11,186031,4495,1146403,79,484,1119198,208,12209,980,590,126296,2270,61220,3899,3410,125551,5813,,63,20,2799219
2025-01-10,186029,4491,1146402,79,484,1119198,208,12183,979,594,126297,2270,61220,3899,3410,125552,5809,,63,20,2799187
2025-01-09,186007,4486,1146355,79,484,1119199,208,12182,979,594,126269,2270,61214,3898,3407,125551,5808,,63,20,2799073
2025-01-08,185962,4483,1146352,79,484,1119199,208,12182,979,589,126254,2270,61212,3898,3407,125551,5800,,63,20,2798992
2025-01-07,185956,4477,1146352,79,484,1119197,208,12173,979,589,126238,2270,61193,3898,3407,125469,5800,,63,20,2798852
2025-01-06,185896,4468,1146342,79,484,1119181,208,12171,977,589,126214,2269,61193,3894,3407,125486,5800,,63,20,2798741
2025-01-05,185896,4468,1146342,79,484,1119181,208,12171,977,589,126214,2269,61193,3894,3407,125486,5800,,63,20,2798741
2025-01-04,185896,4467,1146342,79,484,1119181,208,12171,977,589,126214,2269,61193,3894,3407,125486,5800,,63,20,2798740
2025-01-03,185759,4464,1146313,79,484,1119182,208,12171,975,589,126161,2268,61193,3892,3407,125421,5800,,63,20,2798449
2025-01-02,185759,4457,1146313,79,484,1119182,208,12170,974,588,126154,2268,61190,3892,3407,125386,5800,,63,20,2798394
2025-01-01,185759,4457,1146313,79,484,1119182,208,12170,974,588,126154,2268,61190,3892,3407,125386,5800,,63,20,2798394
2024-12-31,185752,4456,1146310,79,484,1119182,208,12170,974,588,126016,2268,61179,3891,3401,125133,5800,,63,20,2797974
2024-12-30,185546,4455,1145195,79,484,1119182,208,12170,974,588,125866,2266,61155,3888,3401,124546,5800,,63,20,2795886
2024-12-29,185546,4455,1145195,79,484,1119182,208,12170,974,588,125834,2266,61120,3888,3401,124464,5800,,63,20,2795737
2024-12-28,185546,4455,1145195,79,484,1119182,208,12170,974,588,125834,2266,61120,3888,3401,124448,5800,,63,20,2795721
2024-12-27,185545,4455,1142501,79,484,1119182,208,12170,974,588,125548,2265,61073,3883,3401,124322,5800,,63,20,2792561
2024-12-26,185545,4455,1142501,79,484,1119182,208,12170,974,588,125548,2265,61068,3883,3401,124322,5800,,63,20,2792556
2024-12-25,185545,4455,1142501,79,484,1119182,208,12170,974,588,125548,2265,61068,3883,3401,124322,5800,,63,20,2792556
2024-12-24,185417,4454,1142501,79,484,1119182,208,12170,974,588,125482,2265,61045,3879,3401,124071,5800,,63,20,2792083
2024-12-23,185205,4449,1142501,79,484,1119181,208,12170,974,588,125261,2262,61009,3871,3401,123831,5800,,63,20,2791357
2024-12-22,185205,4449,1142501,79,484,1119181,208,12170,974,588,125261,2262,61009,3871,3401,123831,5800,,63,20,2791357
2024-12-21,185205,4449,1142501,79,484,1119181,208,12170,974,588,125261,2262,61009,3871,3401,123831,5800,,63,20,2791357
2024-12-20,185146,4449,1142456,79,484,1119181,208,12150,974,587,125188,2261,61001,3868,3401,123693,5800,,63,20,2791009
2024-12-19,184993,4443,1142454,79,484,1119181,208,12090,974,585,125003,2260,60968,3863,3399,123671,5800,,63,20,2790538
2024-12-18,184845,4442,1142453,79,484,1119181,208,12085,974,577,124985,2260,60963,3863,3399,123648,5800,,63,20,2790329
2024-12-17,184791,4437,1142208,79,484,1119181,208,12085,974,557,124947,2257,60963,3859,3399,123625,5800,,63,20,2789937
2024-12-16,184725,4432,1142208,79,484,1119181,208,12084,974,556,124928,2254,60952,3856,3399,123571,5800,,63,20,2789774
2024-12-15,184725,4432,1142208,79,484,1119181,208,12084,974,556,124928,2254,60952,3856,3399,123571,5800,,63,20,2789774
2024-12-14,184725,4432,1142208,79,484,1119181,208,12084,974,556,124928,2254,60952,3856,3399,123571,5800,,63,20,2789774
2024-12-13,184726,4432,1142215,79,484,1119181,208,12084,974,556,124906,2254,60915,3856,3399,123544,5800,,63,20,2789696
2024-12-12,184721,4427,1142210,79,484,1119079,208,12084,974,555,124897,2254,60912,3855,3399,123545,5800,,63,20,2789566
2024-12-11,184704,4420,1142197,79,484,1119078,208,12084,974,555,124882,2253,60912,3852,3399,123539,5800,,63,20,2789503
2024-12-10,184634,4407,1142165,79,484,1118728,208,12084,974,555,124853,2253,60912,3852,3399,123533,5800,,62,20,2789002
2024-12-09,184631,4404,1142163,79,484,1118728,208,12084,974,555,124847,2253,60907,3852,3399,123527,5800,,62,20,2788977
2024-12-08,184631,4404,1142163,79,484,1118728,208,12084,974,555,124847,2253,60907,3852,3399,123527,5800,,62,20,2788977
2024-12-07,184631,4404,1142163,79,484,1118728,208,12084,974,555,124847,2253,60907,3852,3399,123527,5800,,62,20,2788977
2024-12-06,184602,4403,1142160,79,484,1118728,208,12084,974,555,124795,2251,60904,3851,3399,123526,5800,,62,20,2788885
2024-12-05,184497,4364,1142159,79,484,1118728,208,12084,974,555,125084,2251,60903,3851,3399,123523,5800,,62,20,2789025
2024-12-04,184493,4357,1142147,79,484,1118728,208,12083,974,555,125060,2251,60899,3851,3399,123512,5800,,62,20,2788962
2024-12-03,184310,4344,1142146,78,484,1118728,208,12083,974,555,125047,2248,60886,3848,3379,123496,5800,,62,20,2788696
2024-12-02,184291,4332,1142146,78,484,1118728,208,12082,972,555,125024,2247,60883,3847,3379,123368,5800,,62,20,2788506
2024-12-01,184291,4332,1142146,78,484,1118728,208,12082,972,555,125024,2247,60880,3847,3379,123368,5800,,62,20,2788503
2024-11-30,184291,4332,1142146,78,484,1118728,208,12082,972,555,125024,2246,60817,3847,3379,123361,5800,,62,20,2788432
2024-11-29,183982,4318,1141304,78,484,1118728,208,12082,971,555,124411,2244,60718,3839,3379,122183,5800,,62,20,2785366
2024-11-28,183651,4315,1141300,78,484,1118727,208,12082,971,555,123879,2243,60660,3834,3379,121802,5800,,62,20,2784050
2024-11-27,183630,4307,1141295,78,484,1118727,208,12082,971,555,123799,2238,60631,3828,3375,121745,5800,,62,20,2783835
2024-11-26,183501,4306,1141278,78,484,1118729,208,12082,971,555,123652,2238,60580,3824,3375,121666,5800,,61,20,2783408
2024-11-25,183426,4301,1141278,78,484,1118729,208,12082,971,555,123626,2238,60575,3824,3372,121598,5800,,61,20,2783226
2024-11-24,183426,4301,1141278,78,484,1118729,208,12082,971,555,123626,2238,60575,3824,3372,121598,5800,,61,20,2783226
2024-11-23,183426,4301,1141278,78,484,1118729,208,12082,971,555,123626,2238,60575,3824,3372,121598,5800,,61,20,2783226
2024-11-22,183356,4301,1141276,78,484,1118730,208,12082,971,555,123583,2238,60575,3821,3372,121568,5800,,61,20,2783079
2024-11-21,183287,4301,1141278,78,484,1118598,208,12082,971,554,123431,2238,60565,3820,3372,121545,5800,,61,20,2782693
2024-11-20,183287,4300,1141278,78,484,1118598,208,12082,971,554,123424,2238,60564,3820,3365,121486,5800,,61,20,2782618
2024-11-19,183237,4299,1141274,78,484,1118598,208,12078,971,553,123407,2238,60563,3820,3365,121461,5800,,61,20,2782515
2024-11-18,183151,4292,1141218,78,484,1118598,208,12078,971,553,123385,2238,60559,3819,3362,121452,5800,,61,20,2782327
2024-11-17,183151,4292,1141218,78,484,1118598,208,12078,971,553,123385,2238,60559,3819,3362,121452,5800,,61,20,2782327
2024-11-16,183151,4292,1141218,78,484,1118598,208,12078,971,553,123385,2238,60559,3819,3362,121452,5800,,61,20,2782327
2024-11-15,183138,4292,1141218,78,484,1118598,208,12078,971,552,123382,2237,60552,3818,3354,121453,5800,,61,20,2782294
2024-11-14,183117,4287,1141218,78,484,1118597,208,12077,970,551,123312,2232,60422,3815,3351,121450,5800,,61,20,2782050
2024-11-13,183115,4285,1141203,78,484,1118597,208,12076,970,551,123289,2232,60412,3815,3344,121448,5800,,61,20,2781988
2024-11-12,183039,4279,1141162,78,484,1118595,208,12076,970,551,123284,2232,60409,3813,3334,121447,5800,,61,20,2781842
2024-11-11,183039,4279,1141162,78,484,1118595,208,12076,970,551,123284,2232,60409,3813,3334,121447,5800,,61,20,2781842
2024-11-10,183039,4279,1141162,78,484,1118595,208,12076,970,551,123284,2232,60409,3813,3334,121447,5800,,61,20,2781842
2024-11-09,183039,4279,1141162,78,484,1118595,208,12076,970,551,123284,2232,60409,3813,3334,121447,5800,,61,20,2781842
2024-11-08,183039,4278,1141162,78,484,1099371,208,12076,970,551,123267,2232,60409,3813,3331,121442,5800,,61,20,2762592
2024-11-07,183014,4274,1141194,78,484,1099373,208,12076,970,551,123267,2232,60407,3813,3331,121436,5800,,61,20,2762589
2024-11-06,182963,4273,1140810,78,484,1094256,208,12076,970,551,123229,2232,60407,3812,3331,121424,5800,,55,20,2756979
2024-11-05,182964,4264,1140811,78,484,1119883,208,12074,970,549,123202,2227,60401,3809,3326,121427,5800,,55,20,2782552
2024-11-04,182959,4248,1140810,78,484,1119775,208,12074,970,548,123193,2226,60400,3806,3315,121429,5800,,55,20,2782398
2024-11-03,182959,4248,1140810,78,484,1119775,208,12074,970,548,123193,2226,60400,3806,3315,121429,5800,,55,20,2782398
2024-11-02,182959,4248,1140810,78,484,1119775,208,12074,970,548,123193,2226,60400,3806,3315,121429,5800,,55,20,2782398
2024-11-01,182847,4239,1140789,78,484,1119775,208,12074,968,548,123176,2226,60398,3805,3312,121364,5800,,55,20,2782166
2024-10-31,182567,4236,1137624,78,484,1110925,208,12069,966,548,122870,2225,60306,3802,3306,121026,5800,,55,20,2769115
2024-10-30,182444,4234,1127347,78,484,1097310,208,12069,964,547,122703,2223,60249,3797,3306,120466,5800,,55,20,2744304
2024-10-29,182384,4233,1123889,78,484,1066841,207,11898,961,544,122408,2221,60207,3791,3306,120202,5800,,55,20,2709529
2024-10-28,182323,4227,1122782,78,484,1064543,207,11894,960,544,122048,2220,60143,3787,3303,120065,5800,,55,20,2705483
2024-10-27,182323,4227,1122782,78,484,1064543,207,11894,960,544,122048,2220,60143,3787,3303,120065,5800,,55,20,2705483
2024-10-26,182323,4227,1122782,78,484,1064543,207,11894,960,544,122048,2220,60143,3787,3303,120065,5800,,55,20,2705483
2024-10-25,182158,4227,1122419,78,484,1064524,207,11890,960,542,122014,2220,60138,3787,3301,119939,5800,,55,20,2704763
2024-10-24,182052,4227,1122310,78,484,1064492,207,11890,959,539,121952,2215,60138,3775,3301,119895,5800,,55,20,2704389
2024-10-23,182010,4227,1122284,78,484,1064275,207,11885,956,539,121932,2215,60134,3773,3301,119884,5800,,55,20,2704059
2024-10-22,182010,4225,1122209,78,484,1064267,207,11822,955,538,121932,2214,60134,3772,3301,119861,5800,,55,20,2703884
2024-10-21,181999,4222,1122209,78,484,1064267,207,11821,955,538,121929,2214,60134,3772,3301,119798,5800,,55,20,2703803
2024-10-20,181999,4222,1122209,78,484,1064267,207,11821,955,538,121929,2214,60134,3772,3301,119798,5800,,55,20,2703803
2024-10-19,181999,4222,1122209,78,484,1064267,207,11821,955,538,121929,2214,60134,3772,3301,119798,5800,,55,20,2703803
2024-10-18,181998,4221,1122094,78,484,1064267,207,11820,955,538,121929,2213,60134,3771,3301,119799,5800,,55,20,2703684
2024-10-17,181948,4220,1122079,78,484,1064267,206,11820,954,537,121917,2212,60133,3771,3286,119783,5800,,55,20,2703570
2024-10-16,181941,4218,1122068,78,484,1064266,206,11820,954,536,121892,2211,60131,3771,3283,119770,5800,,55,20,2703504
2024-10-15,181932,4218,1122068,78,484,1063837,206,11820,954,535,121888,2208,60125,3766,3283,119770,5800,,55,20,2703047
2024-10-14,181932,4218,1122063,78,484,1063837,206,11820,954,535,121888,2208,60125,3766,3283,119770,5800,,55,20,2703042
2024-10-13,181932,4218,1122063,78,484,1063837,206,11820,954,535,121888,2208,60125,3766,3283,119770,5800,,55,20,2703042
2024-10-12,181932,4218,1122063,78,484,1063837,206,11820,954,535,121888,2208,60125,3766,3283,119770,5800,,55,20,2703042
2024-10-11,181911,4217,1121814,78,484,1063837,206,11819,954,534,121885,2208,60121,3766,3283,119747,5800,,55,20,2702739
2024-10-10,181746,4211,1121819,78,484,1063837,206,11819,954,534,121869,2207,60121,3765,3279,119742,5800,,55,20,2702546
2024-10-09,181715,4201,1121819,78,484,1063837,206,11819,954,534,121869,2206,60120,3764,3279,119742,5800,,55,20,2702502
2024-10-08,181709,4185,1121805,78,484,1063837,205,11818,953,534,121875,2205,60120,3762,3279,119654,5800,,55,20,2702378
2024-10-07,181660,4181,1121807,78,484,1063837,205,11768,952,532,121872,2202,60120,3759,3279,119545,5800,,55,20,2702156
2024-10-06,181660,4181,1121807,78,484,1063837,205,11768,952,532,121872,2202,60120,3759,3279,119545,5800,,55,20,2702156
2024-10-05,181660,4181,1121807,78,484,1063837,205,11768,952,532,121872,2202,60120,3759,3279,119545,5800,,55,20,2702156
2024-10-04,181660,4180,1121701,78,484,1063836,205,11758,952,530,121833,2201,60120,3758,3275,119545,5800,,55,20,2701991
2024-10-03,181588,4173,1121697,78,484,1063841,205,11758,952,527,121785,2200,60119,3755,3275,119546,5800,,55,20,2701858
2024-10-02,181437,4151,1121728,78,484,1063841,205,11757,950,527,121772,2199,60112,3755,3275,119525,5800,,55,20,2701671
2024-10-01,181352,4140,1121726,78,484,1063841,205,11750,949,527,121669,2198,60108,3754,3275,119361,5800,,55,20,2701292
2024-09-30,181352,4139,1121726,78,484,1063841,205,11750,949,527,121669,2198,60103,3754,3275,119310,5800,,55,20,2701235
2024-09-29,181352,4139,1121726,78,484,1063841,205,11750,949,527,121661,2198,60098,3754,3275,119268,5800,,55,20,2701180
2024-09-28,181352,4139,1121726,78,484,1063841,205,11750,949,527,121661,2198,60098,3754,3275,119268,5800,,55,20,2701180
2024-09-27,180941,4129,1121706,78,484,1063841,205,11750,949,527,121228,2193,60026,3739,3275,118416,5800,,55,20,2699362
2024-09-26,180699,4124,1121705,78,484,1063841,205,11750,949,527,120964,2191,59991,3732,3275,118328,5800,,55,20,2698718
2024-09-25,180543,4123,1121704,78,484,1063841,205,11747,949,526,120839,2188,59894,3724,3275,118228,5800,,55,20,2698223
2024-09-24,180528,4120,1121001,78,482,1063839,205,11746,949,526,120756,2183,59887,3714,3275,118201,5800,,55,20,2697365
2024-09-23,180523,4119,1120987,78,482,1063839,205,11746,949,526,120695,2182,59846,3713,3275,118188,5800,,55,20,2697228
2024-09-22,180523,4119,1120987,78,482,1063839,205,11746,949,526,120695,2182,59846,3713,3275,118188,5800,,55,20,2697228
2024-09-21,180523,4119,1120987,78,482,1063839,205,11746,949,526,120695,2182,59846,3713,3275,118188,5800,,55,20,2697228
2024-09-20,180479,4118,1120988,78,481,1063838,205,11746,949,526,120692,2182,59842,3712,3275,118122,5800,,55,20,2697108
2024-09-19,180473,4116,1120988,78,481,1063838,205,11746,949,526,120690,2182,59842,3709,3275,118098,5800,,55,20,2697071
2024-09-18,180440,4114,1120989,78,481,1063837,205,11746,949,526,120686,2181,59842,3706,3275,118097,5800,,55,20,2697027
2024-09-17,180395,4105,1121001,78,481,1063695,205,11746,949,526,120662,2180,59834,3705,3275,118096,5800,,55,20,2696808
2024-09-16,180293,4094,1120998,78,481,1063688,205,11746,949,526,120663,2180,59833,3705,3275,118092,5800,,55,20,2696681
2024-09-15,180293,4094,1120998,78,481,1063688,205,11746,949,526,120663,2180,59833,3705,3275,118092,5800,,55,20,2696681
2024-09-14,180293,4094,1120998,78,481,1063688,205,11746,949,526,120663,2180,59833,3705,3275,118092,5800,,55,20,2696681
2024-09-13,180273,4089,1119894,78,480,1063672,205,11746,949,522,120641,2177,59833,3702,3275,118087,5800,,55,20,2695498
2024-09-12,180272,4085,1119873,78,480,1063672,205,11746,949,522,120632,2177,59833,3700,3275,118062,5800,,55,20,2695436
2024-09-11,180215,4082,1119581,78,480,1063670,205,11746,949,521,120632,2177,59833,3700,3275,118040,5800,,55,20,2695059
2024-09-10,180209,4081,1119581,78,480,1063670,205,11746,949,520,120605,2177,59816,3700,3271,118030,5800,,55,20,2694993
2024-09-09,180177,4076,1119479,78,480,1063670,205,11746,949,520,120602,2175,59816,3699,3271,118025,5800,,55,20,2694843
2024-09-08,180177,4075,1119479,78,480,1063670,205,11746,949,520,120602,2175,59816,3699,3271,118025,5800,,55,20,2694842
2024-09-07,180177,4075,1119387,78,480,1063670,205,11746,949,520,120602,2175,59816,3699,3271,118025,5800,,55,20,2694750
2024-09-06,180163,4074,1119358,78,480,1063670,205,11746,949,520,120600,2175,59816,3697,3271,118025,5800,,55,20,2694702
2024-09-05,180159,4068,1119349,78,480,1063670,205,11746,949,520,120593,2174,59815,3695,3271,118025,5800,,55,20,2694672
2024-09-04,180050,4068,1119350,78,480,1063670,205,11746,949,520,120531,2173,59812,3694,3271,118024,5800,,55,20,2694496
2024-09-03,179803,4056,1119351,78,480,1063670,205,11746,949,518,120442,2170,59805,3687,3271,118011,5800,,55,20,2694117
2024-09-02,179803,4056,1119351,78,480,1063670,205,11746,949,518,120442,2170,59805,3687,3271,118011,5800,,55,20,2694117
2024-09-01,179803,4056,1119351,78,480,1063670,205,11746,949,518,120442,2170,59805,3687,3271,118011,5800,,55,20,2694117
2024-08-31,179799,4056,1119351,78,480,1063670,205,11746,949,518,120442,2170,59805,3687,3271,118011,5800,,55,20,2694113
2024-08-30,179615,4051,1120569,78,480,1063670,205,11746,949,517,120138,2170,59737,3687,3271,117447,5800,,55,20,2694205
2024-08-29,179484,4049,1120565,78,480,1063667,205,11746,949,517,119808,2169,59649,3682,3271,116845,5797,,55,20,2693036
2024-08-28,179385,4041,1120109,78,480,1063396,205,11746,949,517,119630,2169,59611,3678,3271,116778,5797,,55,20,2691915
2024-08-27,179360,4040,1120111,78,480,1063396,205,11746,949,517,119517,2168,59599,3674,3271,116730,5797,,55,20,2691713
2024-08-26,179360,4038,1120130,78,480,1062825,205,11746,949,517,119425,2168,59570,3642,3268,116575,5797,,55,20,2690848
2024-08-25,179360,4038,1120130,78,480,1062825,205,11746,949,517,119425,2168,59570,3642,3268,116575,5797,,55,20,2690848
2024-08-24,179360,4038,1120130,78,480,1062825,205,11746,949,517,119425,2168,59570,3642,3268,116575,5797,,55,20,2690848
2024-08-23,179244,4036,1120130,78,480,1062712,205,11745,949,517,119400,2168,59567,3640,3268,116370,5797,,55,20,2690381
2024-08-22,179239,4035,1120071,78,480,1062712,205,11745,944,517,119351,2133,59556,3641,3265,116325,5797,,55,20,2690169
2024-08-21,179095,4030,1119928,78,480,1062712,205,11745,944,517,119338,2133,59537,3637,3265,116325,5797,,55,20,2689841
2024-08-20,179088,3993,1119690,78,480,1062712,205,11745,944,517,119258,2133,59523,3635,3265,116325,5797,,55,20,2689463
2024-08-19,179047,3987,1119660,78,479,1062660,205,11744,944,517,119237,2132,59513,3634,3261,116325,5797,,55,20,2689295
2024-08-18,179047,3987,1119660,78,479,1062660,205,11744,944,517,119237,2132,59513,3634,3261,116325,5797,,55,20,2689295
2024-08-17,179047,3987,1119660,78,479,1062660,205,11744,944,517,119237,2132,59513,3634,3261,116325,5797,,55,20,2689295
2024-08-16,179035,3985,1119659,78,479,1062660,205,11744,944,517,119227,2132,59513,3634,3261,116303,5797,,55,20,2689248
2024-08-15,179011,3982,1119654,78,479,1062660,205,11744,944,517,119216,2129,59511,3633,3261,116303,5797,,54,20,2689198
2024-08-14,178966,3970,1119634,78,479,1062660,205,11744,944,517,119192,2128,59506,3633,3246,116305,5797,,54,20,2689078
2024-08-13,178956,3964,1119399,78,479,1062660,205,11744,944,517,119115,2128,59499,3632,3238,116283,5797,,54,20,2688712
2024-08-12,178895,3951,1119400,78,479,1062647,205,11743,944,517,119080,2127,59498,3631,3223,116282,5797,,54,20,2688571
2024-08-11,178895,3951,1119400,78,479,1062647,205,11743,944,517,119080,2127,59498,3631,3223,116282,5797,,54,20,2688571
2024-08-10,178895,3951,1119400,78,479,1062647,205,11743,944,517,119080,2127,59498,3631,3223,116282,5797,,54,20,2688571
2024-08-09,178812,3949,1119299,78,479,1062644,205,11743,944,517,119061,2126,59494,3631,3223,116283,5797,,54,20,2688359
2024-08-08,178682,3948,1119299,78,479,1062644,205,11743,944,517,119047,2124,59493,3628,3223,116283,5797,,54,20,2688208
2024-08-07,178671,3956,1119887,78,479,1062644,205,11742,944,517,119008,2123,59493,3627,3223,116252,5797,,54,20,2688720
2024-08-06,178677,3948,1119777,78,479,1062628,205,11742,944,517,118995,2122,59487,3626,3213,116249,5797,,54,20,2688558
2024-08-05,178676,3948,1119712,78,479,1062628,205,11742,944,517,118984,2122,59485,3626,3213,116249,5797,,54,20,2688479
2024-08-04,178676,3948,1119712,78,479,1062628,205,11742,944,517,118984,2122,59485,3626,3213,116249,5797,,54,20,2688479
2024-08-03,178676,3948,1119712,78,479,1062628,205,11742,944,517,118984,2122,59485,3626,3213,116249,5797,,54,20,2688479
2024-08-02,178675,3945,1119617,78,478,1062628,205,11742,943,517,118957,2122,59485,3626,3213,116246,5797,,54,20,2688348
2024-08-01,178630,3936,1119543,78,477,1059064,205,11660,943,517,118872,2122,59484,3623,3209,116179,5797,,54,20,2684413
2024-07-31,178363,3925,1116901,78,477,1051398,205,11658,941,517,118570,2122,59404,3618,3206,115789,5797,,54,20,2673043
2024-07-30,178133,3923,1106518,78,477,1043131,204,11655,940,517,118277,2122,59353,3615,3202,115263,5797,,54,20,2653279
2024-07-29,178056,3918,1104076,78,477,1033899,203,11653,938,516,117956,2119,59300,3609,3202,114880,5797,,54,20,2640751
2024-07-28,178056,3918,1104076,78,477,1033899,203,11653,938,516,117956,2119,59300,3609,3202,114880,5797,,54,20,2640751
2024-07-27,178056,3918,1104076,78,477,1033899,203,11653,938,516,117956,2119,59300,3609,3202,114880,5797,,54,20,2640751
2024-07-26,177953,3913,1103104,78,477,1033796,203,11637,937,514,117799,2119,59288,3601,3195,114523,5797,,54,20,2639008
2024-07-25,177919,3912,1103013,78,477,1028948,203,11637,935,514,117708,2123,59270,3592,3195,114488,5797,,54,20,2633883
2024-07-24,177855,3909,1102876,78,477,1028913,203,11628,932,514,117690,2102,59265,3566,3195,114460,5797,,54,20,2633534
2024-07-23,177835,3906,1102822,78,477,1028898,203,11598,932,506,116662,2102,59027,3564,3192,114442,5797,,54,20,2632115
2024-07-22,177713,3904,1102804,78,477,1028895,203,11594,931,506,116588,2102,59023,3564,3188,114410,5797,,54,20,2631851
2024-07-21,177713,3904,1102804,78,477,1028895,203,11594,931,506,116588,2102,59023,3564,3188,114410,5797,,54,20,2631851
2024-07-20,177713,3904,1102804,78,477,1028895,203,11594,931,506,116588,2102,59023,3564,3188,114410,5797,,54,20,2631851
2024-07-19,177696,3895,1100932,78,477,1028895,203,11592,931,506,116543,2101,59019,3562,3182,114262,5453,,54,20,2629401
2024-07-18,177505,3893,1100884,78,477,1028894,203,11592,928,506,116560,2101,59019,3562,3179,114244,5412,,54,20,2629111
2024-07-17,177469,3886,1100628,78,477,1028894,203,11591,926,506,116546,2100,58982,3552,3175,114188,5366,,54,20,2628641
2024-07-16,177463,3883,1100628,78,477,1028893,203,11579,926,506,116401,2100,58972,3551,3175,114172,5361,,54,20,2628442
2024-07-15,177381,3878,1100609,78,477,1028891,203,11578,924,506,116398,2098,58969,3548,3169,114172,5361,,54,20,2628314
2024-07-14,177381,3878,1100609,78,477,1028891,203,11578,924,506,116398,2098,58969,3548,3169,114172,5361,,54,20,2628314
2024-07-13,177381,3878,1100609,78,477,1028891,203,11578,924,506,116398,2098,58969,3548,3169,114172,5361,,54,20,2628314
2024-07-12,177374,3865,1100609,78,477,1028891,203,11572,923,506,116250,2097,58967,3547,3167,114172,5361,,54,20,2628133
2024-07-11,177374,3864,1100611,78,477,1028891,203,11571,922,506,116235,2096,58958,3546,3167,114172,5361,,53,20,2628105
2024-07-10,177357,3862,1100532,78,477,1028884,203,11571,920,505,116216,2096,58956,3545,3161,114172,5361,,53,20,2627969
2024-07-09,177353,3833,1100507,78,477,1028831,203,11563,919,505,101521,2095,24060,3544,3159,114068,5321,,53,20,2578110
2024-07-08,177242,3832,1100515,78,477,1028662,202,11563,917,503,101503,2094,24058,3543,3159,114068,5321,,53,20,2577810
2024-07-07,177242,3832,1100515,78,477,1028662,202,11563,917,503,101503,2094,24058,3543,3159,114068,5321,,53,20,2577810
2024-07-06,177242,3832,1100515,78,477,1028662,202,11563,917,503,101503,2094,24058,3543,3159,114068,5321,,53,20,2577810
2024-07-05,177230,3830,1100513,78,477,1028659,202,11560,917,505,101503,2094,24058,3543,3159,114108,5311,,53,20,2577820
2024-07-04,177204,3825,1100520,78,477,1028659,202,11560,916,505,101499,2094,24059,3542,3155,114098,5311,,53,20,2577777
2024-07-03,177181,3819,1100364,78,477,1028659,202,11559,916,505,101180,2094,24010,3542,3155,114095,5311,,53,20,2577220
2024-07-02,176914,3808,1100371,78,477,1028659,202,11558,914,505,101034,2094,24010,3541,3155,114087,5298,,53,20,2576778
2024-07-01,176914,3808,1100371,78,477,1028659,202,11558,914,505,101015,2094,24006,3541,3155,114087,5298,,53,20,2576755
2024-06-30,176809,3808,1100371,78,477,1028659,202,11558,914,505,101015,2094,24006,3541,3155,114087,5298,,53,20,2576650
2024-06-29,176809,3808,1100371,78,477,1028659,202,11558,914,505,101015,2094,24006,3541,3155,114032,5298,,53,20,2576595
2024-06-28,176453,3805,1100218,78,477,1028658,202,11558,914,505,100717,2092,23976,3530,3155,112945,5298,,53,20,2574654
2024-06-27,176362,3802,1100042,78,476,1028658,202,11558,914,505,100474,2091,23965,3522,3155,112531,5298,,53,20,2573706
2024-06-26,176203,3798,1100019,78,476,1028622,202,11531,914,505,100362,2091,23917,3519,3155,112470,5298,,53,20,2573233
2024-06-25,175992,3786,1100002,78,475,1028505,202,11531,913,505,100291,2089,23904,3517,3155,112403,5298,,53,20,2572719
2024-06-24,175954,3779,1100057,78,475,1028505,202,11531,913,505,100287,2088,23901,3512,3155,112405,5298,,53,20,2572718
2024-06-23,175954,3779,1100057,78,475,1028505,202,11531,913,505,100283,2088,23901,3511,3155,112405,5298,,53,20,2572713
2024-06-22,175954,3779,1100057,78,475,1028505,202,11531,913,505,100283,2088,23901,3511,3155,112405,5298,,53,20,2572713
2024-06-21,175929,3778,1100057,78,475,1028505,202,11531,912,505,100216,2087,23893,3507,3155,112383,5298,,53,20,2572584
2024-06-20,175918,3777,1100057,78,475,1028505,202,11531,912,505,100215,2087,23893,3506,3155,112381,5298,,53,20,2572568
2024-06-19,175898,3769,1100046,78,475,1028506,202,11531,912,500,100174,2086,23879,3503,3155,112237,5298,,53,20,2572322
2024-06-18,175896,3769,1100036,78,475,1028506,202,11531,912,500,100143,2085,23879,3503,3147,112237,5298,,53,20,2572270
2024-06-17,175885,3767,1100195,78,474,1028506,202,11531,912,500,100085,2084,23880,3499,3147,112237,5298,,53,20,2572353
2024-06-16,175885,3767,1100195,78,474,1028506,202,11531,912,500,100085,2084,23880,3499,3147,112237,5298,,53,20,2572353
2024-06-15,175885,3767,1100195,78,474,1028506,202,11531,912,500,100085,2084,23880,3499,3147,112237,5298,,53,20,2572353
2024-06-14,175795,3710,1100196,78,474,1028506,202,11531,912,500,100080,2084,23878,3498,3147,112228,5298,,53,20,2572190
2024-06-13,175769,3655,1100093,78,474,1028506,202,11531,912,500,100069,2081,23878,3495,3147,112219,5298,,53,20,2571980
2024-06-12,175757,3644,1100037,78,474,1028506,202,11531,912,500,100062,2081,23877,3495,3147,112219,5298,,53,20,2571893
2024-06-11,175756,3616,1099967,78,474,1028505,202,11531,912,500,100029,2080,23876,3493,3147,112217,5298,,53,20,2571754
2024-06-10,175639,3607,1099980,78,474,1028505,202,11531,910,500,100013,2079,23875,3493,3147,112217,5298,,53,20,2571621
2024-06-09,175639,3607,1099980,78,474,1028505,202,11531,910,500,100013,2079,23875,3493,3147,112217,5298,,53,20,2571621
2024-06-08,175639,3607,1099980,78,474,1028505,202,11531,910,500,100013,2079,23875,3493,3147,112217,5298,,53,20,2571621
2024-06-07,175629,3607,1094971,78,468,1028505,182,11531,910,494,99991,2079,23836,3491,3147,112218,5298,,53,20,2566508
2024-06-06,175575,3603,1094449,78,467,1028507,176,11531,910,494,99986,2078,23830,3488,3147,112218,5298,,53,20,2565908
2024-06-05,175409,3596,1093973,78,465,1028507,176,11531,910,494,99956,2076,23826,3483,3147,112098,5298,,53,20,2565096
2024-06-04,175409,3596,1093973,78,465,1028507,176,11531,910,494,99956,2076,23826,3483,3147,112098,5298,,53,20,2565096
2024-06-03,175407,3585,1089856,78,463,1028507,176,11531,910,494,99930,2075,23825,3481,3147,112036,5298,,53,20,2560872
2024-06-02,175407,3585,1089800,78,463,1028507,176,11531,910,494,99930,2075,23825,3481,3147,112036,5298,,53,20,2560816
2024-06-01,175407,3585,1089808,78,463,1028507,176,11531,910,494,99930,2075,23825,3481,3147,112036,5298,,53,20,2560824
2024-05-31,175353,3584,1087282,78,454,1028507,176,11531,910,494,99778,2075,23810,3480,3147,111588,5298,,53,20,2557618
2024-05-30,175195,3573,1073644,77,438,1028507,176,11531,906,494,99542,2071,23764,3471,3147,110999,5298,,53,20,2542906
2024-05-29,175063,3568,1072465,76,431,1028503,176,11517,906,494,99246,2067,23737,3464,3147,110746,5298,,53,20,2540977
2024-05-28,175054,3574,1067201,76,427,1028501,176,11517,906,494,99118,2064,23719,3459,3147,110661,5298,,53,20,2535465
2024-05-27,174906,3574,1065940,76,420,1028498,176,11517,906,494,98960,2062,23715,3453,3147,110546,5298,,53,20,2533761
2024-05-26,174906,3574,1065940,76,420,1028498,176,11517,906,494,98960,2062,23715,3453,3147,110546,5298,,53,20,2533761
2024-05-25,174906,3574,1065940,76,420,1028498,176,11517,906,494,98959,2062,23715,3453,3147,110546,5298,,53,20,2533760
2024-05-24,174811,3574,1065617,76,420,1028499,176,11517,906,494,98925,2062,23715,3450,3147,110522,5298,,53,20,2533282
2024-05-23,174811,3573,1065320,76,417,1028499,176,11517,906,494,98881,2056,23714,3446,3147,110495,5298,,53,20,2532899
2024-05-22,174780,3572,1065318,76,417,1028499,176,11517,906,494,98851,2056,23709,3446,3143,110495,5298,,53,20,2532826
2024-05-21,174767,3571,1064394,76,414,1028499,176,11517,906,494,98850,2055,23709,3445,3143,110482,5298,,53,20,2531869
2024-05-20,174767,3571,1064394,76,414,1028499,176,11517,906,494,98850,2055,23709,3445,3143,110482,5298,,53,20,2531869
2024-05-19,174767,3571,1064394,76,414,1028499,176,11517,906,494,98850,2055,23709,3445,3143,110482,5298,,53,20,2531869
2024-05-18,174767,3571,1064394,76,414,1028499,176,11517,906,494,98850,2055,23709,3445,3143,110482,5298,,53,20,2531869
2024-05-17,174733,3571,1064414,76,414,1028499,176,11517,906,494,98839,2055,23704,3445,3139,110461,5298,,53,20,2531814
2024-05-16,174718,3571,1064123,76,414,1028408,176,11517,906,494,98831,2054,23703,3443,3136,110440,5298,,53,20,2531381
2024-05-15,174703,3570,1064036,76,414,1028089,176,11517,906,494,98828,2054,23702,3443,3120,110422,5298,,53,20,2530921
2024-05-14,174647,3567,1062183,76,411,1027708,176,11517,906,494,98809,2054,23716,3443,3113,110422,5298,,53,20,2528613
2024-05-13,174610,3545,1061483,76,409,1027708,176,11517,905,494,98807,2054,23716,3443,3110,110377,5298,,52,20,2527800
2024-05-12,174610,3545,1061483,76,409,1027708,176,11517,905,494,98807,2054,23716,3443,3110,110377,5298,,52,20,2527800
2024-05-11,174610,3545,1061483,76,409,1027708,176,11517,905,494,98807,2054,23716,3443,3110,110377,5298,,52,20,2527800
2024-05-10,174610,3537,1061480,76,409,1027708,176,11517,905,494,98789,2054,23716,3443,3106,110377,5298,,52,20,2527767
2024-05-09,174439,3536,1061253,76,409,1027708,176,11517,905,494,98784,2053,23716,3441,3100,110377,5298,,52,20,2527354
2024-05-08,174437,3533,1061232,76,409,1027708,176,11517,905,494,98752,2052,23714,3440,3096,110239,5298,,52,20,2527150
2024-05-07,174422,3522,1061119,76,409,1027708,176,11489,905,494,98752,2052,23714,3440,3096,110231,5298,,52,20,2526975
2024-05-06,174415,3512,1061018,76,409,1013486,176,11489,905,494,98741,2051,23711,3440,3083,110206,5298,,52,20,2512582
2024-05-05,174415,3512,1061018,76,409,1013486,176,11489,905,494,98741,2051,23711,3440,3083,110206,5298,,52,20,2512582
2024-05-04,174415,3512,1061018,76,409,1013486,176,11489,905,494,98741,2051,23711,3440,3083,110206,5298,,52,20,2512582
2024-05-03,174337,3506,1060858,76,409,1013484,176,11489,905,494,98719,2051,23706,3440,3074,110201,5298,,52,20,2512295
2024-05-02,174261,3490,1060832,76,409,1018680,176,11489,905,494,98664,2046,23698,3438,3066,110127,5298,,52,20,2517221
2024-05-01,174116,3481,1060800,76,408,1018209,176,11489,905,493,98637,2046,23681,3432,3066,110123,5298,,52,20,2516508
2024-04-30,173699,3477,1061027,76,407,1002703,173,11482,902,493,98210,2044,23532,3423,3050,109510,5298,,52,20,2499578
2024-04-29,173212,3471,1060930,76,407,991348,173,11482,899,493,97681,2042,23465,3417,3050,108795,5298,,51,20,2486310
2024-04-28,173212,3471,1060930,76,407,991348,173,11482,899,493,97681,2042,23465,3417,3050,108795,5298,,51,20,2486310
2024-04-27,173212,3471,1060930,76,407,991348,173,11482,899,493,97681,2042,23465,3417,3050,108795,5298,,51,20,2486310
2024-04-26,173052,3465,1060625,76,407,988704,173,11478,899,493,97587,2042,23453,3415,3046,108693,5298,,51,20,2482977
2024-04-25,172865,3461,1060614,76,407,988518,173,11470,898,493,97514,2040,23431,3413,3046,108572,5298,,51,20,2482360
2024-04-24,172831,3459,1060612,76,407,988437,173,11410,895,493,97405,2040,23410,3412,3038,108572,5298,,51,20,2482039
2024-04-23,172814,3447,1060570,76,407,984473,173,11395,893,493,97373,2039,23409,3411,3035,108575,5298,,51,20,2477952
2024-04-20,172814,3443,1060436,76,403,984466,173,11395,893,493,97350,2039,23407,3411,3033,108564,5298,,51,20,2477765
2024-04-19,172813,3429,1061367,76,403,984466,173,11391,893,493,97341,2039,23386,3411,3033,108558,5298,,51,20,2478641
2024-04-18,172751,3428,1060428,76,403,984466,173,11383,892,493,97341,2039,23386,3411,3033,108543,5298,,51,20,2477615
2024-04-17,172751,3427,1060404,76,403,984465,173,11327,891,493,97340,2038,23375,3411,3029,108542,5298,,51,20,2477514
2024-04-16,172749,3426,1060400,76,403,984453,173,11326,891,493,97336,2038,23375,3411,3026,108506,5298,,51,20,2477451
2024-04-15,172735,3426,1060328,76,403,984447,173,11318,888,493,97278,2036,23359,3411,3023,108502,5298,,51,20,2477265
2024-04-14,172735,3426,1060328,76,403,984447,173,11318,888,493,97278,2036,23359,3411,3023,108502,5298,,51,20,2477265
2024-04-12,172662,3425,1060328,76,403,984447,173,11318,887,493,97269,2036,23359,3411,3023,108504,5298,,51,20,2477183
2024-04-11,172629,3425,1060284,76,403,984444,173,11318,886,493,97268,2036,23359,3410,3023,108380,5298,,51,20,2476976
2024-04-10,172600,3324,1060280,76,403,984439,173,11315,886,493,97268,2035,23359,3409,3008,108380,5298,,51,20,2476817
2024-04-09,172593,3319,1060281,76,403,984439,173,11298,885,493,97267,2032,23359,3406,3002,108376,5298,,51,20,2476771
2024-04-07,172528,3312,1060266,76,403,984439,173,11298,881,493,97267,2032,23359,3406,3002,108307,5298,,51,20,2476611
2024-04-06,172528,3312,1060266,76,403,984439,173,11298,881,493,97267,2032,23359,3406,3002,108307,5298,,51,20,2476611
2024-04-05,172440,3310,1060219,76,403,984357,173,11298,881,493,97251,2030,23359,3398,3002,108237,5298,,51,20,2476296
2024-04-04,172281,3305,1059997,76,403,984357,173,11298,880,493,97242,2028,23356,3396,3002,108226,5298,,51,20,2475882
2024-04-03,172268,3296,1059974,76,403,984352,173,11298,879,493,97207,2027,23353,3395,3002,108221,5298,,51,20,2475786
2024-04-02,172045,3284,1059968,76,403,984352,172,11293,878,495,97096,2026,23329,3394,3002,108097,5298,,51,20,2475279
2024-04-01,172039,3284,1059968,76,403,984352,172,11293,878,495,97096,2026,23329,3394,3002,108097,5298,,51,20,2475273
2024-03-31,172039,3284,1059968,76,403,984352,172,11293,878,495,97095,2026,23329,3394,3002,108097,5298,,51,20,2475272
2024-03-30,172039,3284,1059968,76,403,984352,172,11293,878,495,97095,2026,23329,3394,3002,108097,5298,,51,20,2475272
2024-03-29,172005,3284,1059968,76,403,984352,172,11293,878,495,97095,2026,23329,3394,3002,108010,5298,,51,20,2475151
2024-03-28,171858,3243,1059900,76,403,984352,172,11293,878,493,96548,2024,23298,3385,3002,106963,5298,,51,20,2473257
2024-03-27,171793,3238,1060172,76,403,984353,172,11293,878,493,96327,2024,23271,3378,3002,106704,5298,,51,20,2472946
2024-03-26,171729,3238,1060172,76,403,984353,172,11293,878,493,96315,2023,23268,3375,3002,106552,5298,,48,20,2472708
2024-03-25,171575,3238,1060250,76,403,984353,172,11293,878,493,96226,2021,23261,3373,3002,106331,5298,,48,20,2472311
2024-03-24,171575,3238,1060264,76,403,984353,172,11293,878,493,96226,2021,23261,3373,3002,106331,5298,,48,20,2472325
2024-03-23,171575,3238,1060264,76,403,984353,172,11293,878,493,96226,2021,23261,3373,3002,106331,5298,,48,20,2472325
2024-03-22,171561,3235,1060275,76,403,984353,172,11293,878,493,96218,2019,23261,3369,3002,106328,5298,,48,20,2472302
2024-03-21,171504,3231,1059906,76,402,984352,172,11293,878,493,96214,2017,23261,3367,3002,106311,5298,,48,20,2471845
2024-03-20,171487,3228,1059896,76,402,984352,172,11293,878,493,96194,2017,23257,3366,3002,106311,5298,,48,20,2471790
2024-03-19,171429,3226,1059896,76,402,984351,172,11293,878,493,96177,2015,23256,3363,3002,106311,5298,,48,20,2471706
2024-03-18,171427,3226,1059888,76,398,984351,172,11293,877,493,96171,2014,23256,3361,3002,106241,5298,,48,20,2471612
2024-03-17,171427,3226,1059888,76,398,984351,172,11293,877,493,96171,2014,23256,3361,3002,106241,5298,,48,20,2471612
2024-03-16,171427,3226,1059888,76,398,984351,172,11293,877,493,96171,2014,23256,3361,3002,106241,5298,,48,20,2471612
2024-03-15,171427,3224,1059894,76,398,984351,172,11293,877,493,96171,2014,23256,3358,3002,106221,5298,,48,20,2471593
2024-03-14,171314,3219,1059877,76,398,984351,172,11293,877,493,96171,2013,23256,3357,3002,106202,5298,,48,20,2471437
2024-03-13,171294,3217,1059694,76,398,984263,172,11288,876,493,96165,2013,23256,3356,3002,106203,5298,,48,20,2471132
2024-03-12,171178,3213,1059585,76,398,984263,172,11288,876,493,96163,2013,23256,3356,3002,106095,5298,,48,20,2470793
2024-03-11,171187,3211,1059512,76,398,984263,172,11287,876,493,96161,2013,23256,3355,2998,106082,5298,,48,20,2470706
2024-03-10,171187,3211,1059512,76,398,984263,172,11287,876,493,96161,2013,23256,3355,2998,106082,5298,,48,20,2470706
2024-03-09,171187,3211,1059511,76,398,984263,172,11287,876,493,96161,2013,23256,3355,2998,106082,5298,,48,20,2470705
2024-03-08,171179,3206,1059254,76,398,984263,172,11287,876,493,96161,2013,23251,3355,2998,106053,5298,,48,20,2470401
2024-03-07,171178,3199,1059167,76,398,984064,172,11287,876,493,96161,2013,23251,3355,2998,106054,5289,,48,20,2470099
2024-03-06,171154,3193,1059142,76,398,984263,172,11287,876,493,96161,2013,23251,3355,2998,106048,5289,,48,20,2470237
2024-03-05,171133,3187,1059142,76,398,984263,172,11291,877,493,96152,2010,23246,3352,2998,106040,5289,,47,20,2470186
2024-03-04,171037,3177,1059142,76,398,984263,172,11291,877,493,96137,2009,23243,3350,2994,106040,5273,,47,20,2470039
2024-03-03,171037,3177,1059142,76,398,984263,172,11291,877,493,96137,2009,23243,3350,2994,106040,5273,,47,20,2470039
2024-03-02,171037,3177,1059142,76,398,984263,172,11291,877,493,96137,2009,23243,3350,2994,106040,5273,,47,20,2470039
2024-03-01,171014,3173,1059060,76,398,984264,172,11291,877,493,96051,2007,23221,3346,2994,105828,5273,,47,20,2469605
2024-02-29,170606,3166,1058854,75,398,984264,171,11291,877,493,95164,2003,23142,3333,2987,104739,5273,,47,20,2466903
2024-02-28,170606,3166,1058854,75,398,984264,171,11291,877,493,95164,2003,23142,3333,2987,104739,5273,,47,20,2466903
2024-02-27,170445,3163,1058835,75,398,984264,171,11291,877,493,94823,2000,23114,3323,2987,104719,5273,,47,20,2466318
2024-02-26,170445,3163,1058835,75,398,984264,171,11291,877,493,94823,2000,23114,3323,2987,104719,5273,,47,20,2466318
2024-02-25,170445,3163,1058835,75,398,984264,171,11291,877,493,94823,2000,23114,3323,2987,104719,5273,,47,20,2466318
2024-02-24,170445,3163,1058835,75,398,984264,171,11291,877,493,94823,2000,23114,3323,2987,104719,5273,,47,20,2466318
2024-02-23,170349,3162,1058831,75,398,984264,171,11291,877,493,94766,1999,23107,3321,2987,104642,5273,,47,20,2466073
2024-02-22,170297,3161,1058798,75,398,984263,171,11286,875,493,94765,1997,23105,3319,2987,104642,5273,,47,20,2465972
2024-02-21,170115,3161,1058798,75,398,984267,171,11286,875,493,94747,1997,23097,3318,2987,104637,5273,,47,20,2465762
2024-02-20,170114,3158,1058797,75,398,984264,171,11286,875,493,94742,1997,23094,3318,2987,104601,5273,,47,20,2465710
2024-02-19,170110,3158,1058664,75,398,984264,171,11286,874,493,94727,1997,23094,3318,2987,104594,5273,,47,20,2465550
2024-02-18,170110,3158,1058664,75,398,984264,171,11286,874,493,94727,1997,23094,3318,2987,104594,5273,,47,20,2465550
2024-02-17,170110,3158,1058664,75,398,984264,171,11286,874,493,94727,1997,23094,3318,2987,104594,5273,,47,20,2465550
2024-02-16,170104,3156,1058666,75,398,984264,171,11286,874,492,94727,1996,23091,3317,2984,104573,5273,,47,20,2465514
2024-02-15,170106,3151,1058651,75,398,984264,171,11286,874,492,94726,1996,23091,3316,2984,104571,5273,,47,20,2465492
2024-02-14,170101,3150,1058651,75,398,984264,171,11286,874,492,94701,1995,23080,3292,2961,104572,5273,,47,20,2465403
2024-02-13,170087,3148,1058650,75,398,984264,171,11285,867,490,94698,1994,23077,3291,2958,104571,5273,,47,20,2465364
2024-02-12,170086,3148,1058650,75,398,984264,171,11285,867,489,94666,1994,23077,3291,2949,104552,5273,,47,20,2465302
2024-02-11,170086,3148,1058650,75,398,984264,171,11285,867,489,94666,1994,23077,3291,2949,104552,5273,,47,20,2465302
2024-02-10,170086,3148,1058650,75,398,984264,171,11285,867,489,94666,1994,23077,3291,2949,104552,5273,,47,20,2465302
2024-02-09,170080,3147,1058589,75,398,984264,171,11283,867,489,94663,1994,23075,3291,2942,104545,5273,,47,20,2465213
2024-02-08,170067,3143,1058553,75,398,984201,171,11283,867,489,94620,1994,23079,3291,2936,104523,5273,,47,20,2465030
2024-02-07,170047,3140,1058440,75,398,984201,171,11281,867,489,94618,1993,23079,3289,2936,104523,5273,,47,20,2464887
2024-02-06,170043,3132,1058440,75,398,984201,171,11281,867,489,94606,1993,23079,3289,2932,104523,5273,,47,20,2464859
2024-02-05,170042,3130,1058440,75,398,984201,171,11281,867,489,94589,1993,23078,3289,2920,104414,5273,,47,20,2464717
2024-02-04,170042,3130,1058440,75,398,984201,171,11281,867,489,94589,1993,23078,3289,2920,104414,5273,,47,20,2464717
2024-02-03,170042,3130,1058440,75,398,984201,171,11281,867,489,94589,1993,23078,3289,2920,104414,5273,,47,20,2464717
2024-02-02,170037,3127,1058396,75,398,984202,171,11281,866,489,94498,1993,22998,3289,2917,104410,5273,,47,20,2464487
2024-02-01,169904,3122,1057282,75,398,983214,171,11275,866,489,94466,1991,22986,3287,2917,104397,5273,,47,20,2462180
2024-01-31,169595,3122,1048086,74,398,977813,169,11267,862,489,94291,1991,22959,3283,2917,104162,5273,,47,20,2446818
2024-01-30,169419,3109,1043323,74,398,963094,169,11251,861,489,94060,1990,22924,3277,2917,103692,5273,,47,20,2426387
2024-01-28,169387,3106,1039660,74,398,952033,168,11251,860,489,93816,1990,22884,3270,2917,103411,5272,,47,20,2411053
2024-01-27,169387,3106,1039660,74,398,952031,168,11251,860,489,93816,1990,22884,3270,2917,103411,5272,,47,20,2411051
2024-01-26,169209,3106,1037629,74,398,950533,168,11246,859,489,93702,1990,22868,3265,2917,103269,5272,,47,20,2407061
2024-01-25,169182,3106,1037554,74,398,949934,167,11206,856,489,93691,1988,22866,3264,2907,103269,5272,,47,20,2406290
2024-01-24,169081,3105,1037381,74,398,949925,167,11197,854,489,93680,1988,22866,3262,2897,103112,5272,,47,20,2405815
2024-01-23,169077,3104,1037362,74,398,949656,167,11197,853,489,93607,1988,22859,3261,2897,103106,5272,,47,20,2405434
2024-01-22,169041,3100,1037361,74,398,949651,167,11197,849,489,93607,1987,22859,3260,2893,103032,5272,,47,20,2405304
2024-01-21,169041,3100,1037361,74,398,949651,167,11197,849,489,93607,1987,22859,3260,2893,103032,5272,,47,20,2405304
2024-01-20,169041,3100,1037361,74,398,949651,167,11197,849,489,93607,1987,22859,3260,2893,103032,5272,,47,20,2405304
2024-01-19,168984,3099,1037356,74,398,949651,167,11197,849,489,93556,1987,22851,3260,2893,102965,5272,,47,20,2405115
2024-01-18,168859,3092,1037356,74,398,949645,167,11195,849,489,93553,1987,22851,3258,2889,102965,5272,,47,20,2404966
2024-01-17,168710,3090,1037356,74,398,949518,167,11186,849,489,93552,1987,22851,3255,2889,102962,5272,,47,20,2404672
2024-01-16,168679,3087,1037176,74,398,949519,167,11173,849,489,93552,1987,22851,3255,2882,102910,5254,,47,20,2404369
2024-01-15,168677,3090,1037153,74,398,949518,167,11166,848,489,93561,1987,22851,3253,2882,102910,5172,,47,20,2404263
2024-01-14,168677,3090,1037153,74,398,949518,167,11166,848,489,93561,1987,22851,3253,2882,102910,5172,,47,20,2404263
2024-01-13,168677,3090,1037153,74,398,949518,167,11166,848,489,93561,1987,22851,3253,2882,102910,5148,,47,20,2404239
2024-01-12,168671,3081,1037102,74,398,949518,167,11165,848,489,93561,1987,22850,3253,2882,102908,4921,,47,20,2403942
2024-01-11,168619,3081,1037102,74,398,949519,167,11165,847,489,93560,1987,22849,3253,2882,102894,4838,,47,20,2403791
2024-01-10,168615,3078,1037105,74,398,949517,167,11165,847,488,93560,1986,22848,3252,2882,102895,4786,,47,20,2403730
2024-01-09,168579,3075,1037031,74,398,949368,167,11147,846,488,93543,1986,22848,3252,2882,102881,4771,,47,20,2403403
2024-01-08,168532,3076,1037031,74,398,949368,167,11144,843,488,93531,1985,22847,3251,2882,102877,4751,,47,20,2403312
2024-01-07,168532,3076,1037031,74,398,949368,167,11144,843,488,93531,1985,22847,3251,2882,102877,4751,,47,20,2403312
2024-01-06,168532,3076,1037031,74,398,949368,167,11144,843,488,93531,1985,22847,3251,2882,102877,4751,,47,20,2403312
2024-01-05,168519,3076,1037031,74,397,949368,167,11114,843,488,93531,1985,22847,3251,2882,102877,4751,,47,20,2403268
2024-01-04,168354,3066,1037031,74,397,949369,167,11114,842,488,93531,1985,22847,3251,2882,102877,4751,,47,20,2403093
2024-01-03,168242,3061,1037031,74,397,949369,167,11114,842,488,93502,1984,22845,3249,2882,102877,4751,,47,20,2402942
2024-01-02,168196,3053,1037031,74,397,949369,167,11114,839,488,93493,1984,22844,3247,2882,102844,4751,,47,20,2402840
2024-01-01,168196,3053,1037031,74,397,949369,167,11114,839,488,93493,1984,22844,3247,2882,102844,4751,,47,20,2402840
2023-12-31,168196,3053,1037031,74,397,949369,167,11114,839,488,93493,1984,22844,3247,2882,102844,4751,,47,20,2402840
2023-12-30,168196,3053,1037031,74,397,949369,167,11114,839,488,93493,1984,22841,3247,2882,102844,4751,,47,20,2402837
2023-12-29,168023,3052,1037031,74,397,949369,167,11114,839,488,93314,1982,22829,3243,2882,102149,4751,,47,20,2401771
2023-12-28,167897,3050,1037025,74,397,949369,167,11112,839,488,92893,1972,22792,3239,2882,102064,4751,,47,20,2401078
2023-12-27,167897,3050,1037025,74,397,949369,167,11112,839,488,92817,1970,22773,3238,2882,101916,4751,,47,20,2400832
2023-12-26,167897,3050,1037025,74,397,949369,167,11112,839,488,92817,1970,22773,3238,2882,101916,4751,,47,20,2400832
2023-12-25,167897,3050,1037025,74,397,949369,167,11112,839,488,92817,1970,22773,3238,2882,101916,4751,,47,20,2400832
2023-12-24,167897,3050,1037025,74,397,949369,167,11112,839,488,92817,1970,22773,3238,2882,101916,4751,,47,20,2400832
2023-12-23,167897,3050,1037025,74,397,949369,167,11112,839,488,92817,1970,22773,3238,2882,101893,4751,,47,20,2400809
2023-12-22,167654,3050,1037025,74,397,949369,167,11112,839,488,92617,1968,22740,3235,2882,101549,4751,,47,20,2399984
2023-12-21,167516,3047,1037021,74,397,949369,167,11112,839,488,92525,1967,22698,3232,2882,101425,4751,,47,20,2399577
2023-12-20,167493,3040,1037000,74,397,949375,167,11111,839,483,92427,1965,22687,3227,2882,101214,4751,,47,20,2399199
2023-12-19,167490,3037,1037000,74,397,949375,167,11111,838,483,92392,1964,22679,3226,2882,101196,4751,,47,20,2399129
2023-12-18,167419,3033,1036970,74,397,949375,167,11085,838,483,92345,1964,22677,3224,2882,101194,4751,,47,20,2398945
2023-12-17,167419,3033,1036970,74,397,949375,167,11085,838,483,92345,1964,22677,3224,2882,101194,4751,,47,20,2398945
2023-12-16,167419,3033,1036970,74,397,949375,167,11085,838,483,92345,1964,22677,3224,2882,101194,4751,,47,20,2398945
2023-12-15,167407,3020,1036970,74,397,949374,167,11085,838,483,92342,1964,22677,3224,2882,101178,4751,,47,20,2398900
2023-12-14,167290,3012,1036970,74,397,949373,167,11085,838,483,92341,1963,22677,3222,2882,101174,4751,,47,20,2398766
2023-12-13,167288,3007,1036970,74,397,949373,167,11085,838,483,92304,1963,22676,3221,2882,101160,4751,,47,20,2398706
2023-12-12,167161,2901,1036970,74,395,949373,167,11085,838,483,92251,1962,22668,3208,2882,101134,4751,,47,20,2398370
2023-12-11,167161,2901,1036970,74,395,949373,167,11085,838,483,92251,1962,22668,3208,2882,101134,4751,,47,20,2398370
2023-12-10,167161,2901,1036970,74,395,949373,167,11085,838,483,92251,1962,22668,3208,2882,101134,4751,,47,20,2398370
2023-12-09,167161,2901,1036970,74,395,949373,167,11085,838,483,92251,1962,22668,3208,2882,101134,4751,,47,20,2398370
2023-12-08,167069,2892,1036970,74,395,949373,167,11085,838,483,92251,1962,22668,3208,2882,101134,4751,,47,20,2398269
2023-12-07,167062,2892,1036970,74,395,949373,167,11085,838,483,92241,1962,22667,3208,2882,101038,4751,,47,20,2398155
2023-12-06,167060,2891,1036970,74,395,949373,167,11084,838,483,92242,1962,22667,3208,2882,101036,4751,,47,20,2398150
2023-12-05,166932,2879,1036970,74,395,949374,167,11084,838,482,92242,1962,22667,3208,2882,100972,4751,,47,20,2397946
2023-12-04,166918,2873,1036952,74,395,949374,167,11083,837,482,92191,1960,22658,3205,2882,100967,4751,,47,20,2397836
2023-12-03,166918,2873,1036952,74,395,949374,167,11083,837,482,92191,1960,22658,3205,2882,100967,4751,,47,20,2397836
2023-12-02,166918,2873,1036952,74,395,949374,167,11083,837,482,92191,1960,22658,3205,2882,100967,4751,,47,20,2397836
2023-12-01,166893,2866,1036952,74,394,949374,167,11082,837,482,91784,1959,22525,3200,2882,99811,4751,,47,20,2396100
2023-11-30,166652,2847,1036952,74,394,949374,167,11082,837,482,91784,1959,22525,3200,2882,99811,4751,,47,20,2395840
2023-11-29,166412,2843,1036726,74,394,949374,167,11080,837,482,91512,1958,22510,3195,2882,99300,4751,,46,20,2394563
2023-11-28,166162,2842,1036726,74,394,949374,167,11080,836,476,91343,1958,22488,3188,2882,99166,4751,,46,20,2393973
2023-11-27,166037,2840,1036728,74,394,949374,167,11080,836,475,91223,1956,22479,3182,2882,99070,4751,,46,20,2393614
2023-11-26,166037,2840,1036728,74,394,949374,167,11080,836,475,91223,1956,22479,3182,2882,99070,4751,,46,20,2393614
2023-11-24,165875,2838,1036728,74,394,949374,167,11080,836,475,91206,1952,22478,3180,2879,99036,4751,,46,20,2393389
2023-11-23,165904,2837,1036640,74,393,949374,167,11080,836,475,91192,1952,22474,3179,2875,99036,4751,,46,20,2393305
2023-11-22,165902,2836,1036640,74,393,949374,167,11080,836,474,91206,1952,22473,3178,2870,99037,4751,,46,20,2393309
2023-11-21,165883,2833,1036641,74,393,949374,167,11068,836,474,91190,1951,22469,3177,2865,99028,4751,,46,20,2393240
2023-11-20,165871,2831,1036641,74,393,949374,167,11068,836,473,91184,1951,22467,3176,2865,99015,4751,,46,20,2393203
2023-11-19,165871,2831,1036641,74,393,949374,167,11068,836,473,91184,1951,22467,3176,2865,99015,4751,,46,20,2393203
2023-11-18,165871,2831,1036641,74,393,949374,167,11068,836,473,91184,1951,22467,3176,2865,99015,4751,,46,20,2393203
2023-11-17,165888,2824,1036627,74,393,949179,167,11068,836,471,91184,1951,22467,3176,2852,99013,4751,,46,20,2392987
2023-11-16,165739,2820,1036559,74,393,949178,167,11068,836,471,91184,1949,22464,3175,2852,99007,4751,,46,20,2392753
2023-11-15,165667,2818,1036546,74,393,949178,167,11068,836,468,91175,1949,22460,3175,2842,99007,4751,,46,20,2392640
2023-11-14,165667,2818,1036496,74,393,949179,167,11065,836,466,91148,1948,22457,3174,2821,99005,4751,,46,20,2392531
2023-11-13,165667,2818,1036496,74,393,949179,167,11065,836,466,91148,1948,22457,3174,2821,99005,4751,,46,20,2392531
2023-11-12,165667,2818,1036496,74,393,949179,167,11065,836,466,91148,1948,22457,3174,2821,99005,4751,,46,20,2392531
2023-11-11,165667,2818,1036496,74,393,949179,167,11065,836,466,91148,1948,22457,3174,2821,99005,4751,,46,20,2392531
2023-11-10,165654,2813,1036430,74,393,949178,167,11065,836,464,91134,1948,22456,3174,2806,99003,4751,,46,20,2392412
2023-11-09,165646,2738,1036237,74,392,949177,167,11065,836,444,91093,1947,22449,3174,2797,99001,4751,,46,20,2392054
