owner_org,ati_all,ati_all_change_30-days,ati_all_change_90-days,ati_all_change_6-months,ati_nil,ati_nil_change_30-days,ati_nil_change_90-days,ati_nil_change_6-months,briefingt,briefingt_change_30-days,briefingt_change_90-days,briefingt_change_6-months,contracts,contracts_change_30-days,contracts_change_90-days,contracts_change_6-months,contracts_nil,contracts_nil_change_30-days,contracts_nil_change_90-days,contracts_nil_change_6-months,contractsa,contractsa_change_30-days,contractsa_change_90-days,contractsa_change_6-months,dac,dac_change_30-days,dac_change_90-days,dac_change_6-months,grants,grants_change_30-days,grants_change_90-days,grants_change_6-months,grants_nil,grants_nil_change_30-days,grants_nil_change_90-days,grants_nil_change_6-months,hospitalityq,hospitalityq_change_30-days,hospitalityq_change_90-days,hospitalityq_change_6-months,hospitalityq_nil,hospitalityq_nil_change_30-days,hospitalityq_nil_change_90-days,hospitalityq_nil_change_6-months,parliament_committee,parliament_committee_change_30-days,parliament_committee_change_90-days,parliament_committee_change_6-months,parliament_committee_deputy,parliament_committee_deputy_change_30-days,parliament_committee_deputy_change_90-days,parliament_committee_deputy_change_6-months,parliament_report,parliament_report_change_30-days,parliament_report_change_90-days,parliament_report_change_6-months,qpnotes,qpnotes_change_30-days,qpnotes_change_90-days,qpnotes_change_6-months,qpnotes_nil,qpnotes_nil_change_30-days,qpnotes_nil_change_90-days,qpnotes_nil_change_6-months,reclassification,reclassification_change_30-days,reclassification_change_90-days,reclassification_change_6-months,reclassification_nil,reclassification_nil_change_30-days,reclassification_nil_change_90-days,reclassification_nil_change_6-months,transition,transition_change_30-days,transition_change_90-days,transition_change_6-months,transition_deputy,transition_deputy_change_30-days,transition_deputy_change_90-days,transition_deputy_change_6-months,travela,travela_change_30-days,travela_change_90-days,travela_change_6-months,travelq,travelq_change_30-days,travelq_change_90-days,travelq_change_6-months,travelq_nil,travelq_nil_change_30-days,travelq_nil_change_90-days,travelq_nil_change_6-months,wrongdoing,wrongdoing_change_30-days,wrongdoing_change_90-days,wrongdoing_change_6-months,Total Original,Total Change 30-days,Total Change 90-days,Total Change 6-months
16342451-canada-inc,1,0,0,0.0,9,0,0,2.0,0,0,0,0.0,0,0,0,0.0,0,0,0,0.0,0,0,0,0.0,0,0,0,0.0,0,0,0,0.0,0,0,0,0.0,0,0,0,0.0,0,0,0,0.0,0,0,0,0.0,0,0,0,0.0,0,0,0,0.0,0,0,0,0.0,0,0,0,0.0,0,0,0,0.0,0,0,0,0.0,0,0,0,0.0,0,0,0,0.0,0,0,0,0.0,0,0,0,0.0,0,0,0,0.0,0,0,0,0.0,10,0,0,2.0
aafc-aac,1516,3,12,33.0,0,0,0,0.0,4286,44,107,225.0,19611,0,302,856.0,0,0,0,0.0,8,0,0,1.0,93,0,2,4.0,18286,-1,293,725.0,0,0,0,0.0,31,0,0,0.0,77,1,3,5.0,0,0,0,0.0,0,0,0,0.0,5,0,0,0.0,369,0,59,59.0,0,0,0,0.0,365,0,23,25.0,3,0,0,0.0,3,0,0,0.0,1,0,0,0.0,10,0,0,0.0,2076,16,66,117.0,3,0,0,0.0,0,0,0,0.0,46743,63,867,2050.0
aandc-aadnc,2007,0,0,0.0,0,0,0,0.0,7059,119,183,406.0,9299,0,121,219.0,1,0,0,0.0,0,0,0,0.0,117,0,3,7.0,21444,0,0,339.0,0,0,0,0.0,190,4,7,9.0,0,0,0,0.0,9,0,0,0.0,0,0,0,0.0,12,0,0,0.0,540,0,55,55.0,0,0,0,0.0,100,0,0,0.0,20,0,1,2.0,5,0,0,0.0,0,0,0,0.0,6,0,0,0.0,2175,32,77,141.0,0,0,0,0.0,0,0,0,0.0,42984,155,447,1178.0
acoa-apeca,238,1,5,9.0,19,0,1,2.0,1205,20,61,120.0,2965,0,11,48.0,0,0,0,0.0,9,0,0,1.0,0,0,0,0.0,30587,0,237,608.0,0,0,0,0.0,231,0,0,0.0,0,0,0,0.0,0,0,0,0.0,13,0,0,0.0,27,0,0,0.0,7,0,0,0.0,0,0,0,0.0,191,0,0,0.0,17,0,1,2.0,1,0,0,0.0,3,0,0,0.0,5,0,0,0.0,3185,1,2,25.0,0,0,0,0.0,0,0,0,0.0,38703,22,318,815.0
aecl-eacl,363,0,2,4.0,42,1,2,3.0,0,0,0,0.0,0,0,0,0.0,0,0,0,0.0,0,0,0,0.0,0,0,0,0.0,0,0,0,0.0,0,0,0,0.0,272,0,7,17.0,1,0,0,0.0,0,0,0,0.0,0,0,0,0.0,0,0,0,0.0,0,0,0,0.0,0,0,0,0.0,0,0,0,0.0,0,0,0,0.0,0,0,0,0.0,0,0,0,0.0,0,0,0,0.0,1566,0,39,79.0,1,0,0,0.0,0,0,0,0.0,2245,1,50,103.0
apa,9,0,0,0.0,29,0,0,0.0,0,0,0,0.0,0,0,0,0.0,0,0,0,0.0,0,0,0,0.0,0,0,0,0.0,0,0,0,0.0,0,0,0,0.0,0,0,0,0.0,0,0,0,0.0,0,0,0,0.0,0,0,0,0.0,8,0,0,1.0,0,0,0,0.0,0,0,0,0.0,0,0,0,0.0,0,0,0,0.0,0,0,0,0.0,0,0,0,0.0,0,0,0,0.0,0,0,0,0.0,0,0,0,0.0,0,0,0,0.0,46,0,0,1.0
apfc-fapc,15,0,0,0.0,62,0,0,0.0,0,0,0,0.0,0,0,0,0.0,0,0,0,0.0,0,0,0,0.0,0,0,0,0.0,0,0,0,0.0,0,0,0,0.0,0,0,0,0.0,0,0,0,0.0,0,0,0,0.0,0,0,0,0.0,0,0,0,0.0,0,0,0,0.0,0,0,0,0.0,0,0,0,0.0,0,0,0,0.0,0,0,0,0.0,0,0,0,0.0,0,0,0,0.0,0,0,0,0.0,0,0,0,0.0,0,0,0,0.0,77,0,0,0.0
atssc-scdata,119,1,2,4.0,36,0,1,2.0,226,3,6,15.0,1558,0,34,58.0,0,0,0,0.0,9,0,0,1.0,0,0,0,0.0,0,0,0,0.0,0,0,0,0.0,161,0,0,0.0,44,1,3,6.0,0,0,0,0.0,0,0,0,0.0,22,0,0,1.0,0,0,0,0.0,0,0,0,0.0,182,0,0,1.0,3,0,1,1.0,2,0,0,0.0,0,0,0,0.0,4,1,1,1.0,493,2,5,9.0,8,0,0,0.0,0,0,0,0.0,2867,8,53,99.0
bc,141,0,0,0.0,0,0,0,0.0,0,0,0,0.0,0,0,0,0.0,0,0,0,0.0,0,0,0,0.0,0,0,0,0.0,0,0,0,0.0,0,0,0,0.0,0,0,0,0.0,0,0,0,0.0,0,0,0,0.0,0,0,0,0.0,0,0,0,0.0,0,0,0,0.0,0,0,0,0.0,0,0,0,0.0,0,0,0,0.0,0,0,0,0.0,0,0,0,0.0,0,0,0,0.0,0,0,0,0.0,0,0,0,0.0,0,0,0,0.0,141,0,0,0.0
bctc-ctcb,7,0,0,0.0,36,0,0,0.0,0,0,0,0.0,0,0,0,0.0,0,0,0,0.0,0,0,0,0.0,0,0,0,0.0,0,0,0,0.0,0,0,0,0.0,0,0,0,0.0,0,0,0,0.0,0,0,0,0.0,0,0,0,0.0,0,0,0,0.0,0,0,0,0.0,0,0,0,0.0,0,0,0,0.0,0,0,0,0.0,0,0,0,0.0,0,0,0,0.0,0,0,0,0.0,0,0,0,0.0,0,0,0,0.0,0,0,0,0.0,43,0,0,0.0
bdc,118,0,14,17.0,18,1,1,2.0,0,0,0,0.0,0,0,0,0.0,0,0,0,0.0,0,0,0,0.0,0,0,0,0.0,0,0,0,0.0,0,0,0,0.0,135,10,82,82.0,0,0,0,0.0,0,0,0,0.0,0,0,0,0.0,0,0,0,0.0,0,0,0,0.0,0,0,0,0.0,0,0,0,0.0,0,0,0,0.0,0,0,0,0.0,0,0,0,0.0,4,1,1,1.0,156,11,104,104.0,0,0,0,0.0,0,0,0,0.0,431,23,202,206.0
bpa-apd,2,0,0,0.0,37,0,0,2.0,0,0,0,0.0,0,0,0,0.0,0,0,0,0.0,0,0,0,0.0,0,0,0,0.0,0,0,0,0.0,0,0,0,0.0,0,0,0,0.0,0,0,0,0.0,0,0,0,0.0,0,0,0,0.0,0,0,0,0.0,0,0,0,0.0,0,0,0,0.0,0,0,0,0.0,0,0,0,0.0,0,0,0,0.0,0,0,0,0.0,0,0,0,0.0,0,0,0,0.0,0,0,0,0.0,0,0,0,0.0,39,0,0,2.0
cannor,109,0,0,0.0,36,0,0,0.0,486,0,9,43.0,128,0,2,40.0,2,0,0,1.0,5,1,1,1.0,0,0,0,0.0,1998,-24,-20,65.0,0,0,0,0.0,34,9,9,11.0,76,17,19,19.0,0,0,0,0.0,0,0,0,0.0,0,0,0,0.0,47,0,12,12.0,0,0,0,0.0,5,1,1,3.0,7,0,0,0.0,0,0,0,0.0,0,0,0,0.0,6,0,0,0.0,194,63,74,74.0,29,0,1,1.0,1,0,0,0.0,3163,67,108,270.0
cas-satj,0,0,0,0.0,0,0,0,0.0,0,0,0,0.0,2786,0,155,155.0,0,0,0,0.0,9,0,1,1.0,95,0,3,6.0,0,0,0,0.0,0,0,0,0.0,122,1,1,1.0,21,0,0,0.0,0,0,0,0.0,0,0,0,0.0,0,0,0,0.0,0,0,0,0.0,0,0,0,0.0,8,0,0,1.0,0,0,0,0.0,0,0,0,0.0,0,0,0,0.0,0,0,0,0.0,374,13,21,21.0,2,0,0,0.0,0,0,0,0.0,3417,14,181,185.0
casdo-ocena,23,0,0,0.0,58,0,0,3.0,115,1,1,6.0,345,7,7,46.0,0,0,0,0.0,0,0,0,0.0,0,0,0,0.0,143,0,8,8.0,0,0,0,0.0,8,0,0,0.0,68,1,3,5.0,0,0,0,0.0,0,0,0,0.0,0,0,0,0.0,0,0,0,0.0,0,0,0,0.0,0,0,0,0.0,0,0,0,0.0,0,0,0,0.0,1,0,0,0.0,4,0,0,0.0,177,0,1,5.0,31,1,2,2.0,0,0,0,0.0,973,10,22,75.0
catsa-acsta,44,0,0,2.0,13,0,0,2.0,0,0,0,0.0,0,0,0,0.0,0,0,0,0.0,0,0,0,0.0,0,0,0,0.0,0,0,0,0.0,0,0,0,0.0,575,2,5,18.0,29,0,0,0.0,0,0,0,0.0,0,0,0,0.0,4,0,0,0.0,0,0,0,0.0,0,0,0,0.0,0,0,0,0.0,0,0,0,0.0,0,0,0,0.0,0,0,0,0.0,10,0,0,0.0,1132,3,13,28.0,29,0,0,1.0,0,0,0,0.0,1836,5,18,51.0
cb-cda,97,0,0,0.0,75,1,3,6.0,0,0,0,0.0,0,0,0,0.0,0,0,0,0.0,0,0,0,0.0,0,0,0,0.0,0,0,0,0.0,0,0,0,0.0,0,0,0,0.0,0,0,0,0.0,0,0,0,0.0,0,0,0,0.0,0,0,0,0.0,0,0,0,0.0,0,0,0,0.0,0,0,0,0.0,0,0,0,0.0,0,0,0,0.0,0,0,0,0.0,0,0,0,0.0,0,0,0,0.0,0,0,0,0.0,0,0,0,0.0,172,1,3,6.0
cbc-radio-canada,143,0,0,0.0,0,0,0,0.0,0,0,0,0.0,0,0,0,0.0,0,0,0,0.0,0,0,0,0.0,0,0,0,0.0,0,0,0,0.0,0,0,0,0.0,0,0,0,0.0,0,0,0,0.0,0,0,0,0.0,0,0,0,0.0,0,0,0,0.0,0,0,0,0.0,0,0,0,0.0,0,0,0,0.0,0,0,0,0.0,0,0,0,0.0,0,0,0,0.0,0,0,0,0.0,0,0,0,0.0,0,0,0,0.0,0,0,0,0.0,143,0,0,0.0
cbsa-asfc,5114,67,100,205.0,0,0,0,0.0,903,1,5,53.0,12653,3,227,607.0,0,0,0,0.0,7,0,0,1.0,116,0,4,8.0,0,0,0,0.0,0,0,0,0.0,309,0,1,3.0,79,0,0,0.0,0,0,0,0.0,0,0,0,0.0,1,0,0,0.0,0,0,0,0.0,0,0,0,0.0,418,0,2,8.0,13,0,0,0.0,0,0,0,0.0,0,0,0,0.0,12,0,0,0.0,1078,10,35,62.0,23,0,0,0.0,3,0,1,1.0,20729,81,375,948.0
cca-cac,75,0,0,0.0,19,0,0,0.0,0,0,0,0.0,0,0,0,0.0,0,0,0,0.0,0,0,0,0.0,0,0,0,0.0,0,0,0,0.0,0,0,0,0.0,25,0,0,2.0,18,2,3,5.0,0,0,0,0.0,0,0,0,0.0,0,0,0,0.0,0,0,0,0.0,0,0,0,0.0,0,0,0,0.0,0,0,0,0.0,0,0,0,0.0,0,0,0,0.0,0,0,0,0.0,237,19,30,61.0,1,0,0,0.0,0,0,0,0.0,375,21,33,68.0
ccc,130,0,0,0.0,56,0,3,5.0,0,0,0,0.0,0,0,0,0.0,0,0,0,0.0,0,0,0,0.0,0,0,0,0.0,0,0,0,0.0,0,0,0,0.0,0,0,0,0.0,0,0,0,0.0,0,0,0,0.0,0,0,0,0.0,0,0,0,0.0,0,0,0,0.0,0,0,0,0.0,0,0,0,0.0,0,0,0,0.0,0,0,0,0.0,0,0,0,0.0,0,0,0,0.0,0,0,0,0.0,0,0,0,0.0,0,0,0,0.0,186,0,3,5.0
ccohs-cchst,23,0,0,0.0,64,1,3,5.0,3,0,0,0.0,258,0,16,23.0,0,0,0,0.0,9,0,0,2.0,0,0,0,0.0,0,0,0,0.0,0,0,0,0.0,35,0,0,0.0,88,1,3,6.0,0,0,0,0.0,0,0,0,0.0,20,0,0,0.0,0,0,0,0.0,0,0,0,0.0,0,0,0,0.0,0,0,0,0.0,0,0,0,0.0,0,0,0,0.0,9,0,0,0.0,172,0,2,5.0,52,1,2,3.0,0,0,0,0.0,733,3,26,44.0
ccperb-cceebc,2,0,0,0.0,0,0,0,0.0,0,0,0,0.0,0,0,0,0.0,0,0,0,0.0,0,0,0,0.0,0,0,0,0.0,0,0,0,0.0,0,0,0,0.0,0,0,0,0.0,0,0,0,0.0,0,0,0,0.0,0,0,0,0.0,0,0,0,0.0,0,0,0,0.0,0,0,0,0.0,0,0,0,0.0,0,0,0,0.0,0,0,0,0.0,0,0,0,0.0,0,0,0,0.0,0,0,0,0.0,0,0,0,0.0,0,0,0,0.0,2,0,0,0.0
cdc-ccl,42,0,0,0.0,0,0,0,0.0,0,0,0,0.0,0,0,0,0.0,0,0,0,0.0,0,0,0,0.0,0,0,0,0.0,0,0,0,0.0,0,0,0,0.0,0,0,0,0.0,4,0,0,0.0,0,0,0,0.0,0,0,0,0.0,0,0,0,0.0,0,0,0,0.0,0,0,0,0.0,10,0,0,0.0,4,0,0,0.0,0,0,0,0.0,0,0,0,0.0,2,0,0,0.0,48,1,11,21.0,0,0,0,0.0,0,0,0,0.0,110,1,11,21.0
cdev,92,0,0,8.0,41,0,0,0.0,0,0,0,0.0,0,0,0,0.0,0,0,0,0.0,0,0,0,0.0,0,0,0,0.0,0,0,0,0.0,0,0,0,0.0,0,0,0,0.0,0,0,0,0.0,0,0,0,0.0,0,0,0,0.0,0,0,0,0.0,0,0,0,0.0,0,0,0,0.0,0,0,0,0.0,0,0,0,0.0,0,0,0,0.0,0,0,0,0.0,0,0,0,0.0,0,0,0,0.0,0,0,0,0.0,0,0,0,0.0,133,0,0,8.0
cdic-sadc,36,0,0,6.0,66,1,3,4.0,0,0,0,0.0,0,0,0,0.0,0,0,0,0.0,0,0,0,0.0,0,0,0,0.0,0,0,0,0.0,0,0,0,0.0,88,1,13,16.0,12,0,0,1.0,0,0,0,0.0,0,0,0,0.0,13,0,0,1.0,0,0,0,0.0,0,0,0,0.0,0,0,0,0.0,0,0,0,0.0,0,0,0,0.0,0,0,0,0.0,3,0,0,0.0,334,0,15,34.0,1,0,0,0.0,0,0,0,0.0,553,2,31,62.0
ced-dec,303,0,3,7.0,32,1,2,2.0,965,10,34,74.0,2024,0,10,25.0,0,0,0,0.0,8,0,0,1.0,0,0,0,0.0,16634,0,173,608.0,0,0,0,0.0,784,1,1,2.0,70,1,3,5.0,0,0,0,0.0,4,0,0,0.0,10,0,0,0.0,94,0,13,13.0,0,0,0,0.0,76,0,0,0.0,31,0,0,0.0,5,0,0,0.0,1,0,0,0.0,14,0,0,0.0,3015,3,16,33.0,20,0,0,0.0,0,0,0,0.0,24090,16,255,770.0
ceefc-cfuec,10,0,0,0.0,66,0,0,2.0,0,0,0,0.0,0,0,0,0.0,0,0,0,0.0,0,0,0,0.0,0,0,0,0.0,0,0,0,0.0,0,0,0,0.0,0,0,0,0.0,0,0,0,0.0,0,0,0,0.0,0,0,0,0.0,0,0,0,0.0,0,0,0,0.0,0,0,0,0.0,0,0,0,0.0,0,0,0,0.0,0,0,0,0.0,0,0,0,0.0,0,0,0,0.0,0,0,0,0.0,0,0,0,0.0,0,0,0,0.0,76,0,0,2.0
celd,0,0,0,0.0,77,0,0,2.0,0,0,0,0.0,0,0,0,0.0,0,0,0,0.0,0,0,0,0.0,0,0,0,0.0,0,0,0,0.0,0,0,0,0.0,0,0,0,0.0,0,0,0,0.0,0,0,0,0.0,0,0,0,0.0,0,0,0,0.0,0,0,0,0.0,0,0,0,0.0,0,0,0,0.0,0,0,0,0.0,0,0,0,0.0,0,0,0,0.0,0,0,0,0.0,0,0,0,0.0,0,0,0,0.0,0,0,0,0.0,77,0,0,2.0
cer-rec,709,3,10,13.0,21,0,0,1.0,1393,9,25,62.0,1982,0,27,73.0,1,0,0,0.0,10,0,0,1.0,0,0,0,0.0,780,0,34,61.0,2,0,0,0.0,340,6,9,23.0,19,1,1,1.0,1,0,0,0.0,4,0,1,2.0,4,0,0,0.0,0,0,0,0.0,0,0,0,0.0,0,0,0,0.0,0,0,0,0.0,2,0,0,0.0,2,0,0,0.0,10,0,0,0.0,713,18,159,189.0,19,0,0,0.0,0,0,0,0.0,6012,37,266,426.0
cfia-acia,2635,30,69,102.0,0,0,0,0.0,842,20,53,100.0,6579,0,100,319.0,0,0,0,0.0,9,0,0,1.0,117,0,4,8.0,54,0,0,0.0,12,0,0,0.0,306,0,3,4.0,46,1,1,3.0,0,0,0,0.0,25,0,1,2.0,3,0,0,0.0,0,0,0,0.0,0,0,0,0.0,15,0,0,0.0,0,0,0,0.0,0,0,0,0.0,0,0,0,0.0,5,0,0,0.0,471,1,7,16.0,25,0,0,0.0,0,0,0,0.0,11144,52,238,555.0
cfmws-sbmfc,79,1,11,11.0,37,0,4,4.0,0,0,0,0.0,0,0,0,0.0,0,0,0,0.0,0,0,0,0.0,0,0,0,0.0,0,0,0,0.0,0,0,0,0.0,0,0,0,0.0,0,0,0,0.0,0,0,0,0.0,0,0,0,0.0,0,0,0,0.0,0,0,0,0.0,0,0,0,0.0,0,0,0,0.0,0,0,0,0.0,0,0,0,0.0,0,0,0,0.0,0,0,0,0.0,0,0,0,0.0,0,0,0,0.0,0,0,0,0.0,116,1,15,15.0
cgc-ccg,41,0,0,0.0,64,1,4,6.0,499,0,24,41.0,1429,0,23,56.0,1,0,0,0.0,9,0,0,1.0,54,0,2,2.0,0,0,0,0.0,0,0,0,0.0,76,0,1,5.0,50,1,2,2.0,0,0,0,0.0,0,0,0,0.0,0,0,0,0.0,0,0,0,0.0,0,0,0,0.0,84,0,4,4.0,17,1,1,1.0,0,0,0,0.0,0,0,0,0.0,7,0,0,0.0,224,2,5,13.0,26,0,0,0.0,0,0,0,0.0,2581,5,66,131.0
cgf-fcc,1,0,0,1.0,40,0,0,1.0,0,0,0,0.0,0,0,0,0.0,0,0,0,0.0,0,0,0,0.0,0,0,0,0.0,0,0,0,0.0,0,0,0,0.0,0,0,0,0.0,0,0,0,0.0,0,0,0,0.0,0,0,0,0.0,0,0,0,0.0,0,0,0,0.0,0,0,0,0.0,0,0,0,0.0,0,0,0,0.0,0,0,0,0.0,0,0,0,0.0,0,0,0,0.0,0,0,0,0.0,0,0,0,0.0,0,0,0,0.0,41,0,0,2.0
cgfimi-gafcc,2,0,0,0.0,36,1,3,6.0,0,0,0,0.0,0,0,0,0.0,0,0,0,0.0,0,0,0,0.0,0,0,0,0.0,0,0,0,0.0,0,0,0,0.0,0,0,0,0.0,0,0,0,0.0,0,0,0,0.0,0,0,0,0.0,0,0,0,0.0,0,0,0,0.0,0,0,0,0.0,0,0,0,0.0,0,0,0,0.0,0,0,0,0.0,0,0,0,0.0,0,0,0,0.0,0,0,0,0.0,0,0,0,0.0,0,0,0,0.0,38,1,3,6.0
chhc-sgch,0,0,0,0.0,77,0,0,2.0,0,0,0,0.0,0,0,0,0.0,0,0,0,0.0,0,0,0,0.0,0,0,0,0.0,0,0,0,0.0,0,0,0,0.0,0,0,0,0.0,0,0,0,0.0,0,0,0,0.0,0,0,0,0.0,0,0,0,0.0,0,0,0,0.0,0,0,0,0.0,0,0,0,0.0,0,0,0,0.0,0,0,0,0.0,0,0,0,0.0,0,0,0,0.0,0,0,0,0.0,0,0,0,0.0,0,0,0,0.0,77,0,0,2.0
chrc-ccdp,240,5,6,9.0,21,0,0,0.0,394,5,19,35.0,840,0,11,36.0,0,0,0,0.0,9,0,0,1.0,0,0,0,0.0,0,0,0,0.0,0,0,0,0.0,1,0,0,0.0,42,1,3,6.0,0,0,0,0.0,3,0,0,0.0,25,0,0,22.0,0,0,0,0.0,0,0,0,0.0,24,0,1,1.0,21,0,0,1.0,0,0,0,0.0,0,0,0,0.0,7,0,0,0.0,301,0,0,3.0,30,1,3,4.0,0,0,0,0.0,1958,12,43,118.0
cib-bic,113,3,3,7.0,31,0,2,2.0,0,0,0,0.0,0,0,0,0.0,0,0,0,0.0,0,0,0,0.0,0,0,0,0.0,0,0,0,0.0,0,0,0,0.0,41,5,11,12.0,14,0,1,2.0,0,0,0,0.0,0,0,0,0.0,0,0,0,0.0,0,0,0,0.0,0,0,0,0.0,0,0,0,0.0,0,0,0,0.0,0,0,0,0.0,0,0,0,0.0,0,0,0,0.0,406,31,60,77.0,2,0,0,0.0,0,0,0,0.0,607,39,77,100.0
cic,8828,57,79,289.0,0,0,0,0.0,4215,60,94,217.0,16656,0,172,771.0,0,0,0,0.0,9,0,0,1.0,115,0,4,8.0,18806,0,413,764.0,0,0,0,0.0,592,0,0,6.0,27,0,0,0.0,0,0,0,0.0,0,0,0,0.0,1,0,0,0.0,279,0,0,0.0,0,0,0,0.0,1604,0,2,3.0,7,0,0,0.0,0,0,0,0.0,0,0,0,0.0,0,0,0,0.0,2367,32,49,92.0,13,0,0,0.0,5,0,0,0.0,53524,149,813,2151.0
cicc-ccic,24,1,1,7.0,47,1,2,4.0,0,0,0,0.0,0,0,0,0.0,0,0,0,0.0,0,0,0,0.0,0,0,0,0.0,0,0,0,0.0,0,0,0,0.0,76,7,8,23.0,11,0,0,0.0,0,0,0,0.0,0,0,0,0.0,0,0,0,0.0,0,0,0,0.0,0,0,0,0.0,0,0,0,0.0,0,0,0,0.0,0,0,0,0.0,0,0,0,0.0,0,0,0,0.0,528,25,27,45.0,6,0,0,0.0,0,0,0,0.0,692,34,38,79.0
ciccdev,2,0,0,1.0,38,0,0,1.0,0,0,0,0.0,0,0,0,0.0,0,0,0,0.0,0,0,0,0.0,0,0,0,0.0,0,0,0,0.0,0,0,0,0.0,0,0,0,0.0,0,0,0,0.0,0,0,0,0.0,0,0,0,0.0,0,0,0,0.0,0,0,0,0.0,0,0,0,0.0,0,0,0,0.0,0,0,0,0.0,0,0,0,0.0,0,0,0,0.0,0,0,0,0.0,0,0,0,0.0,0,0,0,0.0,0,0,0,0.0,40,0,0,2.0
cics-scic,0,0,0,0.0,0,0,0,0.0,0,0,0,0.0,352,0,20,24.0,0,0,0,0.0,7,0,0,0.0,0,0,0,0.0,0,0,0,0.0,0,0,0,0.0,13,0,0,0.0,89,1,3,6.0,0,0,0,0.0,0,0,0,0.0,0,0,0,0.0,0,0,0,0.0,0,0,0,0.0,0,0,0,0.0,2,0,0,0.0,0,0,0,0.0,0,0,0,0.0,7,0,0,0.0,17,0,0,0.0,80,1,3,6.0,0,0,0,0.0,567,2,26,36.0
cihr-irsc,235,1,11,13.0,13,0,0,1.0,1365,18,72,107.0,1597,0,19,58.0,0,0,0,0.0,10,0,0,1.0,89,0,0,6.0,45887,0,1836,2219.0,0,0,0,0.0,384,3,6,8.0,61,0,0,1.0,32,1,1,1.0,1,0,0,0.0,0,0,0,0.0,0,0,0,0.0,0,0,0,0.0,31,0,0,6.0,14,0,1,1.0,0,0,0,0.0,0,0,0,0.0,15,0,0,0.0,889,8,27,33.0,34,1,1,1.0,0,0,0,0.0,50657,32,1974,2456.0
cilgc-cgpac,2,0,0,0.0,9,0,0,2.0,0,0,0,0.0,0,0,0,0.0,0,0,0,0.0,0,0,0,0.0,0,0,0,0.0,0,0,0,0.0,0,0,0,0.0,0,0,0,0.0,0,0,0,0.0,0,0,0,0.0,0,0,0,0.0,0,0,0,0.0,0,0,0,0.0,0,0,0,0.0,0,0,0,0.0,0,0,0,0.0,0,0,0,0.0,0,0,0,0.0,0,0,0,0.0,0,0,0,0.0,0,0,0,0.0,0,0,0,0.0,11,0,0,2.0
cirb-ccri,8,0,0,0.0,0,0,0,0.0,0,0,0,0.0,0,0,0,0.0,0,0,0,0.0,0,0,0,0.0,0,0,0,0.0,0,0,0,0.0,0,0,0,0.0,0,0,0,0.0,0,0,0,0.0,0,0,0,0.0,0,0,0,0.0,0,0,0,0.0,0,0,0,0.0,0,0,0,0.0,0,0,0,0.0,0,0,0,0.0,0,0,0,0.0,0,0,0,0.0,0,0,0,0.0,0,0,0,0.0,0,0,0,0.0,0,0,0,0.0,8,0,0,0.0
citt-tcce,5,0,0,0.0,0,0,0,0.0,0,0,0,0.0,0,0,0,0.0,0,0,0,0.0,0,0,0,0.0,0,0,0,0.0,0,0,0,0.0,0,0,0,0.0,0,0,0,0.0,0,0,0,0.0,0,0,0,0.0,0,0,0,0.0,0,0,0,0.0,0,0,0,0.0,0,0,0,0.0,0,0,0,0.0,0,0,0,0.0,0,0,0,0.0,0,0,0,0.0,0,0,0,0.0,0,0,0,0.0,0,0,0,0.0,0,0,0,0.0,5,0,0,0.0
clccl-siccl,25,0,0,2.0,44,0,0,1.0,0,0,0,0.0,0,0,0,0.0,0,0,0,0.0,0,0,0,0.0,0,0,0,0.0,0,0,0,0.0,0,0,0,0.0,0,0,0,0.0,0,0,0,0.0,0,0,0,0.0,0,0,0,0.0,0,0,0,0.0,0,0,0,0.0,0,0,0,0.0,0,0,0,0.0,0,0,0,0.0,0,0,0,0.0,0,0,0,0.0,0,0,0,0.0,0,0,0,0.0,0,0,0,0.0,0,0,0,0.0,69,0,0,3.0
clcl-sicl,9,0,0,0.0,64,0,1,7.0,0,0,0,0.0,0,0,0,0.0,0,0,0,0.0,0,0,0,0.0,0,0,0,0.0,0,0,0,0.0,0,0,0,0.0,0,0,0,0.0,0,0,0,0.0,0,0,0,0.0,0,0,0,0.0,0,0,0,0.0,0,0,0,0.0,0,0,0,0.0,0,0,0,0.0,0,0,0,0.0,0,0,0,0.0,0,0,0,0.0,0,0,0,0.0,0,0,0,0.0,0,0,0,0.0,0,0,0,0.0,73,0,1,7.0
cmc-mcc,75,0,4,6.0,53,1,2,3.0,0,0,0,0.0,0,0,0,0.0,0,0,0,0.0,0,0,0,0.0,0,0,0,0.0,0,0,0,0.0,0,0,0,0.0,29,0,3,11.0,12,1,1,1.0,0,0,0,0.0,0,0,0,0.0,5,0,1,1.0,0,0,0,0.0,0,0,0,0.0,0,0,0,0.0,0,0,0,0.0,0,0,0,0.0,0,0,0,0.0,0,0,0,0.0,222,4,20,49.0,0,0,0,0.0,0,0,0,0.0,396,6,31,71.0
cmhc-schl,706,1,14,32.0,1,0,0,0.0,0,0,0,0.0,0,0,0,0.0,0,0,0,0.0,0,0,0,0.0,0,0,0,0.0,0,0,0,0.0,0,0,0,0.0,190,158,158,159.0,31,31,31,31.0,0,0,0,0.0,0,0,0,0.0,0,0,0,0.0,0,0,0,0.0,0,0,0,0.0,0,0,0,0.0,0,0,0,0.0,0,0,0,0.0,0,0,0,0.0,0,0,0,0.0,2813,1757,1822,1930.0,0,0,0,0.0,0,0,0,0.0,3741,1947,2025,2152.0
cmhr-mcdp,32,0,0,2.0,36,0,0,2.0,0,0,0,0.0,0,0,0,0.0,0,0,0,0.0,0,0,0,0.0,0,0,0,0.0,0,0,0,0.0,0,0,0,0.0,131,3,4,18.0,0,0,0,0.0,0,0,0,0.0,0,0,0,0.0,0,0,0,0.0,0,0,0,0.0,0,0,0,0.0,0,0,0,0.0,0,0,0,0.0,0,0,0,0.0,0,0,0,0.0,0,0,0,0.0,119,1,2,19.0,0,0,0,0.0,0,0,0,0.0,318,4,6,41.0
cmip-mciq,10,0,0,0.0,74,0,2,5.0,0,0,0,0.0,0,0,0,0.0,0,0,0,0.0,0,0,0,0.0,0,0,0,0.0,0,0,0,0.0,0,0,0,0.0,114,0,18,21.0,1,0,0,0.0,0,0,0,0.0,0,0,0,0.0,5,0,0,0.0,0,0,0,0.0,0,0,0,0.0,0,0,0,0.0,0,0,0,0.0,0,0,0,0.0,0,0,0,0.0,3,0,0,1.0,145,0,20,23.0,1,0,0,0.0,0,0,0,0.0,353,0,40,50.0
cmn-mcn,23,0,0,0.0,39,0,0,0.0,0,0,0,0.0,0,0,0,0.0,0,0,0,0.0,0,0,0,0.0,0,0,0,0.0,0,0,0,0.0,0,0,0,0.0,41,1,4,4.0,15,1,1,2.0,0,0,0,0.0,0,0,0,0.0,0,0,0,0.0,0,0,0,0.0,0,0,0,0.0,0,0,0,0.0,0,0,0,0.0,0,0,0,0.0,0,0,0,0.0,2,0,0,0.0,130,4,18,22.0,8,0,0,0.0,0,0,0,0.0,258,6,23,28.0
cnlopb,138,0,0,0.0,54,0,0,0.0,0,0,0,0.0,0,0,0,0.0,0,0,0,0.0,0,0,0,0.0,0,0,0,0.0,0,0,0,0.0,0,0,0,0.0,0,0,0,0.0,0,0,0,0.0,0,0,0,0.0,0,0,0,0.0,0,0,0,0.0,0,0,0,0.0,0,0,0,0.0,0,0,0,0.0,0,0,0,0.0,0,0,0,0.0,0,0,0,0.0,0,0,0,0.0,0,0,0,0.0,0,0,0,0.0,0,0,0,0.0,192,0,0,0.0
cnsc-ccsn,2047,0,17,46.0,0,0,0,0.0,1532,0,14,26.0,2310,0,35,178.0,0,0,0,0.0,9,0,0,1.0,91,0,0,0.0,1111,0,21,73.0,0,0,0,0.0,123,0,0,2.0,4,0,0,0.0,0,0,0,0.0,1,0,0,0.0,2,0,0,0.0,0,0,0,0.0,0,0,0,0.0,0,0,0,0.0,0,0,0,0.0,1,0,0,0.0,2,0,0,1.0,0,0,0,0.0,562,13,13,46.0,2,0,0,0.0,0,0,0,0.0,7797,13,100,373.0
cnsopb,5,0,0,0.0,60,1,3,5.0,0,0,0,0.0,0,0,0,0.0,0,0,0,0.0,0,0,0,0.0,0,0,0,0.0,0,0,0,0.0,0,0,0,0.0,0,0,0,0.0,0,0,0,0.0,0,0,0,0.0,0,0,0,0.0,0,0,0,0.0,0,0,0,0.0,0,0,0,0.0,0,0,0,0.0,0,0,0,0.0,0,0,0,0.0,0,0,0,0.0,0,0,0,0.0,0,0,0,0.0,0,0,0,0.0,0,0,0,0.0,65,1,3,5.0
cpata-cabamc,0,0,0,0.0,40,2,3,6.0,0,0,0,0.0,0,0,0,0.0,0,0,0,0.0,0,0,0,0.0,0,0,0,0.0,0,0,0,0.0,0,0,0,0.0,28,0,5,9.0,22,2,2,4.0,0,0,0,0.0,0,0,0,0.0,0,0,0,0.0,0,0,0,0.0,0,0,0,0.0,0,0,0,0.0,0,0,0,0.0,0,0,0,0.0,0,0,0,0.0,0,0,0,0.0,72,0,6,12.0,19,2,2,3.0,0,0,0,0.0,181,6,18,34.0
cpc-cpp,102,0,4,7.0,33,0,1,2.0,31,2,7,9.0,321,0,8,15.0,0,0,0,0.0,1,0,0,0.0,0,0,0,0.0,0,0,0,0.0,0,0,0,0.0,66,2,3,3.0,73,0,1,4.0,0,0,0,0.0,2,0,0,0.0,21,0,0,1.0,0,0,0,0.0,6,0,0,1.0,28,0,0,0.0,29,0,1,2.0,0,0,0,0.0,1,0,0,1.0,0,0,0,0.0,81,2,9,11.0,67,0,0,2.0,0,0,0,0.0,862,6,34,58.0
cpc-scp,175,0,0,0.0,5,0,0,0.0,0,0,0,0.0,0,0,0,0.0,0,0,0,0.0,0,0,0,0.0,0,0,0,0.0,0,0,0,0.0,0,0,0,0.0,0,0,0,0.0,0,0,0,0.0,0,0,0,0.0,0,0,0,0.0,0,0,0,0.0,0,0,0,0.0,0,0,0,0.0,0,0,0,0.0,0,0,0,0.0,0,0,0,0.0,0,0,0,0.0,0,0,0,0.0,0,0,0,0.0,0,0,0,0.0,0,0,0,0.0,180,0,0,0.0
cra-arc,6491,-23,191,252.0,0,0,0,0.0,2000,7,27,58.0,43316,0,162,399.0,0,0,0,0.0,7,0,0,1.0,0,0,0,0.0,7188,0,0,110.0,23,0,1,1.0,1069,0,1,3.0,38,1,2,3.0,0,0,0,0.0,0,0,0,0.0,0,0,0,0.0,81,0,2,2.0,0,0,0,0.0,341,0,1,3.0,7,0,0,0.0,4,0,0,0.0,0,0,0,0.0,11,0,0,0.0,5342,10,50,96.0,7,0,0,0.0,1,0,0,0.0,65926,-5,437,928.0
crrf-fcrr,15,0,0,0.0,33,0,0,0.0,0,0,0,0.0,0,0,0,0.0,0,0,0,0.0,0,0,0,0.0,0,0,0,0.0,0,0,0,0.0,0,0,0,0.0,0,0,0,0.0,0,0,0,0.0,0,0,0,0.0,0,0,0,0.0,0,0,0,0.0,0,0,0,0.0,0,0,0,0.0,0,0,0,0.0,0,0,0,0.0,0,0,0,0.0,0,0,0,0.0,0,0,0,0.0,0,0,0,0.0,0,0,0,0.0,0,0,0,0.0,48,0,0,0.0
crtc,522,9,17,28.0,2,0,0,0.0,330,3,11,18.0,1118,0,28,69.0,0,0,0,0.0,1,0,0,1.0,0,0,0,0.0,0,0,0,0.0,15,0,0,0.0,31,0,0,0.0,67,1,3,6.0,0,0,0,0.0,20,0,0,1.0,4,0,0,0.0,0,0,0,0.0,0,0,0,0.0,31,0,0,0.0,18,0,1,2.0,0,0,0,0.0,0,0,0,0.0,7,0,0,0.0,692,4,33,45.0,22,0,0,0.0,0,0,0,0.0,2880,17,93,170.0
csa-asc,429,4,6,12.0,18,0,0,2.0,276,1,5,14.0,4322,73,73,233.0,0,0,0,0.0,8,0,0,1.0,97,0,3,5.0,1999,4,67,160.0,0,0,0,0.0,78,1,1,1.0,51,0,0,0.0,0,0,0,0.0,2,1,1,1.0,8,0,0,0.0,0,0,0,0.0,0,0,0,0.0,16,0,0,0.0,23,0,2,3.0,0,0,0,0.0,1,0,0,0.0,9,0,0,0.0,671,3,9,29.0,10,0,0,0.0,0,0,0,0.0,8018,87,167,461.0
csc-scc,3716,29,47,101.0,0,0,0,0.0,1800,18,48,111.0,58956,0,1631,3207.0,0,0,0,0.0,9,0,0,1.0,111,0,4,8.0,338,0,9,20.0,4,0,0,0.0,101,0,4,4.0,60,0,0,1.0,1,0,0,0.0,18,1,2,2.0,24,0,0,14.0,0,0,0,0.0,0,0,0,0.0,148,0,0,10.0,5,0,0,0.0,2,0,0,0.0,3,0,1,1.0,8,0,0,0.0,1882,4,26,65.0,34,0,0,1.0,0,0,0,0.0,67220,52,1772,3546.0
csec-cstc,671,1,6,23.0,12,0,0,0.0,976,14,40,90.0,0,0,0,0.0,0,0,0,0.0,0,0,0,0.0,0,0,0,0.0,0,0,0,0.0,0,0,0,0.0,0,0,0,0.0,0,0,0,0.0,0,0,0,0.0,0,0,0,0.0,0,0,0,0.0,0,0,0,0.0,0,0,0,0.0,0,0,0,0.0,0,0,0,0.0,0,0,0,0.0,0,0,0,0.0,0,0,0,0.0,0,0,0,0.0,0,0,0,0.0,0,0,0,0.0,1659,15,46,113.0
csis-scrs,2481,20,44,104.0,0,0,0,0.0,876,0,0,0.0,0,0,0,0.0,0,0,0,0.0,0,0,0,0.0,0,0,0,0.0,0,0,0,0.0,0,0,0,0.0,0,0,0,0.0,0,0,0,0.0,0,0,0,0.0,0,0,0,0.0,1,0,0,0.0,0,0,0,0.0,0,0,0,0.0,0,0,0,0.0,0,0,0,0.0,0,0,0,0.0,0,0,0,0.0,0,0,0,0.0,0,0,0,0.0,0,0,0,0.0,0,0,0,0.0,3358,20,44,104.0
csps-efpc,225,0,-29,-26.0,21,1,1,2.0,308,1,2,7.0,1092,0,24,41.0,0,0,0,0.0,9,0,0,1.0,0,0,0,0.0,0,0,0,0.0,0,0,0,0.0,102,0,0,0.0,63,1,2,6.0,0,0,0,0.0,0,0,0,0.0,0,0,0,0.0,0,0,0,0.0,0,0,0,0.0,46,0,0,0.0,24,0,1,2.0,0,0,0,0.0,0,0,0,0.0,0,0,0,0.0,215,1,3,17.0,27,0,1,1.0,0,0,0,0.0,2132,4,5,51.0
cstm-mstc,38,0,3,3.0,70,1,6,6.0,0,0,0,0.0,0,0,0,0.0,0,0,0,0.0,0,0,0,0.0,0,0,0,0.0,0,0,0,0.0,0,0,0,0.0,0,0,0,0.0,0,0,0,0.0,0,0,0,0.0,0,0,0,0.0,0,0,0,0.0,0,0,0,0.0,0,0,0,0.0,0,0,0,0.0,0,0,0,0.0,0,0,0,0.0,0,0,0,0.0,0,0,0,0.0,0,0,0,0.0,0,0,0,0.0,0,0,0,0.0,108,1,9,9.0
cta-otc,324,1,1,2.0,15,1,3,3.0,285,4,24,28.0,1259,0,14,30.0,0,0,0,0.0,10,0,0,0.0,0,0,0,0.0,0,0,0,0.0,0,0,0,0.0,26,0,0,0.0,82,1,3,6.0,0,0,0,0.0,6,0,0,0.0,0,0,0,0.0,0,0,0,0.0,0,0,0,0.0,9,0,0,0.0,33,0,0,0.0,0,0,0,0.0,1,0,0,0.0,8,0,0,0.0,165,3,4,8.0,44,0,1,2.0,0,0,0,0.0,2267,10,50,79.0
ctc-cct,21,0,0,2.0,67,0,0,1.0,0,0,0,0.0,0,0,0,0.0,0,0,0,0.0,0,0,0,0.0,0,0,0,0.0,0,0,0,0.0,0,0,0,0.0,0,0,0,0.0,0,0,0,0.0,0,0,0,0.0,0,0,0,0.0,0,0,0,0.0,0,0,0,0.0,0,0,0,0.0,0,0,0,0.0,0,0,0,0.0,0,0,0,0.0,0,0,0,0.0,0,0,0,0.0,0,0,0,0.0,0,0,0,0.0,0,0,0,0.0,88,0,0,3.0
cwa-aec,9,0,2,4.0,18,1,2,4.0,78,0,2,11.0,91,0,17,26.0,0,0,0,0.0,0,0,0,0.0,0,0,0,0.0,241,0,9,74.0,1,0,0,0.0,0,0,0,0.0,23,1,3,6.0,0,0,0,0.0,0,0,0,0.0,3,1,2,2.0,0,0,0,0.0,2,0,0,0.0,0,0,0,0.0,7,0,1,2.0,2,0,0,0.0,1,0,0,0.0,0,0,0,0.0,43,2,9,17.0,0,0,0,0.0,0,0,0,0.0,519,5,47,146.0
dcc-cdc,54,3,5,9.0,45,0,1,2.0,0,0,0,0.0,0,0,0,0.0,0,0,0,0.0,0,0,0,0.0,0,0,0,0.0,0,0,0,0.0,0,0,0,0.0,98,0,2,6.0,13,0,0,0.0,0,0,0,0.0,0,0,0,0.0,5,0,0,0.0,0,0,0,0.0,0,0,0,0.0,0,0,0,0.0,0,0,0,0.0,0,0,0,0.0,0,0,0,0.0,0,0,0,0.0,525,8,44,79.0,6,0,0,0.0,0,0,0,0.0,746,11,52,96.0
dfatd-maecd,12604,35,73,305.0,0,0,0,0.0,10153,41,118,234.0,79173,0,1032,2444.0,0,0,0,0.0,9,0,0,1.0,126,0,3,7.0,16215,0,214,552.0,0,0,0,0.0,36284,21,115,393.0,0,0,0,0.0,47,0,4,4.0,8,0,0,1.0,15,0,-4,-4.0,314,0,0,3.0,1,0,0,0.0,509,0,10,17.0,0,0,0,0.0,3,0,0,0.0,4,0,0,0.0,13,0,0,0.0,16216,49,201,428.0,0,0,0,0.0,22,0,0,0.0,171716,146,1766,4385.0
dfi-ifd,2,1,1,1.0,35,2,2,3.0,0,0,0,0.0,0,0,0,0.0,0,0,0,0.0,0,0,0,0.0,0,0,0,0.0,0,0,0,0.0,0,0,0,0.0,63,0,0,0.0,15,1,3,5.0,0,0,0,0.0,0,0,0,0.0,0,0,0,0.0,0,0,0,0.0,0,0,0,0.0,0,0,0,0.0,0,0,0,0.0,0,0,0,0.0,0,0,0,0.0,2,0,0,0.0,98,1,9,9.0,8,0,0,2.0,0,0,0,0.0,223,5,15,20.0
dfo-mpo,5146,52,89,179.0,0,0,0,0.0,5857,48,178,374.0,117545,4,913,2419.0,1,0,0,0.0,9,0,0,1.0,103,0,4,8.0,18580,0,76,614.0,0,0,0,0.0,309,1,1,3.0,50,1,2,4.0,26,0,1,3.0,10,0,0,2.0,4,0,0,0.0,780,0,36,36.0,0,0,0,0.0,413,0,2,17.0,3,0,0,0.0,6,0,0,0.0,2,0,1,1.0,16,0,1,1.0,2260,34,34,95.0,7,0,0,0.0,0,0,0,0.0,151127,140,1338,3757.0
dnd-mdn,10919,82,95,-4334.0,0,0,0,0.0,4922,42,181,324.0,362845,0,9555,19095.0,0,0,0,0.0,9,0,0,1.0,132,0,4,8.0,1182,0,42,183.0,4,0,0,0.0,1920,14,48,77.0,74,0,0,0.0,26,0,1,1.0,3,0,1,1.0,7,0,0,0.0,127,0,0,0.0,0,0,0,0.0,1381,0,42,53.0,0,0,0,0.0,6,0,0,1.0,3,0,1,2.0,14,0,0,0.0,7356,154,333,580.0,104,0,0,1.0,14,0,1,1.0,391048,292,10304,15994.0
downsview,0,0,0,0.0,29,1,3,6.0,0,0,0,0.0,0,0,0,0.0,0,0,0,0.0,0,0,0,0.0,0,0,0,0.0,0,0,0,0.0,0,0,0,0.0,95,8,16,41.0,0,0,0,0.0,0,0,0,0.0,0,0,0,0.0,0,0,0,0.0,0,0,0,0.0,0,0,0,0.0,0,0,0,0.0,0,0,0,0.0,0,0,0,0.0,0,0,0,0.0,0,0,0,0.0,149,5,9,78.0,0,0,0,0.0,0,0,0,0.0,273,14,28,125.0
ec,4285,7,36,79.0,0,0,0,0.0,4534,-11,79,228.0,69222,0,391,1139.0,0,0,0,0.0,9,0,0,1.0,136,0,3,7.0,8587,0,5,186.0,0,0,0,0.0,296,0,2,3.0,36,1,1,3.0,6,1,3,4.0,0,0,0,0.0,0,0,0,0.0,185,0,0,0.0,0,0,0,0.0,1262,0,15,51.0,0,0,0,0.0,1,0,0,0.0,0,0,0,0.0,15,0,0,0.0,2051,16,49,139.0,2,0,0,0.0,3,0,0,0.0,90630,14,584,1840.0
edc,139,5,5,10.0,17,1,1,2.0,0,0,0,0.0,0,0,0,0.0,0,0,0,0.0,0,0,0,0.0,0,0,0,0.0,0,0,0,0.0,0,0,0,0.0,813,19,89,128.0,0,0,0,0.0,0,0,0,0.0,0,0,0,0.0,2,0,1,1.0,0,0,0,0.0,0,0,0,0.0,0,0,0,0.0,0,0,0,0.0,0,0,0,0.0,0,0,0,0.0,3,0,0,1.0,824,15,82,116.0,0,0,0,0.0,0,0,0,0.0,1798,40,178,258.0
elections,843,0,7,16.0,6,1,1,1.0,1589,11,53,103.0,3606,0,71,218.0,0,0,0,0.0,8,0,0,0.0,0,0,0,0.0,0,0,0,0.0,0,0,0,0.0,47,2,6,7.0,58,0,1,3.0,5,0,0,0.0,10,1,1,2.0,0,0,0,0.0,0,0,0,0.0,0,0,0,0.0,44,0,0,2.0,19,0,1,1.0,0,0,0,0.0,0,0,0,0.0,0,0,0,0.0,157,2,4,11.0,30,0,0,0.0,0,0,0,0.0,6422,17,145,364.0
erc-cee,11,0,0,0.0,70,1,3,6.0,0,0,0,0.0,37,0,0,1.0,10,0,1,1.0,4,0,0,1.0,0,0,0,0.0,0,0,0,0.0,0,0,0,0.0,6,0,0,0.0,78,1,3,6.0,0,0,0,0.0,0,0,0,0.0,0,0,0,0.0,0,0,0,0.0,0,0,0,0.0,0,0,0,0.0,3,0,0,0.0,0,0,0,0.0,0,0,0,0.0,0,0,0,0.0,33,0,0,1.0,70,1,3,5.0,0,0,0,0.0,322,3,10,21.0
esdc-edsc,2729,68,97,157.0,0,0,0,0.0,8710,72,184,451.0,40131,0,269,990.0,0,0,0,0.0,9,0,0,1.0,115,0,3,6.0,352902,0,176,3521.0,0,0,0,0.0,3401,3,14,25.0,0,0,0,0.0,71,1,3,6.0,17,0,1,2.0,14,0,0,0.0,845,0,59,59.0,1,0,0,0.0,1160,0,1,2.0,8,0,0,0.0,19,0,0,0.0,11,0,0,1.0,15,0,0,0.0,13813,40,151,277.0,0,0,0,0.0,3,0,0,0.0,423974,184,958,5498.0
exi,0,0,0,0.0,37,3,3,4.0,0,0,0,0.0,0,0,0,0.0,0,0,0,0.0,0,0,0,0.0,0,0,0,0.0,0,0,0,0.0,0,0,0,0.0,0,0,0,0.0,0,0,0,0.0,0,0,0,0.0,0,0,0,0.0,0,0,0,0.0,0,0,0,0.0,0,0,0,0.0,0,0,0,0.0,0,0,0,0.0,0,0,0,0.0,0,0,0,0.0,0,0,0,0.0,0,0,0,0.0,0,0,0,0.0,0,0,0,0.0,37,3,3,4.0
fbcl-spfl,21,0,0,1.0,72,0,2,4.0,0,0,0,0.0,0,0,0,0.0,0,0,0,0.0,0,0,0,0.0,0,0,0,0.0,0,0,0,0.0,0,0,0,0.0,4,0,0,1.0,25,1,2,5.0,0,0,0,0.0,0,0,0,0.0,11,0,0,0.0,0,0,0,0.0,0,0,0,0.0,0,0,0,0.0,0,0,0,0.0,0,0,0,0.0,0,0,0,0.0,2,0,0,0.0,272,9,24,45.0,0,0,0,0.0,0,0,0,0.0,407,10,28,56.0
fcac-acfc,102,0,1,5.0,42,0,0,1.0,107,0,0,0.0,1593,0,19,39.0,0,0,0,0.0,9,0,0,1.0,0,0,0,0.0,0,0,0,0.0,0,0,0,0.0,205,2,3,5.0,52,0,1,3.0,0,0,0,0.0,8,0,1,2.0,20,0,0,0.0,0,0,0,0.0,0,0,0,0.0,0,0,0,0.0,0,0,0,0.0,0,0,0,0.0,1,0,0,0.0,12,0,1,1.0,646,0,3,16.0,35,0,0,0.0,0,0,0,0.0,2832,2,29,73.0
fcc-fac,8,0,0,0.0,21,0,3,3.0,0,0,0,0.0,0,0,0,0.0,0,0,0,0.0,0,0,0,0.0,0,0,0,0.0,0,0,0,0.0,0,0,0,0.0,505,1,-7,6.0,24,0,0,0.0,0,0,0,0.0,0,0,0,0.0,0,0,0,0.0,0,0,0,0.0,0,0,0,0.0,0,0,0,0.0,0,0,0,0.0,0,0,0,0.0,0,0,0,0.0,10,0,1,1.0,2402,10,26,99.0,15,0,0,0.0,0,0,0,0.0,2985,11,23,109.0
feddevontario,270,0,4,5.0,19,1,1,3.0,817,6,27,75.0,1035,0,10,14.0,0,0,0,0.0,9,0,0,1.0,0,0,0,0.0,5093,0,74,296.0,0,0,0,0.0,154,0,0,0.0,60,0,2,5.0,0,0,0,0.0,1,0,0,0.0,2,0,0,0.0,11,0,-7,-7.0,0,0,0,0.0,24,0,0,0.0,45,0,0,0.0,6,0,0,0.0,1,0,0,0.0,10,0,0,0.0,2011,0,12,33.0,22,0,0,0.0,0,0,0,0.0,9590,7,123,425.0
fednor,11,0,1,4.0,39,1,2,2.0,397,0,27,42.0,48,0,5,7.0,0,0,0,0.0,4,0,0,1.0,0,0,0,0.0,1481,0,38,124.0,0,0,0,0.0,9,0,0,0.0,43,1,3,6.0,0,0,0,0.0,2,0,0,0.0,18,0,0,0.0,12,0,2,2.0,0,0,0,0.0,1,0,0,0.0,3,0,0,1.0,1,0,0,0.0,1,0,0,0.0,5,1,1,1.0,95,6,9,16.0,10,0,1,1.0,0,0,0,0.0,2180,9,89,207.0
ffmc-ocped,12,0,0,0.0,20,0,0,0.0,0,0,0,0.0,0,0,0,0.0,0,0,0,0.0,0,0,0,0.0,0,0,0,0.0,0,0,0,0.0,0,0,0,0.0,0,0,0,0.0,0,0,0,0.0,0,0,0,0.0,0,0,0,0.0,0,0,0,0.0,0,0,0,0.0,0,0,0,0.0,0,0,0,0.0,0,0,0,0.0,0,0,0,0.0,0,0,0,0.0,0,0,0,0.0,0,0,0,0.0,0,0,0,0.0,0,0,0,0.0,32,0,0,0.0
fin,7101,16,110,177.0,2,0,0,0.0,5472,53,169,359.0,4418,0,22,66.0,0,0,0,0.0,9,0,0,1.0,94,0,3,6.0,209,0,0,0.0,1,0,0,0.0,768,6,10,16.0,26,0,0,1.0,0,0,0,0.0,0,0,0,0.0,0,0,0,0.0,28,0,5,5.0,0,0,0,0.0,7,0,0,0.0,14,0,0,0.0,2,0,0,0.0,0,0,0,0.0,10,0,0,0.0,7789,43,117,195.0,5,0,0,0.0,0,0,0,0.0,25955,118,436,826.0
fintrac-canafe,269,0,5,14.0,14,1,1,1.0,180,0,2,12.0,1776,0,15,40.0,0,0,0,0.0,8,0,0,1.0,0,0,0,0.0,0,0,0,0.0,0,0,0,0.0,794,0,4,7.0,33,0,0,0.0,0,0,0,0.0,2,0,0,0.0,9,0,0,0.0,0,0,0,0.0,0,0,0,0.0,0,0,0,0.0,0,0,0,0.0,0,0,0,0.0,1,0,0,0.0,0,0,0,0.0,685,7,8,18.0,25,0,0,0.0,0,0,0,0.0,3796,8,35,93.0
fja-cmf,0,0,0,0.0,0,0,0,0.0,0,0,0,0.0,869,0,16,44.0,2,0,0,0.0,9,0,0,1.0,0,0,0,0.0,0,0,0,0.0,0,0,0,0.0,81,0,4,5.0,37,0,0,2.0,0,0,0,0.0,0,0,0,0.0,0,0,0,0.0,0,0,0,0.0,0,0,0,0.0,11,0,0,0.0,26,0,1,2.0,0,0,0,0.0,0,0,0,0.0,8,0,0,0.0,100,1,5,10.0,36,0,1,2.0,0,0,0,0.0,1179,1,27,66.0
fnfmb-cgfpn,5,0,2,3.0,56,0,1,3.0,0,0,0,0.0,0,0,0,0.0,0,0,0,0.0,0,0,0,0.0,0,0,0,0.0,0,0,0,0.0,0,0,0,0.0,0,0,0,0.0,0,0,0,0.0,0,0,0,0.0,0,0,0,0.0,0,0,0,0.0,0,0,0,0.0,0,0,0,0.0,0,0,0,0.0,0,0,0,0.0,0,0,0,0.0,0,0,0,0.0,0,0,0,0.0,0,0,0,0.0,0,0,0,0.0,0,0,0,0.0,61,0,3,6.0
fntc-cfpn,5,0,0,0.0,60,0,0,0.0,0,0,0,0.0,0,0,0,0.0,0,0,0,0.0,0,0,0,0.0,0,0,0,0.0,0,0,0,0.0,0,0,0,0.0,0,0,0,0.0,0,0,0,0.0,0,0,0,0.0,0,0,0,0.0,0,0,0,0.0,0,0,0,0.0,0,0,0,0.0,0,0,0,0.0,0,0,0,0.0,0,0,0,0.0,0,0,0,0.0,0,0,0,0.0,0,0,0,0.0,0,0,0,0.0,0,0,0,0.0,65,0,0,0.0
fpcc-cpac,13,0,0,0.0,49,1,2,6.0,2,0,0,0.0,44,0,0,2.0,19,0,0,0.0,9,0,0,2.0,0,0,0,0.0,0,0,0,0.0,40,0,0,1.0,96,0,0,1.0,43,0,0,2.0,0,0,0,0.0,0,0,0,0.0,0,0,0,0.0,0,0,0,0.0,6,0,0,0.0,5,0,0,0.0,33,0,0,2.0,0,0,0,0.0,0,0,0,0.0,11,0,0,1.0,579,0,9,24.0,16,0,0,0.0,0,0,0,0.0,965,1,11,41.0
fraidg-ciafimd,2,0,0,0.0,78,1,3,5.0,0,0,0,0.0,0,0,0,0.0,0,0,0,0.0,0,0,0,0.0,0,0,0,0.0,0,0,0,0.0,0,0,0,0.0,5,0,0,0.0,61,0,2,5.0,0,0,0,0.0,0,0,0,0.0,3,0,0,0.0,0,0,0,0.0,0,0,0,0.0,0,0,0,0.0,0,0,0,0.0,0,0,0,0.0,0,0,0,0.0,0,0,0,0.0,41,1,3,6.0,33,0,0,0.0,0,0,0,0.0,223,2,8,16.0
glpa-apgl,5,0,0,0.0,76,1,7,7.0,0,0,0,0.0,0,0,0,0.0,0,0,0,0.0,0,0,0,0.0,0,0,0,0.0,0,0,0,0.0,0,0,0,0.0,0,0,0,0.0,0,0,0,0.0,0,0,0,0.0,0,0,0,0.0,0,0,0,0.0,0,0,0,0.0,0,0,0,0.0,0,0,0,0.0,0,0,0,0.0,0,0,0,0.0,0,0,0,0.0,0,0,0,0.0,0,0,0,0.0,0,0,0,0.0,0,0,0,0.0,81,1,7,7.0
glwb-ogte,0,0,0,0.0,80,1,3,6.0,0,0,0,0.0,0,0,0,0.0,0,0,0,0.0,0,0,0,0.0,0,0,0,0.0,0,0,0,0.0,0,0,0,0.0,0,0,0,0.0,0,0,0,0.0,0,0,0,0.0,0,0,0,0.0,0,0,0,0.0,0,0,0,0.0,0,0,0,0.0,0,0,0,0.0,0,0,0,0.0,0,0,0,0.0,0,0,0,0.0,0,0,0,0.0,0,0,0,0.0,0,0,0,0.0,0,0,0,0.0,80,1,3,6.0
halpa-aphal,12,0,0,0.0,48,1,3,5.0,0,0,0,0.0,0,0,0,0.0,0,0,0,0.0,0,0,0,0.0,0,0,0,0.0,0,0,0,0.0,0,0,0,0.0,62,0,5,16.0,1,1,1,1.0,0,0,0,0.0,0,0,0,0.0,0,0,0,0.0,0,0,0,0.0,0,0,0,0.0,0,0,0,0.0,0,0,0,0.0,0,0,0,0.0,0,0,0,0.0,0,0,0,0.0,38,0,4,12.0,1,1,1,1.0,0,0,0,0.0,162,3,14,35.0
hampa-apham,20,0,0,0.0,74,6,6,6.0,0,0,0,0.0,0,0,0,0.0,0,0,0,0.0,0,0,0,0.0,0,0,0,0.0,0,0,0,0.0,0,0,0,0.0,0,0,0,0.0,0,0,0,0.0,0,0,0,0.0,0,0,0,0.0,0,0,0,0.0,0,0,0,0.0,0,0,0,0.0,0,0,0,0.0,0,0,0,0.0,0,0,0,0.0,0,0,0,0.0,0,0,0,0.0,0,0,0,0.0,0,0,0,0.0,0,0,0,0.0,94,6,6,6.0
hc-sc,17591,85,364,750.0,0,0,0,0.0,5122,26,61,171.0,14647,0,200,534.0,0,0,0,0.0,9,0,0,0.0,127,0,4,8.0,2300,0,48,139.0,0,0,0,0.0,236,1,5,6.0,36,0,1,3.0,61,1,3,5.0,17,0,0,2.0,5,0,0,0.0,635,0,15,15.0,0,0,0,0.0,522,0,0,5.0,2,0,1,1.0,7,0,0,0.0,3,0,0,0.0,8,0,0,0.0,1803,3,45,88.0,9,0,0,0.0,0,0,0,0.0,43140,116,747,1727.0
hgr-tgf,30,0,0,0.0,12,0,3,4.0,0,0,0,0.0,0,0,0,0.0,0,0,0,0.0,0,0,0,0.0,0,0,0,0.0,0,0,0,0.0,0,0,0,0.0,202,4,16,19.0,0,0,0,0.0,0,0,0,0.0,0,0,0,0.0,0,0,0,0.0,0,0,0,0.0,0,0,0,0.0,0,0,0,0.0,0,0,0,0.0,0,0,0,0.0,0,0,0,0.0,0,0,0,0.0,802,35,130,197.0,0,0,0,0.0,0,0,0,0.0,1046,39,149,220.0
hsmbc-clmhc,1,0,0,0.0,39,0,2,5.0,0,0,0,0.0,0,0,0,0.0,0,0,0,0.0,0,0,0,0.0,0,0,0,0.0,0,0,0,0.0,0,0,0,0.0,0,0,0,0.0,0,0,0,0.0,0,0,0,0.0,0,0,0,0.0,0,0,0,0.0,0,0,0,0.0,0,0,0,0.0,0,0,0,0.0,0,0,0,0.0,0,0,0,0.0,0,0,0,0.0,0,0,0,0.0,0,0,0,0.0,0,0,0,0.0,0,0,0,0.0,40,0,2,5.0
iaac-aeic,531,7,7,21.0,6,2,2,2.0,1011,27,47,66.0,1428,0,0,0.0,0,0,0,0.0,4,0,1,1.0,0,0,0,0.0,4469,1,150,375.0,0,0,0,0.0,41,1,1,2.0,61,1,2,4.0,8,0,0,0.0,11,0,2,2.0,29,0,2,2.0,0,0,0,0.0,0,0,0,0.0,27,1,1,1.0,66,0,0,0.0,4,0,0,0.0,1,0,0,0.0,0,0,0,0.0,281,5,10,23.0,26,0,0,1.0,0,0,0,0.0,8004,45,225,500.0
ic,9449,53,192,406.0,0,0,0,0.0,10918,126,347,873.0,22916,0,182,490.0,0,0,0,0.0,3,0,0,0.0,98,0,0,0.0,41783,0,110,296.0,1,0,0,0.0,559,0,7,17.0,9,1,1,1.0,0,0,0,0.0,0,0,0,0.0,8,0,0,0.0,236,0,4,4.0,0,0,0,0.0,297,0,0,5.0,4,0,0,0.0,0,0,0,0.0,1,0,0,0.0,9,0,0,0.0,6493,51,172,375.0,0,0,0,0.0,1,0,0,0.0,92785,231,1015,2467.0
idrc-crdi,35,1,1,1.0,69,3,3,6.0,0,0,0,0.0,0,0,0,0.0,0,0,0,0.0,0,0,0,0.0,0,0,0,0.0,0,0,0,0.0,0,0,0,0.0,0,0,0,0.0,0,0,0,0.0,0,0,0,0.0,0,0,0,0.0,0,0,0,0.0,0,0,0,0.0,0,0,0,0.0,0,0,0,0.0,0,0,0,0.0,0,0,0,0.0,0,0,0,0.0,0,0,0,0.0,0,0,0,0.0,0,0,0,0.0,0,0,0,0.0,104,4,4,7.0
iic-iac,28,0,4,6.0,37,1,2,3.0,0,0,0,0.0,498,0,8,25.0,0,0,0,0.0,0,0,0,0.0,0,0,0,0.0,0,0,0,0.0,0,0,0,0.0,72,0,0,0.0,13,0,0,0.0,0,0,0,0.0,0,0,0,0.0,11,0,0,0.0,0,0,0,0.0,0,0,0,0.0,0,0,0,0.0,0,0,0,0.0,0,0,0,0.0,0,0,0,0.0,0,0,0,0.0,278,7,12,18.0,7,0,0,0.0,0,0,0,0.0,944,8,26,52.0
ijc-cmi,0,0,0,0.0,0,0,0,0.0,0,0,0,0.0,311,8,8,14.0,0,0,0,0.0,0,0,0,0.0,0,0,0,0.0,0,0,0,0.0,0,0,0,0.0,96,3,3,13.0,0,0,0,0.0,0,0,0,0.0,0,0,0,0.0,0,0,0,0.0,0,0,0,0.0,0,0,0,0.0,0,0,0,0.0,0,0,0,0.0,0,0,0,0.0,0,0,0,0.0,0,0,0,0.0,347,14,14,21.0,3,0,0,0.0,0,0,0,0.0,757,25,25,48.0
infc,2498,7,49,89.0,1,0,0,0.0,4995,81,238,446.0,1304,1,21,63.0,0,0,0,0.0,9,0,1,1.0,132,0,5,9.0,2261,0,50,253.0,0,0,0,0.0,154,2,9,11.0,0,0,0,0.0,0,0,0,0.0,0,0,0,0.0,2,0,0,0.0,146,0,13,13.0,0,0,0,0.0,20,0,0,0.0,0,0,0,0.0,6,0,0,0.0,1,0,0,0.0,10,0,0,0.0,1897,16,64,170.0,0,0,0,0.0,1,0,0,0.0,13437,107,450,1055.0
innovation,30,0,2,2.0,72,1,3,5.0,0,0,0,0.0,0,0,0,0.0,0,0,0,0.0,0,0,0,0.0,0,0,0,0.0,0,0,0,0.0,0,0,0,0.0,120,1,5,14.0,46,1,2,3.0,0,0,0,0.0,0,0,0,0.0,0,0,0,0.0,0,0,0,0.0,0,0,0,0.0,0,0,0,0.0,0,0,0,0.0,0,0,0,0.0,0,0,0,0.0,0,0,0,0.0,484,1,19,52.0,27,0,0,0.0,0,0,0,0.0,779,4,31,76.0
irb-cisr,990,10,25,48.0,0,0,0,0.0,1131,12,36,84.0,5612,0,192,484.0,0,0,0,0.0,7,0,0,1.0,0,0,0,0.0,0,0,0,0.0,0,0,0,0.0,27,0,0,0.0,74,1,3,6.0,0,0,0,0.0,0,0,0,0.0,0,0,0,0.0,0,0,0,0.0,0,0,0,0.0,153,2,2,2.0,6,0,0,0.0,0,0,0,0.0,0,0,0,0.0,7,0,0,0.0,264,2,11,22.0,26,0,0,0.0,0,0,0,0.0,8297,27,269,647.0
isc-sac,1970,0,0,0.0,0,0,0,0.0,4800,38,161,378.0,8023,0,175,449.0,0,0,0,0.0,0,0,0,0.0,114,0,3,7.0,156896,0,0,8812.0,1,0,0,0.0,107,2,4,8.0,0,0,0,0.0,6,0,0,0.0,0,0,0,0.0,10,0,0,0.0,353,0,37,37.0,0,0,0,0.0,70,0,6,7.0,16,0,0,0.0,0,0,0,0.0,0,0,0,0.0,0,0,0,0.0,1488,42,64,149.0,1,0,0,0.0,0,0,0,0.0,173855,82,450,9847.0
jccbi-pjcci,109,0,0,1.0,64,1,3,5.0,0,0,0,0.0,0,0,0,0.0,0,0,0,0.0,0,0,0,0.0,0,0,0,0.0,0,0,0,0.0,0,0,0,0.0,0,0,0,0.0,0,0,0,0.0,0,0,0,0.0,0,0,0,0.0,0,0,0,0.0,0,0,0,0.0,0,0,0,0.0,0,0,0,0.0,0,0,0,0.0,0,0,0,0.0,0,0,0,0.0,0,0,0,0.0,0,0,0,0.0,0,0,0,0.0,0,0,0,0.0,173,1,3,6.0
jfpc-cfp,0,0,0,0.0,0,0,0,0.0,0,0,0,0.0,0,0,0,0.0,0,0,0,0.0,0,0,0,0.0,0,0,0,0.0,0,0,0,0.0,0,0,0,0.0,0,0,0,0.0,16,0,0,0.0,0,0,0,0.0,0,0,0,0.0,0,0,0,0.0,0,0,0,0.0,0,0,0,0.0,0,0,0,0.0,0,0,0,0.0,0,0,0,0.0,0,0,0,0.0,0,0,0,0.0,40,0,0,0.0,5,0,0,0.0,0,0,0,0.0,61,0,0,0.0
jus,4427,6,46,111.0,0,0,0,0.0,4940,36,127,275.0,4537,0,106,238.0,0,0,0,0.0,9,0,0,1.0,101,0,4,7.0,5122,0,40,401.0,1,0,0,0.0,369,3,6,16.0,28,0,1,2.0,64,3,6,11.0,4,1,1,1.0,2,0,0,0.0,21,0,0,0.0,5,0,0,1.0,929,0,2,2.0,1,0,0,0.0,7,0,0,0.0,1,0,0,1.0,9,0,0,0.0,1228,28,51,87.0,12,0,0,1.0,1,0,0,1.0,21818,77,390,1156.0
lac-bac,9560,207,568,1123.0,0,0,0,0.0,335,3,6,22.0,2543,0,26,113.0,0,0,0,0.0,9,0,0,1.0,0,0,0,0.0,405,0,0,0.0,0,0,0,0.0,33,0,1,1.0,62,1,1,3.0,0,0,0,0.0,2,0,2,2.0,9,0,0,0.0,0,0,0,0.0,0,0,0,0.0,204,0,0,20.0,0,0,0,0.0,0,0,0,0.0,1,0,0,0.0,10,0,0,0.0,167,2,6,11.0,28,0,1,1.0,0,0,0,0.0,13368,213,611,1297.0
mai,64,0,1,2.0,40,1,2,4.0,0,0,0,0.0,0,0,0,0.0,0,0,0,0.0,0,0,0,0.0,0,0,0,0.0,0,0,0,0.0,0,0,0,0.0,2,2,2,2.0,2,2,2,2.0,0,0,0,0.0,0,0,0,0.0,0,0,0,0.0,0,0,0,0.0,0,0,0,0.0,0,0,0,0.0,0,0,0,0.0,0,0,0,0.0,0,0,0,0.0,0,0,0,0.0,31,7,18,31.0,0,0,0,0.0,0,0,0,0.0,139,12,25,41.0
mgerc-ceegm,67,0,0,1.0,63,1,3,5.0,0,0,0,0.0,281,0,5,5.0,2,0,0,0.0,10,0,1,1.0,0,0,0,0.0,0,0,0,0.0,0,0,0,0.0,32,0,0,0.0,114,1,3,6.0,0,0,0,0.0,1,0,0,0.0,0,0,0,0.0,0,0,0,0.0,0,0,0,0.0,7,0,0,0.0,19,0,1,2.0,0,0,0,0.0,1,0,0,0.0,9,0,0,1.0,148,0,0,0.0,91,1,3,6.0,0,0,0,0.0,845,3,16,27.0
mint-monnaie,95,0,0,0.0,48,0,2,5.0,0,0,0,0.0,0,0,0,0.0,0,0,0,0.0,0,0,0,0.0,0,0,0,0.0,0,0,0,0.0,0,0,0,0.0,114,5,19,27.0,0,0,0,0.0,0,0,0,0.0,0,0,0,0.0,0,0,0,0.0,0,0,0,0.0,0,0,0,0.0,0,0,0,0.0,0,0,0,0.0,0,0,0,0.0,0,0,0,0.0,0,0,0,0.0,127,1,16,40.0,0,0,0,0.0,0,0,0,0.0,384,6,37,72.0
mlvwb-otevm,2,0,1,1.0,78,1,2,5.0,0,0,0,0.0,0,0,0,0.0,0,0,0,0.0,0,0,0,0.0,0,0,0,0.0,0,0,0,0.0,0,0,0,0.0,0,0,0,0.0,0,0,0,0.0,0,0,0,0.0,0,0,0,0.0,0,0,0,0.0,0,0,0,0.0,0,0,0,0.0,0,0,0,0.0,0,0,0,0.0,0,0,0,0.0,0,0,0,0.0,0,0,0,0.0,0,0,0,0.0,0,0,0,0.0,0,0,0,0.0,80,1,3,6.0
mpa-apm,76,0,0,0.0,17,0,0,0.0,0,0,0,0.0,0,0,0,0.0,0,0,0,0.0,0,0,0,0.0,0,0,0,0.0,0,0,0,0.0,0,0,0,0.0,0,0,0,0.0,0,0,0,0.0,0,0,0,0.0,0,0,0,0.0,0,0,0,0.0,0,0,0,0.0,0,0,0,0.0,0,0,0,0.0,0,0,0,0.0,0,0,0,0.0,0,0,0,0.0,0,0,0,0.0,0,0,0,0.0,0,0,0,0.0,0,0,0,0.0,93,0,0,0.0
mpcc-cppm,140,0,0,0.0,49,1,3,5.0,142,0,0,0.0,254,0,3,9.0,0,0,0,0.0,8,0,0,1.0,0,0,0,0.0,0,0,0,0.0,0,0,0,0.0,0,0,0,0.0,171,1,3,6.0,0,0,0,0.0,0,0,0,0.0,0,0,0,0.0,0,0,0,0.0,0,0,0,0.0,7,0,0,0.0,39,0,1,1.0,0,0,0,0.0,0,0,0,0.0,10,0,0,0.0,20,0,0,0.0,96,1,3,6.0,0,0,0,0.0,936,3,13,28.0
mveirb-oervm,0,0,0,0.0,67,0,2,5.0,0,0,0,0.0,0,0,0,0.0,0,0,0,0.0,0,0,0,0.0,0,0,0,0.0,0,0,0,0.0,0,0,0,0.0,0,0,0,0.0,0,0,0,0.0,0,0,0,0.0,0,0,0,0.0,0,0,0,0.0,0,0,0,0.0,0,0,0,0.0,0,0,0,0.0,0,0,0,0.0,0,0,0,0.0,0,0,0,0.0,0,0,0,0.0,0,0,0,0.0,0,0,0,0.0,0,0,0,0.0,67,0,2,5.0
nac-cna,20,0,0,0.0,23,0,0,0.0,0,0,0,0.0,0,0,0,0.0,0,0,0,0.0,0,0,0,0.0,0,0,0,0.0,0,0,0,0.0,0,0,0,0.0,0,0,0,0.0,0,0,0,0.0,0,0,0,0.0,0,0,0,0.0,0,0,0,0.0,0,0,0,0.0,0,0,0,0.0,0,0,0,0.0,0,0,0,0.0,0,0,0,0.0,0,0,0,0.0,0,0,0,0.0,0,0,0,0.0,0,0,0,0.0,0,0,0,0.0,43,0,0,0.0
nbc-ccbn,7,0,0,0.0,65,1,3,6.0,0,0,0,0.0,554,0,0,0.0,0,0,0,0.0,1,0,0,0.0,0,0,0,0.0,0,0,0,0.0,0,0,0,0.0,108,0,6,6.0,18,0,0,0.0,0,0,0,0.0,0,0,0,0.0,1,0,0,0.0,0,0,0,0.0,0,0,0,0.0,0,0,0,0.0,0,0,0,0.0,0,0,0,0.0,0,0,0,0.0,5,0,0,1.0,48,0,4,4.0,28,0,0,0.0,0,0,0,0.0,835,1,13,17.0
ncc-ccn,1080,19,30,44.0,1,0,0,0.0,0,0,0,0.0,0,0,0,0.0,0,0,0,0.0,0,0,0,0.0,0,0,0,0.0,0,0,0,0.0,0,0,0,0.0,961,5,17,33.0,0,0,0,0.0,0,0,0,0.0,0,0,0,0.0,2,0,0,0.0,0,0,0,0.0,0,0,0,0.0,0,0,0,0.0,0,0,0,0.0,0,0,0,0.0,0,0,0,0.0,0,0,0,0.0,546,1,12,27.0,1,0,0,1.0,0,0,0,0.0,2591,25,59,105.0
ndcfo-odnfc,42,0,1,1.0,40,1,3,5.0,0,0,0,0.0,0,0,0,0.0,0,0,0,0.0,0,0,0,0.0,0,0,0,0.0,0,0,0,0.0,0,0,0,0.0,49,0,1,2.0,67,0,1,3.0,0,0,0,0.0,0,0,0,0.0,0,0,0,0.0,0,0,0,0.0,0,0,0,0.0,0,0,0,0.0,0,0,0,0.0,0,0,0,0.0,0,0,0,0.0,0,0,0,0.0,38,0,1,3.0,59,0,0,1.0,0,0,0,0.0,295,1,7,15.0
nfb-onf,183,0,0,0.0,44,1,2,5.0,0,0,0,0.0,2344,0,78,234.0,0,0,0,0.0,9,0,0,1.0,0,0,0,0.0,0,0,0,0.0,0,0,0,0.0,416,4,4,13.0,35,0,2,4.0,0,0,0,0.0,0,0,0,0.0,1,0,0,0.0,0,0,0,0.0,0,0,0,0.0,0,0,0,0.0,0,0,0,0.0,0,0,0,0.0,0,0,0,0.0,0,0,0,0.0,502,4,20,37.0,37,0,0,1.0,0,0,0,0.0,3571,9,106,295.0
ngc-mbac,79,3,7,7.0,55,1,1,3.0,0,0,0,0.0,589,0,85,155.0,0,0,0,0.0,0,0,0,0.0,0,0,0,0.0,0,0,0,0.0,0,0,0,0.0,157,5,20,34.0,0,0,0,0.0,0,0,0,0.0,0,0,0,0.0,0,0,0,0.0,0,0,0,0.0,0,0,0,0.0,0,0,0,0.0,0,0,0,0.0,0,0,0,0.0,0,0,0,0.0,0,0,0,0.0,219,1,22,35.0,0,0,0,0.0,0,0,0,0.0,1099,10,135,234.0
nirb-cner,0,0,0,0.0,34,0,0,0.0,0,0,0,0.0,0,0,0,0.0,0,0,0,0.0,0,0,0,0.0,0,0,0,0.0,0,0,0,0.0,0,0,0,0.0,0,0,0,0.0,0,0,0,0.0,0,0,0,0.0,0,0,0,0.0,0,0,0,0.0,0,0,0,0.0,0,0,0,0.0,0,0,0,0.0,0,0,0,0.0,0,0,0,0.0,0,0,0,0.0,0,0,0,0.0,0,0,0,0.0,0,0,0,0.0,0,0,0,0.0,34,0,0,0.0
nnpa-apn,5,0,0,0.0,39,0,2,5.0,0,0,0,0.0,0,0,0,0.0,0,0,0,0.0,0,0,0,0.0,0,0,0,0.0,0,0,0,0.0,0,0,0,0.0,0,0,0,0.0,0,0,0,0.0,0,0,0,0.0,0,0,0,0.0,0,0,0,0.0,0,0,0,0.0,0,0,0,0.0,0,0,0,0.0,0,0,0,0.0,0,0,0,0.0,0,0,0,0.0,0,0,0,0.0,0,0,0,0.0,0,0,0,0.0,0,0,0,0.0,44,0,2,5.0
npa-apn,20,0,0,4.0,73,1,3,5.0,0,0,0,0.0,0,0,0,0.0,0,0,0,0.0,0,0,0,0.0,0,0,0,0.0,0,0,0,0.0,0,0,0,0.0,0,0,0,0.0,0,0,0,0.0,0,0,0,0.0,0,0,0,0.0,0,0,0,0.0,0,0,0,0.0,0,0,0,0.0,0,0,0,0.0,0,0,0,0.0,0,0,0,0.0,0,0,0,0.0,4,0,0,0.0,0,0,0,0.0,0,0,0,0.0,0,0,0,0.0,97,1,3,9.0
nrc-cnrc,321,8,12,27.0,0,0,0,0.0,144,0,0,0.0,50045,0,718,1759.0,0,0,0,0.0,7,0,0,1.0,101,0,3,6.0,79708,-1,1762,3914.0,0,0,0,0.0,1330,2,8,15.0,36,0,0,2.0,0,0,0,0.0,2,0,0,0.0,9,0,0,0.0,0,0,0,0.0,0,0,0,0.0,0,0,0,0.0,0,0,0,0.0,0,0,0,0.0,3,0,0,0.0,0,0,0,0.0,2747,6,39,81.0,9,0,0,0.0,1,0,0,0.0,134463,15,2542,5805.0
nrcan-rncan,7706,39,131,305.0,0,0,0,0.0,6596,57,171,438.0,32057,0,376,973.0,0,0,0,0.0,9,0,0,1.0,125,0,4,8.0,11789,1,159,751.0,0,0,0,0.0,841,4,6,8.0,23,0,0,0.0,22,0,2,2.0,3,0,0,0.0,1,0,0,0.0,94,0,0,0.0,3,0,2,2.0,279,0,42,43.0,0,0,0,0.0,3,0,0,0.0,5,0,0,0.0,13,0,0,0.0,3179,18,93,159.0,13,0,0,0.0,0,0,0,0.0,62761,119,986,2690.0
nserc-crsng,148,2,3,7.0,17,0,1,3.0,164,0,1,7.0,1439,-6,13,51.0,10,0,0,0.0,5,0,0,1.0,52,6,6,6.0,156594,0,5042,5983.0,0,0,0,0.0,19,0,0,0.0,12,0,0,0.0,0,0,0,0.0,0,0,0,0.0,2,0,0,0.0,0,0,0,0.0,0,0,0,0.0,0,0,0,0.0,0,0,0,0.0,0,0,0,0.0,1,0,0,0.0,9,0,0,0.0,389,3,13,25.0,13,0,0,0.0,0,0,0,0.0,158874,5,5079,6083.0
nsira-ossnr,147,4,10,16.0,25,0,0,2.0,43,4,6,8.0,153,0,0,0.0,0,0,0,0.0,7,0,0,1.0,0,0,0,0.0,0,0,0,0.0,0,0,0,0.0,43,0,0,0.0,64,1,3,6.0,0,0,0,0.0,0,0,0,0.0,0,0,0,0.0,0,0,0,0.0,0,0,0,0.0,0,0,0,0.0,0,0,0,0.0,0,0,0,0.0,0,0,0,0.0,7,0,0,0.0,114,0,1,1.0,43,1,2,5.0,0,0,0,0.0,646,10,22,39.0
oag-bvg,98,0,12,12.0,11,0,1,1.0,1208,14,28,58.0,2200,0,50,135.0,0,0,0,0.0,9,0,0,1.0,86,0,3,6.0,0,0,0,0.0,0,0,0,0.0,215,2,2,10.0,24,0,2,3.0,0,0,0,0.0,159,0,12,24.0,90,0,0,0.0,0,0,0,0.0,0,0,0,0.0,0,0,0,0.0,0,0,0,0.0,0,0,0,0.0,1,0,0,0.0,5,0,0,0.0,296,0,3,12.0,5,1,2,2.0,0,0,0,0.0,4407,17,115,264.0
occe-bcef,0,0,0,0.0,0,0,0,0.0,0,0,0,0.0,0,0,0,0.0,0,0,0,0.0,0,0,0,0.0,0,0,0,0.0,0,0,0,0.0,0,0,0,0.0,0,0,0,0.0,0,0,0,0.0,0,0,0,0.0,4,0,0,1.0,0,0,0,0.0,0,0,0,0.0,0,0,0,0.0,0,0,0,0.0,0,0,0,0.0,0,0,0,0.0,1,0,0,0.0,0,0,0,0.0,0,0,0,0.0,0,0,0,0.0,0,0,0,0.0,5,0,0,1.0
oci-bec,120,1,4,4.0,47,0,0,3.0,55,0,0,0.0,99,0,1,4.0,3,0,0,0.0,4,0,0,1.0,0,0,0,0.0,0,0,0,0.0,0,0,0,0.0,25,0,0,0.0,34,0,1,3.0,0,0,0,0.0,0,0,0,0.0,1,0,0,0.0,0,0,0,0.0,0,0,0,0.0,3,0,0,0.0,20,0,0,1.0,0,0,0,0.0,0,0,0,0.0,4,0,0,0.0,146,1,1,4.0,11,0,2,3.0,0,0,0,0.0,572,2,9,23.0
ocl-cal,82,0,4,12.0,50,1,1,1.0,26,0,1,1.0,176,0,3,8.0,1,0,0,0.0,9,0,0,1.0,0,0,0,0.0,0,0,0,0.0,0,0,0,0.0,26,0,0,1.0,66,1,2,4.0,0,0,0,0.0,13,0,0,2.0,11,0,0,0.0,0,0,0,0.0,0,0,0,0.0,4,0,0,0.0,25,0,1,2.0,0,0,0,0.0,0,0,0,0.0,9,0,1,1.0,14,0,1,2.0,74,1,2,4.0,0,0,0,0.0,586,3,16,39.0
ocol-clo,205,0,0,4.0,15,1,2,4.0,445,16,34,54.0,565,0,12,18.0,0,0,0,0.0,9,0,0,1.0,0,0,0,0.0,0,0,0,0.0,0,0,0,0.0,69,0,4,4.0,52,1,1,4.0,14,0,0,4.0,4,0,0,0.0,2,0,0,0.0,0,0,0,0.0,0,0,0,0.0,76,0,1,3.0,27,0,0,0.0,0,0,0,0.0,0,0,0,0.0,9,0,0,0.0,115,1,4,4.0,48,0,0,3.0,0,0,0,0.0,1655,19,58,103.0
ocsec-bccst,9,0,0,1.0,73,1,3,5.0,0,0,0,0.0,14,0,0,1.0,16,0,1,1.0,0,0,0,0.0,0,0,0,0.0,0,0,0,0.0,0,0,0,0.0,4,0,1,1.0,82,1,2,5.0,0,0,0,0.0,6,0,2,2.0,0,0,0,0.0,0,0,0,0.0,0,0,0,0.0,0,0,0,0.0,0,0,0,0.0,0,0,0,0.0,1,0,0,0.0,6,0,0,0.0,16,0,2,4.0,74,1,2,3.0,0,0,0,0.0,301,3,13,23.0
oic-ci,499,7,7,9.0,15,0,1,3.0,65,0,0,2.0,322,0,6,14.0,0,0,0,0.0,9,0,0,1.0,52,0,0,1.0,0,0,0,0.0,0,0,0,0.0,38,0,2,4.0,61,1,2,3.0,0,0,0,0.0,0,0,0,0.0,0,0,0,0.0,0,0,0,0.0,0,0,0,0.0,3,0,0,0.0,26,0,0,0.0,0,0,0,0.0,0,0,0,0.0,8,0,0,0.0,23,0,1,1.0,70,1,2,5.0,0,0,0,0.0,1191,9,21,43.0
opc-cpvp,665,3,11,41.0,1,0,0,0.0,494,0,8,19.0,815,0,8,34.0,0,0,0,0.0,9,0,0,1.0,0,0,0,0.0,101,0,9,9.0,19,0,0,1.0,30,0,0,0.0,79,1,3,5.0,0,0,0,0.0,41,3,4,8.0,0,0,0,0.0,0,0,0,0.0,0,0,0,0.0,2,0,0,0.0,33,0,1,2.0,0,0,0,0.0,1,0,0,0.0,7,0,0,0.0,145,0,2,11.0,41,1,2,2.0,0,0,0,0.0,2483,8,48,133.0
opmc-svpm,8,0,0,1.0,60,0,4,6.0,0,0,0,0.0,0,0,0,0.0,0,0,0,0.0,0,0,0,0.0,0,0,0,0.0,0,0,0,0.0,0,0,0,0.0,0,0,0,0.0,0,0,0,0.0,0,0,0,0.0,0,0,0,0.0,0,0,0,0.0,0,0,0,0.0,0,0,0,0.0,0,0,0,0.0,0,0,0,0.0,0,0,0,0.0,0,0,0,0.0,0,0,0,0.0,0,0,0,0.0,0,0,0,0.0,0,0,0,0.0,68,0,4,7.0
org231,0,0,0,0.0,48,1,3,6.0,18,0,1,2.0,18,0,2,6.0,8,0,0,0.0,0,0,0,0.0,0,0,0,0.0,0,0,0,0.0,4,0,0,0.0,4,0,1,1.0,44,1,2,5.0,0,0,0,0.0,0,0,0,0.0,0,0,0,0.0,0,0,0,0.0,4,0,0,0.0,0,0,0,0.0,16,0,1,2.0,0,0,0,0.0,0,0,0,0.0,2,0,0,0.0,31,1,2,4.0,25,0,1,3.0,0,0,0,0.0,222,3,13,29.0
osfi-bsif,343,0,3,7.0,11,0,0,0.0,1218,0,11,28.0,3253,0,37,124.0,0,0,0,0.0,9,0,0,1.0,119,0,10,10.0,0,0,0,0.0,0,0,0,0.0,124,0,2,12.0,29,0,0,0.0,0,0,0,0.0,12,1,1,1.0,15,0,0,0.0,0,0,0,0.0,0,0,0,0.0,0,0,0,0.0,0,0,0,0.0,0,0,0,0.0,1,0,0,0.0,8,0,0,0.0,433,0,12,49.0,16,0,0,0.0,0,0,0,0.0,5591,1,76,232.0
osgg-bsgg,0,0,0,0.0,0,0,0,0.0,0,0,0,0.0,592,0,14,35.0,0,0,0,0.0,9,0,0,1.0,0,0,0,0.0,0,0,0,0.0,0,0,0,0.0,8,0,0,0.0,82,1,3,7.0,0,0,0,0.0,0,0,0,0.0,0,0,0,0.0,0,0,0,0.0,0,0,0,0.0,11,0,1,10.0,3,0,0,0.0,0,0,0,0.0,0,0,0,0.0,0,0,0,0.0,166,3,6,15.0,37,0,0,0.0,0,0,0,0.0,908,4,24,68.0
oto-boc,0,0,0,0.0,0,0,0,0.0,0,0,0,0.0,18,0,0,0.0,0,0,0,0.0,0,0,0,0.0,0,0,0,0.0,0,0,0,0.0,0,0,0,0.0,14,0,0,0.0,87,1,3,6.0,0,0,0,0.0,0,0,0,0.0,0,0,0,0.0,0,0,0,0.0,0,0,0,0.0,0,0,0,0.0,0,0,0,0.0,0,0,0,0.0,0,0,0,0.0,11,0,0,0.0,127,0,2,5.0,53,1,2,4.0,0,0,0,0.0,310,2,7,15.0
ovo-bov,23,0,0,1.0,65,0,0,7.0,75,0,0,8.0,0,0,0,0.0,0,0,0,0.0,0,0,0,0.0,0,0,0,0.0,0,0,0,0.0,0,0,0,0.0,24,0,1,3.0,64,1,2,5.0,0,0,0,0.0,0,0,0,0.0,0,0,0,0.0,0,0,0,0.0,0,0,0,0.0,7,0,0,0.0,29,0,1,2.0,0,0,0,0.0,0,0,0,0.0,0,0,0,0.0,144,2,9,15.0,29,1,1,2.0,0,0,0,0.0,460,4,14,43.0
pacifican,188,1,2,6.0,22,0,1,1.0,870,13,45,67.0,168,0,15,23.0,1,0,0,0.0,5,0,0,4.0,0,0,0,0.0,1492,0,10,126.0,0,0,0,0.0,7,0,0,1.0,49,0,2,4.0,0,0,0,0.0,3,0,0,0.0,0,0,0,0.0,4,0,0,0.0,0,0,0,0.0,0,0,0,0.0,17,0,9,9.0,1,0,0,0.0,0,0,0,0.0,4,0,0,0.0,182,0,9,34.0,9,0,0,0.0,0,0,0,0.0,3022,14,93,275.0
papa-appa,5,0,0,1.0,32,0,3,6.0,0,0,0,0.0,0,0,0,0.0,0,0,0,0.0,0,0,0,0.0,0,0,0,0.0,0,0,0,0.0,0,0,0,0.0,6,0,0,0.0,20,0,0,0.0,0,0,0,0.0,0,0,0,0.0,0,0,0,0.0,0,0,0,0.0,0,0,0,0.0,0,0,0,0.0,0,0,0,0.0,0,0,0,0.0,0,0,0,0.0,0,0,0,0.0,71,0,0,0.0,27,0,0,0.0,0,0,0,0.0,161,0,3,7.0
pb,3,0,0,0.0,45,0,0,0.0,0,0,0,0.0,0,0,0,0.0,0,0,0,0.0,0,0,0,0.0,0,0,0,0.0,0,0,0,0.0,0,0,0,0.0,0,0,0,0.0,0,0,0,0.0,0,0,0,0.0,0,0,0,0.0,0,0,0,0.0,0,0,0,0.0,0,0,0,0.0,0,0,0,0.0,0,0,0,0.0,0,0,0,0.0,0,0,0,0.0,0,0,0,0.0,0,0,0,0.0,0,0,0,0.0,0,0,0,0.0,48,0,0,0.0
pbc-clcc,251,0,0,2.0,29,1,3,4.0,563,6,16,35.0,1204,0,18,21.0,1,0,0,0.0,8,0,0,1.0,0,0,0,0.0,0,0,0,0.0,0,0,0,0.0,33,0,0,0.0,35,2,3,6.0,1,0,0,0.0,2,0,0,0.0,2,0,0,0.0,0,0,0,0.0,0,0,0,0.0,88,0,0,0.0,26,0,1,2.0,2,0,0,0.0,0,0,0,0.0,10,0,0,0.0,413,6,10,19.0,1,0,0,1.0,0,0,0,0.0,2669,15,51,91.0
pc,2026,0,23,53.0,0,0,0,0.0,2066,13,51,123.0,61027,0,837,1908.0,0,0,0,0.0,9,0,0,1.0,15,0,0,0.0,3095,0,72,332.0,0,0,0,0.0,394,0,2,6.0,55,1,2,2.0,2,0,0,0.0,8,4,4,4.0,1,0,0,0.0,0,0,0,0.0,0,0,0,0.0,0,0,0,0.0,0,0,0,0.0,1,1,1,1.0,0,0,0,0.0,8,0,0,0.0,2789,11,47,89.0,13,0,0,0.0,0,0,0,0.0,71509,30,1039,2519.0
pch,5004,31,102,185.0,0,0,0,0.0,3516,44,151,307.0,11983,0,171,274.0,0,0,0,0.0,9,0,0,1.0,89,0,3,6.0,138904,0,4692,8205.0,0,0,0,0.0,1050,3,3,-34.0,49,0,1,3.0,41,0,1,3.0,4,0,0,0.0,1,0,0,0.0,752,0,17,17.0,0,0,0,0.0,106,0,1,1.0,16,0,0,1.0,5,0,0,0.0,4,0,0,0.0,9,0,0,0.0,4861,53,89,208.0,9,0,0,0.0,0,0,0,0.0,166412,131,5231,9177.0
pco-bcp,8297,54,196,407.0,2,0,0,0.0,7116,35,252,414.0,3024,0,55,147.0,0,0,0,0.0,5,0,0,0.0,234,0,3,6.0,157,0,0,0.0,2,0,0,0.0,530,18,22,43.0,3,0,0,0.0,0,0,0,0.0,0,0,0,0.0,1,0,0,0.0,109,0,5,5.0,0,0,0,0.0,106,0,0,0.0,35,0,1,2.0,0,0,0,0.0,0,0,0,0.0,7,1,1,1.0,6072,270,380,689.0,0,0,0,0.0,0,0,0,0.0,25700,378,915,1714.0
pdp,1,0,0,0.0,65,0,4,6.0,0,0,0,0.0,0,0,0,0.0,0,0,0,0.0,0,0,0,0.0,0,0,0,0.0,0,0,0,0.0,0,0,0,0.0,0,0,0,0.0,0,0,0,0.0,0,0,0,0.0,0,0,0,0.0,0,0,0,0.0,0,0,0,0.0,0,0,0,0.0,0,0,0,0.0,0,0,0,0.0,0,0,0,0.0,0,0,0,0.0,0,0,0,0.0,0,0,0,0.0,0,0,0,0.0,0,0,0,0.0,66,0,4,6.0
petf-fpet,39,0,0,3.0,22,0,0,3.0,0,0,0,0.0,0,0,0,0.0,0,0,0,0.0,0,0,0,0.0,0,0,0,0.0,0,0,0,0.0,0,0,0,0.0,0,0,0,0.0,0,0,0,0.0,0,0,0,0.0,0,0,0,0.0,0,0,0,0.0,0,0,0,0.0,0,0,0,0.0,0,0,0,0.0,0,0,0,0.0,0,0,0,0.0,0,0,0,0.0,0,0,0,0.0,0,0,0,0.0,0,0,0,0.0,0,0,0,0.0,61,0,0,6.0
phac-aspc,2092,9,46,95.0,2,0,0,0.0,3333,49,74,151.0,10033,0,254,477.0,0,0,0,0.0,9,0,0,0.0,120,0,4,8.0,5601,0,313,457.0,7,0,0,0.0,163,3,11,14.0,35,0,0,1.0,6,0,0,0.0,18,0,0,4.0,3,0,0,0.0,7,0,0,0.0,0,0,0,0.0,139,0,1,1.0,7,0,0,1.0,0,0,0,0.0,2,0,0,0.0,5,0,0,0.0,814,4,21,44.0,14,0,0,0.0,0,0,0,0.0,22410,65,724,1253.0
pkcc-pcprc,0,0,0,0.0,0,0,0,0.0,122,0,0,0.0,0,0,0,0.0,0,0,0,0.0,0,0,0,0.0,0,0,0,0.0,0,0,0,0.0,0,0,0,0.0,1,0,0,0.0,15,0,0,0.0,0,0,0,0.0,0,0,0,0.0,0,0,0,0.0,0,0,0,0.0,0,0,0,0.0,0,0,0,0.0,0,0,0,0.0,0,0,0,0.0,0,0,0,0.0,0,0,0,0.0,33,0,0,0.0,7,0,0,0.0,0,0,0,0.0,178,0,0,0.0
pmprb-cepmb,215,0,3,5.0,30,0,0,0.0,110,0,0,0.0,254,0,8,10.0,1,0,0,0.0,9,0,0,1.0,0,0,0,0.0,0,0,0,0.0,0,0,0,0.0,88,0,1,1.0,128,0,0,0.0,0,0,0,0.0,0,0,0,0.0,13,0,0,13.0,0,0,0,0.0,0,0,0,0.0,20,1,1,1.0,50,0,0,0.0,0,0,0,0.0,1,0,0,0.0,0,0,0,0.0,163,2,5,15.0,49,0,0,0.0,0,0,0,0.0,1131,3,18,46.0
polar-polaire,5,0,0,0.0,59,1,3,6.0,100,6,13,24.0,249,0,8,31.0,1,0,0,0.0,2,0,0,0.0,0,0,0,0.0,505,0,69,120.0,1,0,0,0.0,26,0,1,1.0,18,1,2,5.0,0,0,0,0.0,0,0,0,0.0,0,0,0,0.0,0,0,0,0.0,0,0,0,0.0,0,0,0,0.0,0,0,0,0.0,2,0,0,0.0,1,0,0,0.0,0,0,0,0.0,154,1,4,12.0,4,0,1,2.0,0,0,0,0.0,1127,9,101,201.0
ppa-app,21,0,0,0.0,58,1,3,7.0,0,0,0,0.0,0,0,0,0.0,0,0,0,0.0,0,0,0,0.0,0,0,0,0.0,0,0,0,0.0,0,0,0,0.0,0,0,0,0.0,0,0,0,0.0,0,0,0,0.0,0,0,0,0.0,0,0,0,0.0,0,0,0,0.0,0,0,0,0.0,0,0,0,0.0,0,0,0,0.0,0,0,0,0.0,0,0,0,0.0,0,0,0,0.0,0,0,0,0.0,0,0,0,0.0,0,0,0,0.0,79,1,3,7.0
ppsc-sppc,416,0,4,14.0,8,1,1,2.0,1714,16,52,124.0,2217,0,46,169.0,0,0,0,0.0,9,0,0,1.0,68,0,3,6.0,0,0,0,0.0,0,0,0,0.0,12,0,0,0.0,84,0,2,5.0,0,0,0,0.0,0,0,0,0.0,5,0,0,0.0,0,0,0,0.0,0,0,0,0.0,482,0,0,186.0,13,0,0,0.0,1,0,0,0.0,1,0,0,0.0,15,0,0,0.0,192,0,7,9.0,32,0,0,1.0,0,0,0,0.0,5269,17,115,517.0
pptc,69,0,0,0.0,0,0,0,0.0,0,0,0,0.0,1217,0,0,0.0,0,0,0,0.0,0,0,0,0.0,0,0,0,0.0,0,0,0,0.0,0,0,0,0.0,0,0,0,0.0,0,0,0,0.0,0,0,0,0.0,0,0,0,0.0,0,0,0,0.0,0,0,0,0.0,0,0,0,0.0,0,0,0,0.0,0,0,0,0.0,0,0,0,0.0,0,0,0,0.0,0,0,0,0.0,0,0,0,0.0,0,0,0,0.0,0,0,0,0.0,1286,0,0,0.0
prairiescan,175,0,2,10.0,16,1,1,1.0,1343,17,51,117.0,419,0,23,45.0,0,0,0,0.0,5,0,0,3.0,0,0,0,0.0,3445,0,49,336.0,0,0,0,0.0,29,0,1,2.0,35,1,2,4.0,0,0,0,0.0,5,0,0,0.0,3,0,0,0.0,30,0,5,5.0,0,0,0,0.0,3,0,0,0.0,16,0,1,2.0,2,0,0,0.0,0,0,0,0.0,5,0,0,0.0,438,7,24,54.0,4,0,0,0.0,0,0,0,0.0,5973,26,159,579.0
prpa-appr,14,0,0,1.0,47,1,3,5.0,0,0,0,0.0,0,0,0,0.0,0,0,0,0.0,0,0,0,0.0,0,0,0,0.0,0,0,0,0.0,0,0,0,0.0,120,3,3,17.0,1,1,1,1.0,0,0,0,0.0,0,0,0,0.0,0,0,0,0.0,0,0,0,0.0,0,0,0,0.0,0,0,0,0.0,0,0,0,0.0,0,0,0,0.0,0,0,0,0.0,0,0,0,0.0,183,8,8,36.0,0,0,0,0.0,0,0,0,0.0,365,13,15,60.0
ps-sp,4549,18,74,154.0,0,0,0,0.0,6413,89,145,351.0,2774,0,49,126.0,0,0,0,0.0,8,0,0,0.0,93,0,2,7.0,3602,0,126,413.0,10,0,0,0.0,230,1,4,7.0,36,0,0,1.0,0,0,0,0.0,0,0,0,0.0,0,0,0,0.0,362,2,11,11.0,0,0,0,0.0,24,0,1,1.0,14,0,0,0.0,0,0,0,0.0,0,0,0,0.0,0,0,0,0.0,1492,41,68,179.0,17,0,0,0.0,0,0,0,0.0,19624,151,480,1250.0
psc-cfp,504,0,3,5.0,16,0,1,1.0,293,9,26,26.0,2698,0,19,40.0,0,0,0,0.0,6,0,0,1.0,78,0,0,0.0,0,0,0,0.0,0,0,0,0.0,1190,2,4,9.0,6,0,0,0.0,0,0,0,0.0,2,0,0,0.0,0,0,0,0.0,0,0,0,0.0,0,0,0,0.0,199,0,2,2.0,17,0,0,0.0,2,0,0,0.0,0,0,0,0.0,3,0,0,0.0,826,6,7,14.0,6,0,0,0.0,0,0,0,0.0,5846,17,62,98.0
pshcp-rssfp,16,0,0,0.0,28,0,0,0.0,0,0,0,0.0,0,0,0,0.0,0,0,0,0.0,0,0,0,0.0,0,0,0,0.0,0,0,0,0.0,0,0,0,0.0,0,0,0,0.0,0,0,0,0.0,0,0,0,0.0,0,0,0,0.0,0,0,0,0.0,0,0,0,0.0,0,0,0,0.0,0,0,0,0.0,0,0,0,0.0,0,0,0,0.0,0,0,0,0.0,0,0,0,0.0,0,0,0,0.0,0,0,0,0.0,0,0,0,0.0,44,0,0,0.0
psi,17,0,0,0.0,9,0,0,0.0,0,0,0,0.0,0,0,0,0.0,0,0,0,0.0,0,0,0,0.0,0,0,0,0.0,0,0,0,0.0,0,0,0,0.0,0,0,0,0.0,0,0,0,0.0,0,0,0,0.0,0,0,0,0.0,0,0,0,0.0,0,0,0,0.0,0,0,0,0.0,0,0,0,0.0,0,0,0,0.0,0,0,0,0.0,0,0,0,0.0,0,0,0,0.0,0,0,0,0.0,0,0,0,0.0,0,0,0,0.0,26,0,0,0.0
psic-ispc,25,2,3,3.0,36,1,2,4.0,0,0,0,0.0,202,9,9,17.0,0,0,0,0.0,1,0,0,0.0,0,0,0,0.0,0,0,0,0.0,0,0,0,0.0,9,1,1,1.0,109,1,2,3.0,0,0,0,0.0,0,0,0,0.0,0,0,0,0.0,0,0,0,0.0,0,0,0,0.0,0,0,0,0.0,0,0,0,0.0,0,0,0,0.0,0,0,0,0.0,0,0,0,0.0,24,2,2,2.0,82,1,4,4.0,0,0,0,0.0,488,17,23,34.0
pslrb-crtfp,31,0,0,0.0,0,0,0,0.0,0,0,0,0.0,0,0,0,0.0,0,0,0,0.0,0,0,0,0.0,0,0,0,0.0,0,0,0,0.0,0,0,0,0.0,0,0,0,0.0,0,0,0,0.0,0,0,0,0.0,0,0,0,0.0,0,0,0,0.0,0,0,0,0.0,0,0,0,0.0,0,0,0,0.0,0,0,0,0.0,0,0,0,0.0,0,0,0,0.0,0,0,0,0.0,0,0,0,0.0,0,0,0,0.0,0,0,0,0.0,31,0,0,0.0
pspib-oirpsp,115,0,2,6.0,52,1,1,2.0,0,0,0,0.0,0,0,0,0.0,0,0,0,0.0,0,0,0,0.0,0,0,0,0.0,0,0,0,0.0,0,0,0,0.0,400,1,18,41.0,0,0,0,0.0,0,0,0,0.0,0,0,0,0.0,0,0,0,0.0,0,0,0,0.0,0,0,0,0.0,0,0,0,0.0,0,0,0,0.0,0,0,0,0.0,0,0,0,0.0,0,0,0,0.0,759,11,62,92.0,0,0,0,0.0,0,0,0,0.0,1326,13,83,141.0
ptr,3,0,0,0.0,0,0,0,0.0,0,0,0,0.0,0,0,0,0.0,0,0,0,0.0,0,0,0,0.0,0,0,0,0.0,0,0,0,0.0,0,0,0,0.0,0,0,0,0.0,1,0,0,0.0,0,0,0,0.0,0,0,0,0.0,0,0,0,0.0,0,0,0,0.0,0,0,0,0.0,0,0,0,0.0,0,0,0,0.0,0,0,0,0.0,0,0,0,0.0,0,0,0,0.0,0,0,0,0.0,1,0,0,0.0,0,0,0,0.0,5,0,0,0.0
pwgsc-tpsgc,7840,15,67,158.0,0,0,0,0.0,1805,15,36,81.0,73112,-363,1966,4114.0,0,0,0,0.0,9,0,0,1.0,113,0,0,0.0,0,0,0,0.0,25,0,1,2.0,172,1,20,32.0,30,0,0,0.0,10,0,2,2.0,2,0,0,1.0,6,0,0,0.0,476,0,38,38.0,0,0,0,0.0,99,0,0,1.0,7,0,1,1.0,7,0,0,1.0,1,0,0,1.0,7,0,0,0.0,1176,24,67,161.0,7,0,0,0.0,15,0,0,0.0,84919,-308,2198,4594.0
qpa-apq,41,0,0,0.0,27,1,3,5.0,0,0,0,0.0,0,0,0,0.0,0,0,0,0.0,0,0,0,0.0,0,0,0,0.0,0,0,0,0.0,0,0,0,0.0,536,2,21,40.0,5,0,0,0.0,0,0,0,0.0,0,0,0,0.0,0,0,0,0.0,0,0,0,0.0,0,0,0,0.0,0,0,0,0.0,0,0,0,0.0,0,0,0,0.0,0,0,0,0.0,0,0,0,0.0,230,4,24,28.0,11,0,0,0.0,0,0,0,0.0,850,7,48,73.0
rcmp-grc,8113,72,118,238.0,1,0,0,0.0,1549,33,60,187.0,36939,0,948,2069.0,0,0,0,0.0,9,0,0,1.0,106,0,0,0.0,402,0,6,17.0,1,0,0,0.0,975,2,10,15.0,9,0,0,0.0,0,0,0,0.0,26,0,0,0.0,5,0,0,0.0,0,0,0,0.0,0,0,0,0.0,996,0,44,107.0,34,0,1,2.0,0,0,0,0.0,0,0,0,0.0,9,0,0,0.0,2049,11,47,103.0,3,0,0,0.0,0,0,0,0.0,51226,118,1234,2739.0
ri,8,0,0,0.0,71,1,3,5.0,0,0,0,0.0,0,0,0,0.0,0,0,0,0.0,0,0,0,0.0,0,0,0,0.0,0,0,0,0.0,0,0,0,0.0,0,0,0,0.0,0,0,0,0.0,0,0,0,0.0,0,0,0,0.0,0,0,0,0.0,0,0,0,0.0,0,0,0,0.0,0,0,0,0.0,0,0,0,0.0,0,0,0,0.0,0,0,0,0.0,0,0,0,0.0,0,0,0,0.0,0,0,0,0.0,0,0,0,0.0,79,1,3,5.0
scc-ccn,25,0,0,0.0,47,0,0,0.0,0,0,0,0.0,0,0,0,0.0,0,0,0,0.0,0,0,0,0.0,0,0,0,0.0,0,0,0,0.0,0,0,0,0.0,29,0,1,1.0,0,0,0,0.0,0,0,0,0.0,0,0,0,0.0,10,0,0,0.0,0,0,0,0.0,0,0,0,0.0,0,0,0,0.0,0,0,0,0.0,0,0,0,0.0,0,0,0,0.0,4,0,1,1.0,215,0,27,42.0,0,0,0,0.0,0,0,0,0.0,330,0,29,44.0
scc-csc,0,0,0,0.0,0,0,0,0.0,0,0,0,0.0,0,0,0,0.0,0,0,0,0.0,0,0,0,0.0,0,0,0,0.0,0,0,0,0.0,0,0,0,0.0,0,0,0,0.0,0,0,0,0.0,0,0,0,0.0,0,0,0,0.0,0,0,0,0.0,0,0,0,0.0,0,0,0,0.0,51,0,1,8.0,14,0,0,0.0,0,0,0,0.0,0,0,0,0.0,0,0,0,0.0,0,0,0,0.0,0,0,0,0.0,0,0,0,0.0,65,0,1,8.0
sdtc-tddc,20,0,0,0.0,50,0,0,0.0,0,0,0,0.0,0,0,0,0.0,0,0,0,0.0,0,0,0,0.0,0,0,0,0.0,0,0,0,0.0,0,0,0,0.0,0,0,0,0.0,0,0,0,0.0,0,0,0,0.0,0,0,0,0.0,0,0,0,0.0,0,0,0,0.0,0,0,0,0.0,0,0,0,0.0,0,0,0,0.0,0,0,0,0.0,0,0,0,0.0,0,0,0,0.0,0,0,0,0.0,0,0,0,0.0,0,0,0,0.0,70,0,0,0.0
sibc-cpivml,11,0,0,0.0,74,0,2,5.0,0,0,0,0.0,0,0,0,0.0,0,0,0,0.0,0,0,0,0.0,0,0,0,0.0,0,0,0,0.0,0,0,0,0.0,1,0,0,0.0,29,1,3,6.0,0,0,0,0.0,0,0,0,0.0,9,0,0,0.0,0,0,0,0.0,0,0,0,0.0,0,0,0,0.0,0,0,0,0.0,0,0,0,0.0,0,0,0,0.0,2,0,0,0.0,5,0,1,1.0,25,1,2,5.0,0,0,0,0.0,156,2,8,17.0
sirc-csars,69,0,0,0.0,0,0,0,0.0,0,0,0,0.0,59,0,0,0.0,0,0,0,0.0,0,0,0,0.0,0,0,0,0.0,0,0,0,0.0,0,0,0,0.0,29,0,0,0.0,0,0,0,0.0,0,0,0,0.0,0,0,0,0.0,0,0,0,0.0,0,0,0,0.0,0,0,0,0.0,0,0,0,0.0,0,0,0,0.0,0,0,0,0.0,0,0,0,0.0,0,0,0,0.0,44,0,0,0.0,0,0,0,0.0,0,0,0,0.0,201,0,0,0.0
sjpa-apsj,6,0,0,0.0,74,2,3,6.0,0,0,0,0.0,0,0,0,0.0,0,0,0,0.0,0,0,0,0.0,0,0,0,0.0,0,0,0,0.0,0,0,0,0.0,0,0,0,0.0,1,0,0,0.0,0,0,0,0.0,0,0,0,0.0,0,0,0,0.0,0,0,0,0.0,0,0,0,0.0,0,0,0,0.0,0,0,0,0.0,0,0,0,0.0,0,0,0,0.0,0,0,0,0.0,0,0,0,0.0,1,0,0,0.0,0,0,0,0.0,82,2,3,6.0
slp-psl,15,0,0,15.0,73,1,2,73.0,0,0,0,0.0,0,0,0,0.0,0,0,0,0.0,0,0,0,0.0,0,0,0,0.0,0,0,0,0.0,0,0,0,0.0,5,1,1,5.0,4,0,0,4.0,0,0,0,0.0,0,0,0,0.0,0,0,0,0.0,0,0,0,0.0,0,0,0,0.0,0,0,0,0.0,0,0,0,0.0,0,0,0,0.0,0,0,0,0.0,0,0,0,0.0,64,8,24,64.0,0,0,0,0.0,0,0,0,0.0,161,10,27,161.0
slupb-cats,0,0,0,0.0,48,0,0,0.0,0,0,0,0.0,0,0,0,0.0,0,0,0,0.0,0,0,0,0.0,0,0,0,0.0,0,0,0,0.0,0,0,0,0.0,0,0,0,0.0,0,0,0,0.0,0,0,0,0.0,0,0,0,0.0,0,0,0,0.0,0,0,0,0.0,0,0,0,0.0,0,0,0,0.0,0,0,0,0.0,0,0,0,0.0,0,0,0,0.0,0,0,0,0.0,0,0,0,0.0,0,0,0,0.0,0,0,0,0.0,48,0,0,0.0
slwb-otes,1,0,0,0.0,79,1,3,6.0,0,0,0,0.0,0,0,0,0.0,0,0,0,0.0,0,0,0,0.0,0,0,0,0.0,0,0,0,0.0,0,0,0,0.0,0,0,0,0.0,0,0,0,0.0,0,0,0,0.0,0,0,0,0.0,0,0,0,0.0,0,0,0,0.0,0,0,0,0.0,0,0,0,0.0,0,0,0,0.0,0,0,0,0.0,0,0,0,0.0,0,0,0,0.0,0,0,0,0.0,0,0,0,0.0,0,0,0,0.0,80,1,3,6.0
snsicp-scpssnr,13,0,2,2.0,34,0,2,4.0,45,0,0,0.0,11,0,0,0.0,0,0,0,0.0,7,0,0,1.0,0,0,0,0.0,0,0,0,0.0,20,0,0,0.0,269,0,6,9.0,37,0,0,0.0,0,0,0,0.0,0,0,0,0.0,7,0,0,0.0,0,0,0,0.0,16,0,0,0.0,0,0,0,0.0,4,0,0,0.0,0,0,0,0.0,0,0,0,0.0,7,0,1,1.0,156,0,2,19.0,44,0,0,0.0,0,0,0,0.0,670,0,13,36.0
sopf-cidp,6,0,0,0.0,76,1,3,5.0,0,0,0,0.0,0,0,0,0.0,0,0,0,0.0,0,0,0,0.0,0,0,0,0.0,0,0,0,0.0,0,0,0,0.0,26,0,0,1.0,56,0,2,4.0,0,0,0,0.0,0,0,0,0.0,3,0,0,0.0,0,0,0,0.0,0,0,0,0.0,0,0,0,0.0,0,0,0,0.0,0,0,0,0.0,0,0,0,0.0,0,0,0,0.0,410,3,5,15.0,37,0,0,0.0,0,0,0,0.0,614,4,10,25.0
spa-aps,0,0,0,0.0,27,0,0,0.0,0,0,0,0.0,0,0,0,0.0,0,0,0,0.0,0,0,0,0.0,0,0,0,0.0,0,0,0,0.0,0,0,0,0.0,0,0,0,0.0,0,0,0,0.0,0,0,0,0.0,0,0,0,0.0,0,0,0,0.0,0,0,0,0.0,0,0,0,0.0,0,0,0,0.0,0,0,0,0.0,0,0,0,0.0,0,0,0,0.0,0,0,0,0.0,0,0,0,0.0,0,0,0,0.0,0,0,0,0.0,27,0,0,0.0
ssc-spc,1619,17,28,50.0,0,0,0,0.0,974,33,47,76.0,29177,0,499,1228.0,0,0,0,0.0,9,0,0,1.0,127,0,4,9.0,0,0,0,0.0,0,0,0,0.0,309,0,2,2.0,65,1,2,5.0,2,0,0,0.0,9,0,0,1.0,3,0,0,0.0,12,0,2,2.0,0,0,0,0.0,59,0,0,0.0,17,0,1,1.0,8,0,0,0.0,0,0,0,0.0,13,0,0,0.0,449,1,7,10.0,27,0,0,1.0,0,0,0,0.0,32879,52,592,1386.0
sshrc-crsh,232,2,2,10.0,19,0,1,2.0,170,4,6,13.0,976,-3,12,47.0,9,0,0,0.0,5,0,0,1.0,45,6,6,6.0,69164,0,3325,5225.0,0,0,0,0.0,23,0,0,0.0,18,0,0,0.0,0,0,0,0.0,1,0,0,0.0,0,0,0,0.0,0,0,0,0.0,0,0,0,0.0,0,0,0,0.0,0,0,0,0.0,0,0,0,0.0,0,0,0,0.0,9,0,0,0.0,518,3,16,31.0,9,0,0,0.0,0,0,0,0.0,71198,12,3368,5335.0
statcan,592,0,0,0.0,2,0,0,0.0,719,0,11,30.0,3415,0,52,133.0,0,0,0,0.0,9,0,0,1.0,103,0,3,7.0,4,0,0,0.0,18,0,0,0.0,106,1,6,7.0,15,0,0,2.0,0,0,0,0.0,1,0,0,0.0,1,0,0,0.0,0,0,0,0.0,0,0,0,0.0,59,0,0,0.0,14,0,1,1.0,0,0,0,0.0,0,0,0,0.0,10,0,0,0.0,412,1,14,29.0,3,0,0,0.0,0,0,0,0.0,5483,2,87,210.0
stjpa-apstj,0,0,0,0.0,1,0,0,0.0,0,0,0,0.0,0,0,0,0.0,0,0,0,0.0,0,0,0,0.0,0,0,0,0.0,0,0,0,0.0,0,0,0,0.0,0,0,0,0.0,0,0,0,0.0,0,0,0,0.0,0,0,0,0.0,0,0,0,0.0,0,0,0,0.0,0,0,0,0.0,0,0,0,0.0,0,0,0,0.0,0,0,0,0.0,0,0,0,0.0,0,0,0,0.0,0,0,0,0.0,0,0,0,0.0,0,0,0,0.0,1,0,0,0.0
swc-cfc,174,0,0,0.0,0,0,0,0.0,0,0,0,0.0,197,0,0,0.0,0,0,0,0.0,1,0,0,0.0,0,0,0,0.0,143,0,0,0.0,2,0,0,0.0,55,0,0,0.0,9,0,0,0.0,0,0,0,0.0,0,0,0,0.0,0,0,0,0.0,0,0,0,0.0,0,0,0,0.0,7,0,0,0.0,3,0,0,0.0,0,0,0,0.0,0,0,0,0.0,0,0,0,0.0,246,0,0,0.0,12,0,0,0.0,0,0,0,0.0,849,0,0,0.0
tbpa-aptb,4,0,0,0.0,51,0,0,0.0,0,0,0,0.0,0,0,0,0.0,0,0,0,0.0,0,0,0,0.0,0,0,0,0.0,0,0,0,0.0,0,0,0,0.0,0,0,0,0.0,0,0,0,0.0,0,0,0,0.0,0,0,0,0.0,0,0,0,0.0,0,0,0,0.0,0,0,0,0.0,0,0,0,0.0,0,0,0,0.0,0,0,0,0.0,0,0,0,0.0,0,0,0,0.0,0,0,0,0.0,0,0,0,0.0,0,0,0,0.0,55,0,0,0.0
tbs-sct,4289,24,80,181.0,0,0,0,0.0,2058,22,45,98.0,7999,0,32,85.0,0,0,0,0.0,9,0,0,1.0,128,0,0,0.0,68,0,14,21.0,16,0,0,0.0,405,5,13,20.0,24,0,0,0.0,46,0,5,5.0,17,1,6,7.0,6,0,0,0.0,138,0,19,19.0,0,0,0,0.0,70,0,0,0.0,12,0,1,2.0,5,0,0,0.0,8,0,0,0.0,8,0,0,0.0,1041,15,51,87.0,9,0,0,0.0,0,0,0,0.0,16356,67,266,526.0
tc,8407,0,-1,-2.0,0,0,0,0.0,3569,29,106,259.0,23253,0,209,701.0,0,0,0,0.0,9,0,0,1.0,92,0,3,6.0,48204,0,1606,2046.0,0,0,0,0.0,334,1,3,5.0,25,0,0,3.0,0,0,0,0.0,0,0,0,0.0,1,0,0,0.0,77,0,6,6.0,0,0,0,0.0,519,0,2,4.0,5,0,0,0.0,1,0,0,0.0,0,0,0,0.0,15,0,0,0.0,3616,26,72,138.0,5,0,0,0.0,0,0,0,0.0,88132,56,2006,3167.0
tf,9,0,1,0.0,20,0,2,1.0,0,0,0,0.0,0,0,0,0.0,0,0,0,0.0,0,0,0,0.0,0,0,0,0.0,0,0,0,0.0,0,0,0,0.0,445,19,35,90.0,0,0,0,0.0,0,0,0,0.0,0,0,0,0.0,7,0,0,0.0,0,0,0,0.0,0,0,0,0.0,0,0,0,0.0,0,0,0,0.0,0,0,0,0.0,0,0,0,0.0,0,0,0,0.0,428,10,20,48.0,0,0,0,0.0,0,0,0,0.0,909,29,58,139.0
tmc,38,0,0,0.0,58,0,0,0.0,0,0,0,0.0,0,0,0,0.0,0,0,0,0.0,0,0,0,0.0,0,0,0,0.0,0,0,0,0.0,0,0,0,0.0,0,0,0,0.0,0,0,0,0.0,0,0,0,0.0,0,0,0,0.0,0,0,0,0.0,0,0,0,0.0,0,0,0,0.0,0,0,0,0.0,0,0,0,0.0,0,0,0,0.0,0,0,0,0.0,0,0,0,0.0,0,0,0,0.0,0,0,0,0.0,0,0,0,0.0,96,0,0,0.0
tmp,0,0,0,0.0,77,0,0,2.0,0,0,0,0.0,0,0,0,0.0,0,0,0,0.0,0,0,0,0.0,0,0,0,0.0,0,0,0,0.0,0,0,0,0.0,0,0,0,0.0,0,0,0,0.0,0,0,0,0.0,0,0,0,0.0,0,0,0,0.0,0,0,0,0.0,0,0,0,0.0,0,0,0,0.0,0,0,0,0.0,0,0,0,0.0,0,0,0,0.0,0,0,0,0.0,0,0,0,0.0,0,0,0,0.0,0,0,0,0.0,77,0,0,2.0
tpa-apt,27,0,0,0.0,23,0,0,0.0,0,0,0,0.0,0,0,0,0.0,0,0,0,0.0,0,0,0,0.0,0,0,0,0.0,0,0,0,0.0,0,0,0,0.0,0,0,0,0.0,0,0,0,0.0,0,0,0,0.0,0,0,0,0.0,0,0,0,0.0,0,0,0,0.0,0,0,0,0.0,0,0,0,0.0,0,0,0,0.0,0,0,0,0.0,0,0,0,0.0,0,0,0,0.0,0,0,0,0.0,0,0,0,0.0,0,0,0,0.0,50,0,0,0.0
tsb-bst,239,3,8,-21.0,9,0,0,0.0,0,0,0,0.0,547,0,0,22.0,0,0,0,0.0,0,0,0,0.0,0,0,0,0.0,0,0,0,0.0,0,0,0,0.0,39,1,4,7.0,80,0,2,3.0,0,0,0,0.0,5,0,0,0.0,8,0,0,0.0,0,0,0,0.0,0,0,0,0.0,18,0,0,0.0,25,0,1,2.0,3,0,0,0.0,1,0,0,0.0,12,0,0,0.0,211,0,9,12.0,35,1,1,1.0,0,0,0,0.0,1232,5,25,26.0
vac-acc,1397,19,39,65.0,1,0,0,0.0,623,3,27,63.0,5091,0,48,107.0,0,0,0,0.0,9,0,0,1.0,86,0,3,6.0,2320,0,157,296.0,0,0,0,0.0,432,0,0,0.0,67,1,3,6.0,0,0,0,0.0,0,0,0,0.0,0,0,0,0.0,334,0,38,38.0,0,0,0,0.0,481,0,0,0.0,17,0,1,2.0,0,0,0,0.0,0,0,0,0.0,5,0,0,0.0,3212,8,33,63.0,14,1,1,2.0,2,0,0,0.0,14091,32,350,649.0
vfpa-apvf,249,0,7,8.0,18,0,0,2.0,0,0,0,0.0,0,0,0,0.0,0,0,0,0.0,0,0,0,0.0,0,0,0,0.0,0,0,0,0.0,0,0,0,0.0,0,0,0,0.0,0,0,0,0.0,0,0,0,0.0,0,0,0,0.0,0,0,0,0.0,0,0,0,0.0,0,0,0,0.0,0,0,0,0.0,0,0,0,0.0,0,0,0,0.0,0,0,0,0.0,0,0,0,0.0,0,0,0,0.0,0,0,0,0.0,0,0,0,0.0,267,0,7,10.0
viarail,458,0,19,19.0,0,0,0,0.0,0,0,0,0.0,0,0,0,0.0,0,0,0,0.0,0,0,0,0.0,0,0,0,0.0,0,0,0,0.0,0,0,0,0.0,32,6,7,9.0,0,0,0,0.0,0,0,0,0.0,0,0,0,0.0,0,0,0,0.0,0,0,0,0.0,0,0,0,0.0,0,0,0,0.0,0,0,0,0.0,0,0,0,0.0,0,0,0,0.0,0,0,0,0.0,245,24,39,61.0,0,0,0,0.0,0,0,0,0.0,735,30,65,89.0
vrab-tacra,50,0,0,0.0,55,0,1,4.0,2,0,0,0.0,172,0,7,7.0,8,0,0,0.0,4,0,0,0.0,0,0,0,0.0,0,0,0,0.0,0,0,0,0.0,56,0,1,1.0,52,1,2,5.0,0,0,0,0.0,0,0,0,0.0,3,0,0,0.0,1,0,0,0.0,0,0,0,0.0,17,0,0,0.0,33,0,1,1.0,1,0,0,0.0,0,0,0,0.0,0,0,0,0.0,391,2,6,15.0,23,0,0,-1.0,0,0,0,0.0,868,3,18,32.0
wage,222,0,8,13.0,15,0,0,1.0,1277,15,43,75.0,820,1,19,43.0,0,0,0,0.0,8,0,0,1.0,0,0,0,0.0,2960,0,382,441.0,3,0,0,0.0,14,0,0,0.0,55,0,2,4.0,9,0,0,0.0,5,0,0,0.0,0,0,0,0.0,170,0,2,2.0,1,0,0,0.0,13,0,0,2.0,15,0,0,0.0,2,0,0,0.0,1,0,0,0.0,7,0,0,0.0,677,0,36,104.0,15,0,0,0.0,0,0,0,0.0,6289,16,492,686.0
wd-deo,215,0,0,0.0,1,0,0,0.0,451,0,0,0.0,250,0,0,0.0,0,0,0,0.0,4,0,0,0.0,0,0,0,0.0,14556,0,0,0.0,0,0,0,0.0,73,0,0,0.0,19,0,0,0.0,0,0,0,0.0,0,0,0,0.0,2,0,0,0.0,0,0,0,0.0,0,0,0,0.0,23,0,0,0.0,10,0,0,0.0,1,0,0,0.0,0,0,0,0.0,10,0,0,0.0,1387,0,0,0.0,10,0,0,0.0,0,0,0,0.0,17012,0,0,0.0
wdba-apwd,31,1,5,5.0,42,0,3,3.0,0,0,0,0.0,0,0,0,0.0,0,0,0,0.0,0,0,0,0.0,0,0,0,0.0,0,0,0,0.0,0,0,0,0.0,75,0,6,10.0,3,0,0,0.0,0,0,0,0.0,0,0,0,0.0,0,0,0,0.0,0,0,0,0.0,0,0,0,0.0,0,0,0,0.0,0,0,0,0.0,0,0,0,0.0,0,0,0,0.0,0,0,0,0.0,118,0,5,15.0,0,0,0,0.0,0,0,0,0.0,269,1,19,33.0
yesab-oeesy,12,0,0,1.0,70,1,3,5.0,0,0,0,0.0,0,0,0,0.0,0,0,0,0.0,1,0,0,0.0,0,0,0,0.0,0,0,0,0.0,0,0,0,0.0,0,0,0,0.0,0,0,0,0.0,0,0,0,0.0,0,0,0,0.0,0,0,0,0.0,0,0,0,0.0,0,0,0,0.0,0,0,0,0.0,0,0,0,0.0,0,0,0,0.0,0,0,0,0.0,0,0,0,0.0,68,0,0,0.0,14,0,0,0.0,0,0,0,0.0,165,1,3,6.0
