owner_org,ati_all,ati_all_change_30-days,ati_all_change_90-days,ati_all_change_6-months,ati_nil,ati_nil_change_30-days,ati_nil_change_90-days,ati_nil_change_6-months,briefingt,briefingt_change_30-days,briefingt_change_90-days,briefingt_change_6-months,contracts,contracts_change_30-days,contracts_change_90-days,contracts_change_6-months,contracts_nil,contracts_nil_change_30-days,contracts_nil_change_90-days,contracts_nil_change_6-months,contractsa,contractsa_change_30-days,contractsa_change_90-days,contractsa_change_6-months,dac,dac_change_30-days,dac_change_90-days,dac_change_6-months,grants,grants_change_30-days,grants_change_90-days,grants_change_6-months,grants_nil,grants_nil_change_30-days,grants_nil_change_90-days,grants_nil_change_6-months,hospitalityq,hospitalityq_change_30-days,hospitalityq_change_90-days,hospitalityq_change_6-months,hospitalityq_nil,hospitalityq_nil_change_30-days,hospitalityq_nil_change_90-days,hospitalityq_nil_change_6-months,parliament_committee,parliament_committee_change_30-days,parliament_committee_change_90-days,parliament_committee_change_6-months,parliament_committee_deputy,parliament_committee_deputy_change_30-days,parliament_committee_deputy_change_90-days,parliament_committee_deputy_change_6-months,parliament_report,parliament_report_change_30-days,parliament_report_change_90-days,parliament_report_change_6-months,qpnotes,qpnotes_change_30-days,qpnotes_change_90-days,qpnotes_change_6-months,qpnotes_nil,qpnotes_nil_change_30-days,qpnotes_nil_change_90-days,qpnotes_nil_change_6-months,reclassification,reclassification_change_30-days,reclassification_change_90-days,reclassification_change_6-months,reclassification_nil,reclassification_nil_change_30-days,reclassification_nil_change_90-days,reclassification_nil_change_6-months,transition,transition_change_30-days,transition_change_90-days,transition_change_6-months,transition_deputy,transition_deputy_change_30-days,transition_deputy_change_90-days,transition_deputy_change_6-months,travela,travela_change_30-days,travela_change_90-days,travela_change_6-months,travelq,travelq_change_30-days,travelq_change_90-days,travelq_change_6-months,travelq_nil,travelq_nil_change_30-days,travelq_nil_change_90-days,travelq_nil_change_6-months,wrongdoing,wrongdoing_change_30-days,wrongdoing_change_90-days,wrongdoing_change_6-months,Total Original,Total Change 30-days,Total Change 90-days,Total Change 6-months
aafc-aac,1416,13,25,47,0,0,0,0,3590,25,125,256,17669,681,681,1127,0,0,0,0,7,0,0,0,79,0,1,4,15965,0,290,842,0,0,0,0,30,0,0,0,63,1,3,6,0,0,0,0,0,0,0,0,4,0,0,0,225,0,0,65,0,0,0,,330,0,25,27,3,0,0,0,1,0,0,0,1,0,0,1,9,0,0,1,1818,10,50,87,3,0,0,0,0,0,0,0,41213,730,1200,2463.0
aandc-aadnc,1785,0,17,48,0,0,0,-11,6020,0,166,415,8781,103,103,185,1,0,0,0,0,0,0,0,102,0,4,8,20690,0,450,570,0,0,0,0,163,2,4,12,0,0,0,0,9,0,0,0,0,0,0,0,12,0,0,0,391,0,0,31,0,0,0,,98,0,0,1,17,0,1,1,2,0,0,0,0,0,0,0,5,0,0,1,1866,18,108,183,0,0,0,0,0,0,0,0,39942,123,853,1444.0
acoa-apeca,215,0,2,5,13,1,2,3,923,18,52,98,2857,0,0,16,0,0,0,0,8,1,1,1,0,0,0,0,29191,0,389,737,0,0,0,0,225,0,0,2,0,0,0,0,0,0,0,0,13,0,0,0,19,0,0,1,6,0,0,0,0,0,0,,190,0,0,3,13,0,1,1,0,0,0,0,3,0,0,0,4,0,0,0,3006,8,39,79,0,0,0,0,0,0,0,0,36686,28,486,946.0
aecl-eacl,353,1,4,5,34,0,0,3,0,0,0,0,0,0,0,0,0,0,0,0,0,0,0,0,0,0,0,0,0,0,0,0,0,0,0,0,191,2,2,2,1,0,0,0,0,0,0,0,0,0,0,0,0,0,0,0,0,0,0,0,0,0,0,,0,0,0,0,0,0,0,0,0,0,0,0,0,0,0,0,0,0,0,0,1188,0,0,0,1,0,0,0,0,0,0,0,1768,3,6,10.0
apa,9,0,2,4,26,1,1,4,0,0,0,0,0,0,0,0,0,0,0,0,0,0,0,0,0,0,0,0,0,0,0,0,0,0,0,0,0,0,0,0,0,0,0,0,0,0,0,0,0,0,0,0,4,4,4,4,0,0,0,0,0,0,0,,0,0,0,0,0,0,0,0,0,0,0,0,0,0,0,0,0,0,0,0,0,0,0,0,0,0,0,0,0,0,0,0,39,5,7,12.0
apfc-fapc,14,0,0,0,53,0,4,4,0,0,0,0,0,0,0,0,0,0,0,0,0,0,0,0,0,0,0,0,0,0,0,0,0,0,0,0,0,0,0,0,0,0,0,0,0,0,0,0,0,0,0,0,0,0,0,0,0,0,0,0,0,0,0,,0,0,0,0,0,0,0,0,0,0,0,0,0,0,0,0,0,0,0,0,0,0,0,0,0,0,0,0,0,0,0,0,67,0,4,4.0
atssc-scdata,106,1,1,6,31,0,2,3,175,12,14,23,1454,30,30,57,0,0,0,0,8,0,1,1,0,0,0,0,0,0,0,0,0,0,0,0,157,0,0,0,35,0,0,14,0,0,0,0,0,0,0,0,15,0,0,1,0,0,0,0,0,0,0,,170,0,3,4,0,0,0,0,2,0,1,1,0,0,0,0,2,0,0,0,473,0,5,10,4,0,0,2,0,0,0,0,2632,43,57,122.0
bc,141,0,0,0,0,0,0,0,0,0,0,0,0,0,0,0,0,0,0,0,0,0,0,0,0,0,0,0,0,0,0,0,0,0,0,0,0,0,0,0,0,0,0,0,0,0,0,0,0,0,0,0,0,0,0,0,0,0,0,0,0,0,0,,0,0,0,0,0,0,0,0,0,0,0,0,0,0,0,0,0,0,0,0,0,0,0,0,0,0,0,0,0,0,0,0,141,0,0,0.0
bctc-ctcb,7,0,2,2,31,2,3,5,0,0,0,0,0,0,0,0,0,0,0,0,0,0,0,0,0,0,0,0,0,0,0,0,0,0,0,0,0,0,0,0,0,0,0,0,0,0,0,0,0,0,0,0,0,0,0,0,0,0,0,0,0,0,0,,0,0,0,0,0,0,0,0,0,0,0,0,0,0,0,0,0,0,0,0,0,0,0,0,0,0,0,0,0,0,0,0,38,2,5,7.0
bdc,99,4,13,18,16,0,1,1,0,0,0,0,0,0,0,0,0,0,0,0,0,0,0,0,0,0,0,0,0,0,0,0,0,0,0,0,0,0,0,0,0,0,0,0,0,0,0,0,0,0,0,0,0,0,0,0,0,0,0,0,0,0,0,,0,0,0,0,0,0,0,0,0,0,0,0,0,0,0,0,2,0,0,0,0,0,0,0,0,0,0,0,0,0,0,0,117,4,14,19.0
bpa-apd,2,0,0,0,27,1,4,6,0,0,0,0,0,0,0,0,0,0,0,0,0,0,0,0,0,0,0,0,0,0,0,0,0,0,0,0,0,0,0,0,0,0,0,0,0,0,0,0,0,0,0,0,0,0,0,0,0,0,0,0,0,0,0,,0,0,0,0,0,0,0,0,0,0,0,0,0,0,0,0,0,0,0,0,0,0,0,0,0,0,0,0,0,0,0,0,29,1,4,6.0
cannor,95,0,12,12,36,0,10,10,357,0,0,0,88,0,0,0,1,0,0,0,4,0,0,0,0,0,0,0,1850,0,97,141,0,0,0,0,20,0,0,0,55,0,0,0,0,0,0,0,0,0,0,0,0,0,0,0,22,0,0,4,0,0,0,,2,0,0,0,7,0,0,0,0,0,0,0,0,0,0,0,6,0,0,0,113,0,0,0,27,0,0,0,1,0,0,0,2684,0,119,167.0
cas-satj,0,0,0,0,0,0,0,0,0,0,0,0,2527,94,94,232,0,0,0,0,7,0,0,0,79,0,3,6,0,0,0,0,0,0,0,0,118,0,0,0,21,0,0,0,0,0,0,0,0,0,0,0,0,0,0,0,0,0,0,0,0,0,0,,7,0,0,0,0,0,0,0,0,0,0,0,0,0,0,0,0,0,0,0,331,0,3,8,2,0,0,0,0,0,0,0,3092,94,100,246.0
casdo-ocena,23,0,1,16,48,1,2,4,96,0,2,4,250,31,31,41,0,0,0,0,0,0,0,0,0,0,0,0,91,0,0,1,0,0,0,0,6,0,0,1,54,1,2,4,0,0,0,0,0,0,0,0,0,0,0,0,0,0,0,0,0,0,0,,0,0,0,0,0,0,0,0,0,0,0,0,1,0,0,0,4,0,0,0,157,1,3,5,23,0,0,2,0,0,0,0,753,34,41,78.0
catsa-acsta,34,0,3,-166,6,0,-29,-29,0,0,0,0,0,0,0,0,0,0,0,0,0,0,0,0,0,0,0,0,0,0,0,0,0,0,0,0,542,2,6,14,25,0,0,1,0,0,0,0,0,0,0,0,4,0,0,0,0,0,0,0,0,0,0,,0,0,0,0,0,0,0,0,0,0,0,0,0,0,0,0,9,0,0,0,1055,2,13,30,27,0,0,0,0,0,0,0,1702,4,-7,-150.0
cb-cda,95,0,0,1,61,1,3,5,0,0,0,0,0,0,0,0,0,0,0,0,0,0,0,0,0,0,0,0,0,0,0,0,0,0,0,0,0,0,0,0,0,0,0,0,0,0,0,0,0,0,0,0,0,0,0,0,0,0,0,0,0,0,0,,0,0,0,0,0,0,0,0,0,0,0,0,0,0,0,0,0,0,0,0,0,0,0,0,0,0,0,0,0,0,0,0,156,1,3,6.0
cbc-radio-canada,143,0,0,0,0,0,0,0,0,0,0,0,0,0,0,0,0,0,0,0,0,0,0,0,0,0,0,0,0,0,0,0,0,0,0,0,0,0,0,0,0,0,0,0,0,0,0,0,0,0,0,0,0,0,0,0,0,0,0,0,0,0,0,,0,0,0,0,0,0,0,0,0,0,0,0,0,0,0,0,0,0,0,0,0,0,0,0,0,0,0,0,0,0,0,0,143,0,0,0.0
cbsa-asfc,4610,38,108,187,0,0,0,0,770,2,19,44,11414,268,268,457,0,0,0,0,6,1,1,1,96,0,4,8,0,0,0,0,0,0,0,0,306,0,0,0,62,1,3,5,0,0,0,0,0,0,0,0,1,0,0,0,0,0,0,0,0,0,0,,393,6,6,16,13,0,0,0,0,0,0,0,0,0,0,0,11,0,0,0,928,0,33,79,23,0,0,0,2,0,0,0,18635,316,442,797.0
cca-cac,138,0,0,1,14,1,3,5,0,0,0,0,0,0,0,0,0,0,0,0,0,0,0,0,0,0,0,0,0,0,0,0,0,0,0,0,16,2,3,5,8,0,1,1,0,0,0,0,0,0,0,0,0,0,0,0,0,0,0,0,0,0,0,,0,0,0,0,0,0,0,0,0,0,0,0,0,0,0,0,0,0,0,0,113,11,21,38,1,0,0,0,0,0,0,0,290,14,28,50.0
ccc,121,0,0,2,46,0,0,4,0,0,0,0,0,0,0,0,0,0,0,0,0,0,0,0,0,0,0,0,0,0,0,0,0,0,0,0,0,0,0,0,0,0,0,0,0,0,0,0,0,0,0,0,0,0,0,0,0,0,0,0,0,0,0,,0,0,0,0,0,0,0,0,0,0,0,0,0,0,0,0,0,0,0,0,0,0,0,0,0,0,0,0,0,0,0,0,167,0,0,6.0
ccohs-cchst,22,0,0,0,50,0,3,5,3,0,0,0,218,10,10,14,0,0,0,0,6,0,0,0,0,0,0,0,0,0,0,0,0,0,0,0,34,0,0,0,73,1,3,6,0,0,0,0,0,0,0,0,12,0,0,1,0,0,0,0,0,0,0,,0,0,0,0,0,0,0,0,0,0,0,0,0,0,0,0,8,0,0,0,147,0,0,6,44,1,3,4,0,0,0,0,617,12,19,36.0
ccperb-cceebc,2,0,0,0,0,0,0,0,0,0,0,0,0,0,0,0,0,0,0,0,0,0,0,0,0,0,0,0,0,0,0,0,0,0,0,0,0,0,0,0,0,0,0,0,0,0,0,0,0,0,0,0,0,0,0,0,0,0,0,0,0,0,0,,0,0,0,0,0,0,0,0,0,0,0,0,0,0,0,0,0,0,0,0,0,0,0,0,0,0,0,0,0,0,0,0,2,0,0,0.0
cdc-ccl,42,13,13,13,0,0,0,0,0,0,0,0,0,0,0,0,0,0,0,0,0,0,0,0,0,0,0,0,0,0,0,0,0,0,0,0,0,0,0,0,0,0,0,0,0,0,0,0,0,0,0,0,0,0,0,0,0,0,0,0,0,0,0,,10,0,0,0,4,0,0,0,0,0,0,0,0,0,0,0,0,0,0,0,0,0,0,0,0,0,0,0,0,0,0,0,56,13,13,13.0
cdev,79,0,0,4,37,1,4,4,0,0,0,0,0,0,0,0,0,0,0,0,0,0,0,0,0,0,0,0,0,0,0,0,0,0,0,0,0,0,0,0,0,0,0,0,0,0,0,0,0,0,0,0,0,0,0,0,0,0,0,0,0,0,0,,0,0,0,0,0,0,0,0,0,0,0,0,0,0,0,0,0,0,0,0,0,0,0,0,0,0,0,0,0,0,0,0,116,1,4,8.0
cdic-sadc,26,0,0,0,55,1,3,6,0,0,0,0,0,0,0,0,0,0,0,0,0,0,0,0,0,0,0,0,0,0,0,0,0,0,0,0,48,0,6,7,10,1,1,4,0,0,0,0,0,0,0,0,8,0,0,0,0,0,0,0,0,0,0,,0,0,0,0,0,0,0,0,0,0,0,0,0,0,0,0,2,0,0,0,238,4,16,41,1,0,0,1,0,0,0,0,388,6,26,59.0
ced-dec,288,0,2,3,27,1,1,3,760,5,27,44,1979,0,11,19,0,0,0,0,7,1,1,1,0,0,0,0,15689,4,313,465,0,0,0,0,781,0,0,2,54,1,3,6,1,0,0,-1,3,0,0,1,6,0,0,2,74,0,0,8,0,0,0,,76,0,4,4,27,0,0,1,4,1,1,1,1,0,0,0,13,0,0,1,2938,2,6,15,20,0,0,0,0,0,0,0,22748,15,369,575.0
ceefc-cfuec,10,0,0,0,54,1,4,6,0,0,0,0,0,0,0,0,0,0,0,0,0,0,0,0,0,0,0,0,0,0,0,0,0,0,0,0,0,0,0,0,0,0,0,0,0,0,0,0,0,0,0,0,0,0,0,0,0,0,0,0,0,0,0,,0,0,0,0,0,0,0,0,0,0,0,0,0,0,0,0,0,0,0,0,0,0,0,0,0,0,0,0,0,0,0,0,64,1,4,6.0
celd,0,0,0,0,65,1,4,6,0,0,0,0,0,0,0,0,0,0,0,0,0,0,0,0,0,0,0,0,0,0,0,0,0,0,0,0,0,0,0,0,0,0,0,0,0,0,0,0,0,0,0,0,0,0,0,0,0,0,0,0,0,0,0,,0,0,0,0,0,0,0,0,0,0,0,0,0,0,0,0,0,0,0,0,0,0,0,0,0,0,0,0,0,0,0,0,65,1,4,6.0
cer-rec,684,3,4,6,17,0,1,3,1212,10,43,69,1813,60,102,130,1,0,0,0,9,1,1,1,0,0,0,0,694,0,89,176,2,0,0,0,245,3,3,21,18,0,0,0,1,0,0,0,2,0,0,1,4,0,0,0,0,0,0,0,0,0,0,,0,0,0,0,0,0,0,0,1,0,0,0,2,0,0,1,9,0,0,1,425,6,12,33,19,0,0,0,0,0,0,0,5158,83,255,442.0
cfia-acia,2342,22,52,96,0,0,0,0,627,9,35,50,5806,223,223,462,0,0,0,0,7,0,0,0,97,0,4,10,52,0,2,5,12,0,-5,-4,295,0,4,8,37,1,2,3,0,0,0,0,20,0,0,1,3,0,0,0,0,0,0,0,0,0,0,,15,0,0,6,0,0,0,0,0,0,0,0,0,0,0,0,4,0,0,1,432,1,12,21,24,0,0,1,0,0,0,0,9773,256,329,660.0
cfmws-sbmfc,62,0,9,9,32,0,1,1,0,0,0,0,0,0,0,0,0,0,0,0,0,0,0,0,0,0,0,0,0,0,0,0,0,0,0,0,0,0,0,0,0,0,0,0,0,0,0,0,0,0,0,0,0,0,0,0,0,0,0,0,0,0,0,,0,0,0,0,0,0,0,0,0,0,0,0,0,0,0,0,0,0,0,0,0,0,0,0,0,0,0,0,0,0,0,0,94,0,10,10.0
cgc-ccg,36,0,4,4,51,0,1,6,403,10,17,36,1286,36,36,61,1,0,0,0,8,1,1,1,42,0,2,2,0,0,0,0,0,0,0,0,64,2,8,11,42,0,0,0,0,0,0,0,0,0,0,0,0,0,0,0,0,0,0,0,0,0,0,,73,0,0,0,15,0,0,1,0,0,0,0,0,0,0,0,6,0,0,0,191,1,14,32,24,0,0,0,0,0,0,0,2242,50,83,154.0
cgf-fcc,0,0,0,0,29,1,4,6,0,0,0,0,0,0,0,0,0,0,0,0,0,0,0,0,0,0,0,0,0,0,0,0,0,0,0,0,0,0,0,0,0,0,0,0,0,0,0,0,0,0,0,0,0,0,0,0,0,0,0,0,0,0,0,,0,0,0,0,0,0,0,0,0,0,0,0,0,0,0,0,0,0,0,0,0,0,0,0,0,0,0,0,0,0,0,0,29,1,4,6.0
cgfimi-gafcc,2,0,0,0,21,1,4,7,0,0,0,0,0,0,0,0,0,0,0,0,0,0,0,0,0,0,0,0,0,0,0,0,0,0,0,0,0,0,0,0,0,0,0,0,0,0,0,0,0,0,0,0,0,0,0,0,0,0,0,0,0,0,0,,0,0,0,0,0,0,0,0,0,0,0,0,0,0,0,0,0,0,0,0,0,0,0,0,0,0,0,0,0,0,0,0,23,1,4,7.0
chhc-sgch,0,0,0,0,65,1,4,6,0,0,0,0,0,0,0,0,0,0,0,0,0,0,0,0,0,0,0,0,0,0,0,0,0,0,0,0,0,0,0,0,0,0,0,0,0,0,0,0,0,0,0,0,0,0,0,0,0,0,0,0,0,0,0,,0,0,0,0,0,0,0,0,0,0,0,0,0,0,0,0,0,0,0,0,0,0,0,0,0,0,0,0,0,0,0,0,65,1,4,6.0
chrc-ccdp,208,6,6,10,21,1,2,4,313,0,10,16,757,20,20,38,0,0,0,0,8,1,1,1,0,0,0,0,0,0,0,0,0,0,0,0,1,0,0,0,25,0,0,0,0,0,0,0,3,0,1,2,2,0,0,0,0,0,0,0,0,0,0,,23,0,1,1,17,0,0,1,0,0,0,0,0,0,0,0,6,0,0,0,296,1,2,4,18,0,0,0,0,0,0,0,1698,29,43,77.0
cib-bic,94,0,1,5,28,1,2,3,0,0,0,0,0,0,0,0,0,0,0,0,0,0,0,0,0,0,0,0,0,0,0,0,0,0,0,0,20,0,1,3,8,1,2,3,0,0,0,0,0,0,0,0,0,0,0,0,0,0,0,0,0,0,0,,0,0,0,0,0,0,0,0,0,0,0,0,0,0,0,0,0,0,0,0,175,10,24,53,2,0,0,0,0,0,0,0,327,12,30,67.0
cic,12461,80,307,654,0,0,0,0,3572,26,103,225,15290,285,285,542,0,0,0,0,8,0,0,1,98,0,3,11,17587,0,929,1078,0,0,0,0,583,0,1,6,27,0,0,0,0,0,0,0,0,0,0,0,1,0,0,0,232,0,0,37,0,0,0,,1601,0,0,2,5,0,0,0,0,0,0,0,0,0,0,0,0,0,0,0,2182,6,53,116,13,0,0,0,4,0,0,1,53664,397,1681,2673.0
cicc-ccic,14,0,8,12,37,1,2,3,0,0,0,0,0,0,0,0,0,0,0,0,0,0,0,0,0,0,0,0,0,0,0,0,0,0,0,0,38,3,6,8,8,0,1,1,0,0,0,0,0,0,0,0,0,0,0,0,0,0,0,0,0,0,0,,0,0,0,0,0,0,0,0,0,0,0,0,0,0,0,0,0,0,0,0,428,13,45,82,4,0,0,0,0,0,0,0,529,17,62,106.0
ciccdev,1,0,0,0,27,1,4,6,0,0,0,0,0,0,0,0,0,0,0,0,0,0,0,0,0,0,0,0,0,0,0,0,0,0,0,0,0,0,0,0,0,0,0,0,0,0,0,0,0,0,0,0,0,0,0,0,0,0,0,0,0,0,0,,0,0,0,0,0,0,0,0,0,0,0,0,0,0,0,0,0,0,0,0,0,0,0,0,0,0,0,0,0,0,0,0,28,1,4,6.0
cics-scic,0,0,0,0,0,0,0,0,0,0,0,0,285,8,8,16,0,0,0,0,7,0,0,0,0,0,0,0,0,0,0,0,0,0,0,0,11,0,0,1,76,1,3,5,0,0,0,0,0,0,0,0,0,0,0,0,0,0,0,0,0,0,0,,0,0,0,0,2,0,0,0,0,0,0,0,0,0,0,0,6,0,0,0,17,0,0,0,65,1,3,6,0,0,0,0,469,10,14,28.0
cihr-irsc,197,6,9,20,11,0,0,0,1088,0,16,73,1486,0,28,57,0,0,0,0,9,0,1,1,77,3,3,4,40298,0,530,2527,0,0,0,0,373,0,0,0,54,1,3,6,30,0,1,5,1,0,0,0,0,0,0,0,0,0,0,0,0,0,0,,25,0,0,1,10,0,1,1,0,0,0,0,0,0,0,0,14,0,0,1,818,6,9,21,32,0,0,0,0,0,0,0,44523,16,601,2717.0
cirb-ccri,8,0,0,0,0,0,0,0,0,0,0,0,0,0,0,0,0,0,0,0,0,0,0,0,0,0,0,0,0,0,0,0,0,0,0,0,0,0,0,0,0,0,0,0,0,0,0,0,0,0,0,0,0,0,0,0,0,0,0,0,0,0,0,,0,0,0,0,0,0,0,0,0,0,0,0,0,0,0,0,0,0,0,0,0,0,0,0,0,0,0,0,0,0,0,0,8,0,0,0.0
citt-tcce,5,0,0,0,0,0,0,0,0,0,0,0,0,0,0,0,0,0,0,0,0,0,0,0,0,0,0,0,0,0,0,0,0,0,0,0,0,0,0,0,0,0,0,0,0,0,0,0,0,0,0,0,0,0,0,0,0,0,0,0,0,0,0,,0,0,0,0,0,0,0,0,0,0,0,0,0,0,0,0,0,0,0,0,0,0,0,0,0,0,0,0,0,0,0,0,5,0,0,0.0
clccl-siccl,21,0,1,1,36,0,0,2,0,0,0,0,0,0,0,0,0,0,0,0,0,0,0,0,0,0,0,0,0,0,0,0,0,0,0,0,0,0,0,0,0,0,0,0,0,0,0,0,0,0,0,0,0,0,0,0,0,0,0,0,0,0,0,,0,0,0,0,0,0,0,0,0,0,0,0,0,0,0,0,0,0,0,0,0,0,0,0,0,0,0,0,0,0,0,0,57,0,1,3.0
clcl-sicl,9,0,0,0,50,0,1,3,0,0,0,0,0,0,0,0,0,0,0,0,0,0,0,0,0,0,0,0,0,0,0,0,0,0,0,0,0,0,0,0,0,0,0,0,0,0,0,0,0,0,0,0,0,0,0,0,0,0,0,0,0,0,0,,0,0,0,0,0,0,0,0,0,0,0,0,0,0,0,0,0,0,0,0,0,0,0,0,0,0,0,0,0,0,0,0,59,0,1,3.0
cmc-mcc,65,0,1,1,44,1,2,5,0,0,0,0,0,0,0,0,0,0,0,0,0,0,0,0,0,0,0,0,0,0,0,0,0,0,0,0,2,2,2,2,0,0,0,0,0,0,0,0,0,0,0,0,3,0,0,3,0,0,0,0,0,0,0,,0,0,0,0,0,0,0,0,0,0,0,0,0,0,0,0,0,0,0,0,2,2,2,2,0,0,0,0,0,0,0,0,116,5,7,13.0
cmhc-schl,633,2,16,47,0,0,0,0,0,0,0,0,0,0,0,0,0,0,0,0,0,0,0,0,0,0,0,0,0,0,0,0,0,0,0,0,24,0,2,4,0,0,0,0,0,0,0,0,0,0,0,0,0,0,0,0,0,0,0,0,0,0,0,,0,0,0,0,0,0,0,0,0,0,0,0,0,0,0,0,0,0,0,0,677,23,98,190,0,0,0,0,0,0,0,0,1334,25,116,241.0
cmhr-mcdp,28,0,1,2,27,0,1,3,0,0,0,0,0,0,0,0,0,0,0,0,0,0,0,0,0,0,0,0,0,0,0,0,0,0,0,0,83,2,16,35,0,0,0,0,0,0,0,0,0,0,0,0,0,0,0,0,0,0,0,0,0,0,0,,0,0,0,0,0,0,0,0,0,0,0,0,0,0,0,0,0,0,0,0,65,2,11,23,0,0,0,0,0,0,0,0,203,4,29,63.0
cmip-mciq,9,0,0,0,61,1,3,7,0,0,0,0,0,0,0,0,0,0,0,0,0,0,0,0,0,0,0,0,0,0,0,0,0,0,0,0,56,4,4,18,1,0,0,1,0,0,0,0,0,0,0,0,5,0,0,1,0,0,0,0,0,0,0,,0,0,0,0,0,0,0,0,0,0,0,0,0,0,0,0,0,0,0,0,72,10,10,45,1,0,0,0,0,0,0,0,205,15,17,72.0
cmn-mcn,23,0,0,0,39,0,0,0,0,0,0,0,0,0,0,0,0,0,0,0,0,0,0,0,0,0,0,0,0,0,0,0,0,0,0,0,28,0,7,11,7,1,1,1,0,0,0,0,0,0,0,0,0,0,0,0,0,0,0,0,0,0,0,,0,0,0,0,0,0,0,0,0,0,0,0,0,0,0,0,2,0,0,0,76,0,4,13,4,1,1,2,0,0,0,0,179,2,13,27.0
cnlopb,136,0,2,3,50,0,3,5,0,0,0,0,0,0,0,0,0,0,0,0,0,0,0,0,0,0,0,0,0,0,0,0,0,0,0,0,0,0,0,0,0,0,0,0,0,0,0,0,0,0,0,0,0,0,0,0,0,0,0,0,0,0,0,,0,0,0,0,0,0,0,0,0,0,0,0,0,0,0,0,0,0,0,0,0,0,0,0,0,0,0,0,0,0,0,0,186,0,5,8.0
cnsc-ccsn,1879,0,8,37,0,0,0,0,1353,0,25,81,1978,133,133,177,0,0,0,0,8,1,1,1,82,0,3,22,909,0,20,67,0,0,0,0,120,0,0,0,4,0,0,0,0,0,0,0,1,0,0,0,2,0,0,0,0,0,0,0,0,0,0,,0,0,0,0,0,0,0,0,0,0,0,0,1,0,0,0,0,0,0,0,468,0,16,32,2,0,0,0,0,0,0,0,6807,134,206,417.0
cnsopb,5,0,0,0,45,1,5,7,0,0,0,0,0,0,0,0,0,0,0,0,0,0,0,0,0,0,0,0,0,0,0,0,0,0,0,0,0,0,0,0,0,0,0,0,0,0,0,0,0,0,0,0,0,0,0,0,0,0,0,0,0,0,0,,0,0,0,0,0,0,0,0,0,0,0,0,0,0,0,0,0,0,0,0,0,0,0,0,0,0,0,0,0,0,0,0,50,1,5,7.0
cpata-cabamc,0,0,0,0,23,2,2,4,0,0,0,0,0,0,0,0,0,0,0,0,0,0,0,0,0,0,0,0,0,0,0,0,0,0,0,0,15,1,1,4,10,1,2,2,0,0,0,0,0,0,0,0,0,0,0,0,0,0,0,0,0,0,0,,0,0,0,0,0,0,0,0,0,0,0,0,0,0,0,0,0,0,0,0,33,5,5,18,9,1,2,3,0,0,0,0,90,10,12,31.0
cpc-cpp,88,2,4,6,27,0,1,2,22,0,0,0,286,0,10,19,0,0,0,0,1,0,0,0,0,0,0,0,0,0,0,0,0,0,0,0,51,0,0,1,59,1,3,5,0,0,0,0,2,0,0,0,18,0,0,1,0,0,0,0,3,0,0,,28,0,0,0,24,0,1,2,0,0,0,0,0,0,0,0,0,0,0,0,64,0,0,0,55,1,3,5,0,0,0,0,728,4,22,41.0
cpc-scp,152,4,7,14,5,0,1,1,0,0,0,0,0,0,0,0,0,0,0,0,0,0,0,0,0,0,0,0,0,0,0,0,0,0,0,0,0,0,0,0,0,0,0,0,0,0,0,0,0,0,0,0,0,0,0,0,0,0,0,0,0,0,0,,0,0,0,0,0,0,0,0,0,0,0,0,0,0,0,0,0,0,0,0,0,0,0,0,0,0,0,0,0,0,0,0,157,4,8,15.0
cra-arc,6169,13,-51,90,0,0,0,0,1791,10,50,108,42422,347,347,1161,0,0,0,0,6,0,0,0,0,0,0,0,5347,0,184,1509,20,0,0,0,1062,0,15,21,28,0,0,0,0,0,0,0,0,0,0,0,0,0,0,0,68,0,0,4,0,0,0,,336,0,1,1,7,0,0,1,3,0,1,1,0,0,0,0,10,0,0,1,5090,27,71,133,7,0,0,0,1,0,0,0,62367,397,618,3030.0
crrf-fcrr,14,1,1,1,31,0,7,7,0,0,0,0,0,0,0,0,0,0,0,0,0,0,0,0,0,0,0,0,0,0,0,0,0,0,0,0,0,0,0,0,0,0,0,0,0,0,0,0,0,0,0,0,0,0,0,0,0,0,0,0,0,0,0,,0,0,0,0,0,0,0,0,0,0,0,0,0,0,0,0,0,0,0,0,0,0,0,0,0,0,0,0,0,0,0,0,45,1,8,8.0
crtc,442,6,27,59,2,0,0,0,274,0,6,9,956,0,48,77,0,0,0,0,0,0,0,0,0,0,0,0,0,0,0,0,15,0,0,0,30,0,0,0,45,1,1,1,0,0,0,0,1,0,0,0,4,0,0,0,0,0,0,0,0,0,0,,28,0,0,0,13,0,0,0,0,0,0,0,0,0,0,0,6,0,0,0,532,12,25,72,22,0,0,0,0,0,0,0,2370,19,107,218.0
csa-asc,395,1,9,13,13,0,0,0,222,3,9,21,3724,0,0,80,0,0,0,0,6,0,0,0,84,3,3,8,1642,3,107,128,0,0,0,0,76,0,0,1,49,1,3,5,0,0,0,0,1,0,0,0,8,0,0,0,0,0,0,0,0,0,0,,16,0,0,0,18,0,1,2,0,0,0,0,1,0,0,0,7,0,0,0,580,5,15,40,10,0,0,0,0,0,0,0,6852,16,147,298.0
csc-scc,3416,20,63,118,0,0,0,0,1511,15,71,132,51737,1,1340,2434,0,0,0,0,8,0,1,1,91,0,3,13,275,0,7,16,4,0,0,0,87,1,3,6,50,1,3,6,0,0,0,0,14,0,0,1,7,0,0,1,0,0,0,0,0,0,0,,138,0,1,1,5,0,0,0,2,0,0,0,2,0,1,1,7,0,0,0,1707,1,24,57,24,0,2,5,0,0,0,0,59085,39,1519,2792.0
csec-cstc,602,11,24,36,12,0,0,0,736,5,48,97,0,0,0,0,0,0,0,0,0,0,0,0,0,0,0,0,0,0,0,0,0,0,0,0,0,0,0,0,0,0,0,0,0,0,0,0,0,0,0,0,0,0,0,0,0,0,0,0,0,0,0,,0,0,0,0,0,0,0,0,0,0,0,0,0,0,0,0,0,0,0,0,0,0,0,0,0,0,0,0,0,0,0,0,1350,16,72,133.0
csis-scrs,2264,22,44,96,0,0,0,0,839,0,0,27,0,0,0,0,0,0,0,0,0,0,0,0,0,0,0,0,0,0,0,0,0,0,0,0,0,0,0,0,0,0,0,0,0,0,0,0,0,0,0,0,0,0,0,0,0,0,0,0,0,0,0,,0,0,0,0,0,0,0,0,0,0,0,0,0,0,0,0,0,0,0,0,0,0,0,0,0,0,0,0,0,0,0,0,3103,22,44,123.0
csps-efpc,270,1,3,12,16,0,0,0,281,0,4,10,970,48,48,75,0,0,0,0,8,1,1,1,0,0,0,0,0,0,0,0,0,0,0,0,102,0,0,0,49,1,3,4,0,0,0,0,0,0,0,0,0,0,0,0,0,0,0,0,0,0,0,,46,0,0,0,19,0,1,2,0,0,0,0,0,0,0,0,0,0,0,0,167,3,9,21,26,0,0,1,0,0,0,0,1954,54,69,126.0
cstm-mstc,35,0,0,0,56,2,3,6,0,0,0,0,0,0,0,0,0,0,0,0,0,0,0,0,0,0,0,0,0,0,0,0,0,0,0,0,0,0,0,0,0,0,0,0,0,0,0,0,0,0,0,0,0,0,0,0,0,0,0,0,0,0,0,,0,0,0,0,0,0,0,0,0,0,0,0,0,0,0,0,0,0,0,0,0,0,0,0,0,0,0,0,0,0,0,0,91,2,3,6.0
cta-otc,308,0,2,8,11,1,2,2,240,0,4,8,1197,0,22,37,0,0,0,0,5,0,1,1,0,0,0,0,0,0,0,0,0,0,0,0,26,0,0,0,66,1,2,6,0,0,0,0,6,0,0,0,0,0,0,0,0,0,0,0,0,0,0,,9,0,0,1,32,0,0,0,0,0,0,0,1,0,0,0,8,0,0,1,149,0,1,3,37,1,1,4,0,0,0,0,2095,3,35,71.0
ctc-cct,17,0,1,1,58,0,2,5,0,0,0,0,0,0,0,0,0,0,0,0,0,0,0,0,0,0,0,0,0,0,0,0,0,0,0,0,0,0,0,0,0,0,0,0,0,0,0,0,0,0,0,0,0,0,0,0,0,0,0,0,0,0,0,,0,0,0,0,0,0,0,0,0,0,0,0,0,0,0,0,0,0,0,0,0,0,0,0,0,0,0,0,0,0,0,0,75,0,3,6.0
cwa-aec,0,0,0,0,7,1,3,7,34,2,9,31,24,0,11,24,0,0,0,0,0,0,0,0,0,0,0,0,137,0,71,137,0,0,0,0,0,0,0,0,7,1,3,6,0,0,0,0,0,0,0,0,0,0,0,0,0,0,0,0,1,0,0,,0,0,0,0,2,0,1,2,0,0,0,0,0,0,0,0,0,0,0,0,9,1,4,8,0,0,0,0,0,0,0,0,221,5,102,215.0
dcc-cdc,29,1,5,6,42,1,2,4,0,0,0,0,0,0,0,0,0,0,0,0,0,0,0,0,0,0,0,0,0,0,0,0,0,0,0,0,79,0,3,5,11,0,0,1,0,0,0,0,0,0,0,0,3,0,0,0,0,0,0,0,0,0,0,,0,0,0,0,0,0,0,0,0,0,0,0,0,0,0,0,0,0,0,0,347,8,30,54,5,0,0,0,0,0,0,0,516,10,40,70.0
dfatd-maecd,11639,52,229,478,0,0,0,0,9495,27,191,417,73288,1437,1437,2543,0,0,0,0,8,1,1,1,107,0,4,8,13106,0,91,364,0,0,0,0,35500,33,225,357,0,0,0,0,43,0,0,1,7,0,0,1,24,0,0,0,264,0,0,3,0,0,0,,484,0,0,6,0,0,0,0,3,0,0,0,4,0,0,0,12,0,0,0,15393,16,192,412,0,0,0,0,20,0,0,1,159397,1566,2370,4592.0
dfi-ifd,1,0,0,0,28,2,3,6,0,0,0,0,0,0,0,0,0,0,0,0,0,0,0,0,0,0,0,0,0,0,0,0,0,0,0,0,59,0,10,13,4,0,1,2,0,0,0,0,0,0,0,0,0,0,0,0,0,0,0,0,0,0,0,,0,0,0,0,0,0,0,0,0,0,0,0,0,0,0,0,2,1,1,1,54,0,10,17,4,0,1,1,0,0,0,0,152,3,26,40.0
dfo-mpo,4603,44,143,258,0,0,0,0,4835,42,152,285,110649,2861,2914,5440,1,0,0,0,8,1,1,1,82,0,3,6,17258,0,729,1117,0,0,0,0,305,0,0,2,38,1,3,5,21,0,1,2,6,0,0,0,2,0,0,0,700,0,0,0,0,0,0,,352,0,2,28,3,0,0,0,4,0,0,0,1,0,0,0,14,0,0,0,2019,6,50,101,7,0,0,0,0,0,0,0,140908,2955,3998,7245.0
dnd-mdn,14075,117,338,680,0,0,0,0,4207,39,126,242,324583,6256,6256,10504,0,0,0,0,8,1,1,1,112,0,4,8,817,0,56,90,4,0,0,0,1702,18,64,108,73,0,0,3,25,0,0,1,2,0,0,2,6,0,0,0,116,0,0,10,0,0,0,,1258,0,3,11,0,0,0,0,4,0,1,1,1,0,0,0,13,0,0,0,5901,90,228,428,98,0,1,5,12,0,0,0,353017,6521,7078,12094.0
ec,4085,4,28,51,0,0,0,0,3928,24,137,274,66310,416,559,1254,0,0,0,0,8,1,1,1,117,0,4,8,8077,1,229,395,0,0,0,0,287,0,3,5,26,1,2,3,0,0,0,0,0,0,0,0,0,0,0,0,144,0,0,2,0,0,0,,1069,0,63,111,0,0,0,0,0,0,0,0,0,0,0,0,14,0,0,1,1791,10,54,114,2,0,0,0,3,1,1,1,85861,458,1081,2220.0
edc,127,4,11,11,14,0,2,2,0,0,0,0,0,0,0,0,0,0,0,0,0,0,0,0,0,0,0,0,0,0,0,0,0,0,0,0,456,20,116,198,0,0,0,0,0,0,0,0,0,0,0,0,1,0,0,0,0,0,0,0,0,0,0,,0,0,0,0,0,0,0,0,0,0,0,0,0,0,0,0,2,1,1,1,473,24,89,184,0,0,0,0,0,0,0,0,1073,49,219,396.0
elections,779,4,23,28,4,0,0,0,1299,42,93,161,3208,179,179,222,0,0,0,0,7,1,1,1,0,0,0,0,0,0,0,0,0,0,0,0,30,0,0,2,51,1,3,4,5,0,0,0,6,0,0,0,0,0,0,0,0,0,0,0,0,0,0,,42,0,0,0,14,1,1,2,0,0,0,0,0,0,0,0,0,0,0,0,127,1,8,12,27,0,0,1,0,0,0,0,5599,229,308,433.0
erc-cee,8,0,0,1,56,1,3,4,0,0,0,0,36,1,1,2,6,0,0,0,3,1,1,1,0,0,0,0,0,0,0,0,0,0,0,0,6,0,0,0,63,1,3,5,0,0,0,0,0,0,0,0,0,0,0,0,0,0,0,0,0,0,0,,0,0,0,0,3,0,0,0,0,0,0,0,0,0,0,0,0,0,0,0,29,0,1,0,58,1,2,4,0,0,0,0,268,5,11,17.0
esdc-edsc,2328,0,93,175,0,0,0,0,7490,37,244,594,38046,744,742,1177,0,0,0,0,8,1,1,1,99,0,6,8,317683,0,3909,4493,0,0,0,0,3355,0,1,4,0,0,0,0,63,0,4,5,12,0,0,0,12,0,0,0,598,0,0,91,1,0,0,,1153,0,1,1041,6,0,0,0,14,2,2,3,10,0,0,0,14,0,0,1,13166,42,191,372,0,0,0,0,3,0,0,0,384061,826,5194,7965.0
exi,0,0,0,0,29,2,3,6,0,0,0,0,0,0,0,0,0,0,0,0,0,0,0,0,0,0,0,0,0,0,0,0,0,0,0,0,0,0,0,0,0,0,0,0,0,0,0,0,0,0,0,0,0,0,0,0,0,0,0,0,0,0,0,,0,0,0,0,0,0,0,0,0,0,0,0,0,0,0,0,0,0,0,0,0,0,0,0,0,0,0,0,0,0,0,0,29,2,3,6.0
fbcl-spfl,20,0,-3,-1,58,1,3,4,0,0,0,0,0,0,0,0,0,0,0,0,0,0,0,0,0,0,0,0,0,0,0,0,0,0,0,0,3,0,0,2,7,0,0,7,0,0,0,0,0,0,0,0,9,0,0,0,0,0,0,0,0,0,0,,0,0,0,0,0,0,0,0,0,0,0,0,0,0,0,0,2,2,2,2,134,4,25,53,0,0,0,0,0,0,0,0,233,7,27,67.0
fcac-acfc,90,0,0,4,37,1,3,4,103,0,1,2,1486,30,30,64,0,0,0,0,8,1,1,1,0,0,0,0,0,0,0,0,0,0,0,0,193,0,1,2,47,1,2,3,0,0,0,0,6,0,0,0,20,0,0,6,0,0,0,0,0,0,0,,0,0,0,0,0,0,0,0,0,0,0,0,1,0,1,1,10,0,0,0,585,2,9,19,35,0,0,0,0,0,0,0,2621,35,48,106.0
fcc-fac,7,0,0,0,18,0,3,3,0,0,0,0,0,0,0,0,0,0,0,0,0,0,0,0,0,0,0,0,0,0,0,0,0,0,0,0,361,9,47,77,24,0,0,0,0,0,0,0,0,0,0,0,0,0,0,0,0,0,0,0,0,0,0,,0,0,0,0,0,0,0,0,0,0,0,0,0,0,0,0,8,0,0,0,1749,59,234,384,15,0,0,0,0,0,0,0,2182,68,284,464.0
feddevontario,258,0,2,6,11,1,1,2,649,4,23,44,1001,0,3,12,0,0,0,0,8,0,1,1,0,0,0,0,4708,0,105,156,0,0,0,0,154,0,1,1,46,1,2,5,0,0,0,0,1,0,0,0,2,0,0,0,22,0,0,0,0,0,0,,24,0,2,3,45,0,0,0,4,0,1,1,1,0,0,0,9,0,0,1,1938,2,39,75,21,0,0,0,0,0,0,0,8902,8,180,307.0
fednor,4,1,1,2,29,0,2,3,266,0,15,30,32,0,1,5,0,0,0,0,2,0,1,1,0,0,0,0,1147,0,110,126,0,0,0,0,8,0,0,0,28,0,2,4,0,0,0,0,2,0,0,0,2,1,1,1,6,0,0,0,0,0,0,,1,0,0,0,0,0,0,0,0,0,0,0,1,0,0,0,3,0,0,0,54,0,14,14,8,0,1,4,0,0,0,0,1593,2,148,190.0
ffmc-ocped,2,0,0,2,20,0,0,2,0,0,0,0,0,0,0,0,0,0,0,0,0,0,0,0,0,0,0,0,0,0,0,0,0,0,0,0,0,0,0,0,0,0,0,0,0,0,0,0,0,0,0,0,0,0,0,0,0,0,0,0,0,0,0,,0,0,0,0,0,0,0,0,0,0,0,0,0,0,0,0,0,0,0,0,0,0,0,0,0,0,0,0,0,0,0,0,22,0,0,4.0
fin,6531,31,90,234,2,0,0,0,4316,35,174,343,4273,59,59,90,0,0,0,0,8,1,1,1,79,0,3,7,189,0,16,16,1,0,0,0,712,1,3,8,23,0,1,3,0,0,0,0,0,0,0,0,0,0,0,0,18,0,0,2,0,0,0,,7,0,0,0,14,0,0,0,2,0,0,0,0,0,0,0,8,0,0,0,7367,9,80,154,5,0,0,0,0,0,0,0,23555,136,427,858.0
fintrac-canafe,229,2,5,9,12,0,0,1,151,3,10,17,1676,49,49,113,0,0,0,0,7,0,5,5,0,0,0,0,0,0,0,0,0,0,0,0,779,0,3,8,32,0,0,0,0,0,0,0,2,0,0,1,7,0,0,0,0,0,0,0,0,0,0,,0,0,0,0,0,0,0,0,0,0,0,0,1,0,0,0,0,0,0,0,627,0,6,14,24,0,0,0,0,0,0,0,3547,54,78,168.0
fja-cmf,0,0,0,0,0,0,0,0,0,0,0,0,741,0,0,26,0,0,0,0,7,0,0,0,0,0,0,0,0,0,0,0,0,0,0,0,66,0,1,2,32,1,3,7,0,0,0,0,0,0,0,0,0,0,0,0,0,0,0,0,0,0,0,,11,0,0,0,21,0,1,2,0,0,0,0,0,0,0,0,7,0,0,1,75,0,1,4,33,1,2,4,0,0,0,0,993,2,8,46.0
fnfmb-cgfpn,1,0,0,0,45,1,4,6,0,0,0,0,0,0,0,0,0,0,0,0,0,0,0,0,0,0,0,0,0,0,0,0,0,0,0,0,0,0,0,0,0,0,0,0,0,0,0,0,0,0,0,0,0,0,0,0,0,0,0,0,0,0,0,,0,0,0,0,0,0,0,0,0,0,0,0,0,0,0,0,0,0,0,0,0,0,0,0,0,0,0,0,0,0,0,0,46,1,4,6.0
fntc-cfpn,5,0,0,0,60,0,0,8,0,0,0,0,0,0,0,0,0,0,0,0,0,0,0,0,0,0,0,0,0,0,0,0,0,0,0,0,0,0,0,0,0,0,0,0,0,0,0,0,0,0,0,0,0,0,0,0,0,0,0,0,0,0,0,,0,0,0,0,0,0,0,0,0,0,0,0,0,0,0,0,0,0,0,0,0,0,0,0,0,0,0,0,0,0,0,0,65,0,0,8.0
fpcc-cpac,12,0,0,6,33,0,1,4,5,0,0,0,42,0,0,7,13,0,0,0,7,0,0,0,0,0,0,0,0,0,0,0,32,0,0,0,92,5,5,5,36,4,4,4,0,0,0,0,0,0,0,0,0,0,0,0,0,0,0,0,0,0,0,,2,0,0,0,26,-3,1,1,0,0,0,0,0,0,0,0,9,0,0,0,454,15,24,63,16,0,0,0,0,0,0,0,779,21,35,90.0
fraidg-ciafimd,2,0,0,0,63,1,3,6,0,0,0,0,0,0,0,0,0,0,0,0,0,0,0,0,0,0,0,0,0,0,0,0,0,0,0,0,4,0,0,1,48,0,3,5,0,0,0,0,0,0,0,0,0,0,0,0,0,0,0,0,0,0,0,,0,0,0,0,0,0,0,0,0,0,0,0,0,0,0,0,0,0,0,0,28,0,3,8,31,0,0,0,0,0,0,0,176,1,9,20.0
glpa-apgl,5,0,0,0,57,0,0,2,0,0,0,0,0,0,0,0,0,0,0,0,0,0,0,0,0,0,0,0,0,0,0,0,0,0,0,0,0,0,0,0,0,0,0,0,0,0,0,0,0,0,0,0,0,0,0,0,0,0,0,0,0,0,0,,0,0,0,0,0,0,0,0,0,0,0,0,0,0,0,0,0,0,0,0,0,0,0,0,0,0,0,0,0,0,0,0,62,0,0,2.0
glwb-ogte,0,0,0,0,63,1,2,4,0,0,0,0,0,0,0,0,0,0,0,0,0,0,0,0,0,0,0,0,0,0,0,0,0,0,0,0,0,0,0,0,0,0,0,0,0,0,0,0,0,0,0,0,0,0,0,0,0,0,0,0,0,0,0,,0,0,0,0,0,0,0,0,0,0,0,0,0,0,0,0,0,0,0,0,0,0,0,0,0,0,0,0,0,0,0,0,63,1,2,4.0
halpa-aphal,8,0,1,1,35,1,1,4,0,0,0,0,0,0,0,0,0,0,0,0,0,0,0,0,0,0,0,0,0,0,0,0,0,0,0,0,9,6,9,9,0,0,0,0,0,0,0,0,0,0,0,0,0,0,0,0,0,0,0,0,0,0,0,,0,0,0,0,0,0,0,0,0,0,0,0,0,0,0,0,0,0,0,0,7,2,7,7,0,0,0,0,0,0,0,0,59,9,18,21.0
hampa-apham,18,0,0,0,61,1,4,7,0,0,0,0,0,0,0,0,0,0,0,0,0,0,0,0,0,0,0,0,0,0,0,0,0,0,0,0,0,0,0,0,0,0,0,0,0,0,0,0,0,0,0,0,0,0,0,0,0,0,0,0,0,0,0,,0,0,0,0,0,0,0,0,0,0,0,0,0,0,0,0,0,0,0,0,0,0,0,0,0,0,0,0,0,0,0,0,79,1,4,7.0
hc-sc,15590,130,489,915,0,0,0,0,4525,26,139,334,13405,328,328,607,0,0,0,0,8,0,0,1,108,3,3,6,1960,0,165,250,0,0,0,0,213,1,4,7,30,0,0,1,53,0,1,3,13,0,1,1,5,0,0,0,592,0,0,5,0,0,0,,509,0,1,5,1,0,0,0,3,0,0,0,3,0,0,1,7,0,1,1,1581,11,103,169,9,0,0,0,0,0,0,0,38615,499,1235,2306.0
hgr-tgf,0,0,0,0,0,0,0,0,0,0,0,0,0,0,0,0,0,0,0,0,0,0,0,0,0,0,0,0,0,0,0,0,0,0,0,0,131,0,34,53,0,0,0,0,0,0,0,0,0,0,0,0,0,0,0,0,0,0,0,0,0,0,0,,0,0,0,0,0,0,0,0,0,0,0,0,0,0,0,0,0,0,0,0,328,22,73,160,0,0,0,0,0,0,0,0,459,22,107,213.0
hsmbc-clmhc,1,0,0,0,25,1,3,6,0,0,0,0,0,0,0,0,0,0,0,0,0,0,0,0,0,0,0,0,0,0,0,0,0,0,0,0,0,0,0,0,0,0,0,0,0,0,0,0,0,0,0,0,0,0,0,0,0,0,0,0,0,0,0,,0,0,0,0,0,0,0,0,0,0,0,0,0,0,0,0,0,0,0,0,0,0,0,0,0,0,0,0,0,0,0,0,26,1,3,6.0
iaac-aeic,449,0,17,19,4,0,0,0,841,10,20,68,1315,0,0,37,0,0,0,0,2,0,0,0,0,0,0,0,3627,0,0,96,0,0,0,0,37,0,1,4,48,0,1,2,7,0,0,0,9,0,0,0,26,1,1,1,0,0,0,0,0,0,0,,26,0,0,0,62,0,1,2,2,0,0,0,1,0,0,0,0,0,0,0,218,0,8,20,25,0,0,0,0,0,0,0,6699,11,49,249.0
ic,8360,93,262,431,0,0,0,0,8286,75,390,920,20214,0,236,9259,0,0,0,0,3,0,0,0,78,0,0,0,41286,0,277,2082,1,0,0,0,511,2,16,16,8,0,1,3,0,0,0,0,0,0,0,0,8,0,0,0,213,0,0,40,0,0,0,,283,0,9,11,4,0,0,0,0,0,0,0,1,0,0,0,8,0,0,0,5752,53,185,361,0,0,0,0,1,0,0,0,85017,223,1376,13123.0
idrc-crdi,31,0,0,0,57,0,4,5,0,0,0,0,0,0,0,0,0,0,0,0,0,0,0,0,0,0,0,0,0,0,0,0,0,0,0,0,0,0,0,0,0,0,0,0,0,0,0,0,0,0,0,0,0,0,0,0,0,0,0,0,0,0,0,,0,0,0,0,0,0,0,0,0,0,0,0,0,0,0,0,0,0,0,0,0,0,0,0,0,0,0,0,0,0,0,0,88,0,4,5.0
iic-iac,19,0,5,7,25,0,1,3,0,0,0,0,436,27,27,50,0,0,0,0,0,0,0,0,0,0,0,0,0,0,0,0,0,0,0,0,66,0,3,7,13,0,0,0,0,0,0,0,0,0,0,0,11,0,0,0,0,0,0,0,0,0,0,,0,0,0,0,0,0,0,0,0,0,0,0,0,0,0,0,0,0,0,0,224,5,17,32,7,0,0,0,0,0,0,0,801,32,53,99.0
ijc-cmi,0,0,0,0,0,0,0,0,0,0,0,0,263,0,0,5,0,0,0,0,0,0,0,0,0,0,0,0,0,0,0,0,0,0,0,0,69,0,0,14,0,0,0,0,0,0,0,0,0,0,0,0,0,0,0,0,0,0,0,0,0,0,0,,0,0,0,0,0,0,0,0,0,0,0,0,0,0,0,0,0,0,0,0,290,0,0,9,3,0,0,0,0,0,0,0,625,0,0,28.0
infc,2234,0,23,71,1,0,0,0,3924,33,167,285,1147,48,48,88,0,0,0,0,8,1,1,1,111,4,4,9,1828,0,325,438,0,0,0,0,117,0,3,8,0,0,0,0,0,0,0,0,0,0,0,0,2,2,2,2,116,0,0,4,0,0,0,,18,0,0,1,0,0,0,0,6,6,6,6,1,1,1,1,9,0,0,0,1580,1,73,146,0,0,0,0,1,0,0,0,11103,96,653,1060.0
innovation,26,0,0,0,59,1,3,5,0,0,0,0,0,0,0,0,0,0,0,0,0,0,0,0,0,0,0,0,0,0,0,0,0,0,0,0,88,1,10,19,41,0,0,0,0,0,0,0,0,0,0,0,0,0,0,0,0,0,0,0,0,0,0,,0,0,0,0,0,0,0,0,0,0,0,0,0,0,0,0,0,0,0,0,349,5,25,63,26,0,0,0,0,0,0,0,589,7,38,87.0
irb-cisr,833,0,24,38,0,0,0,0,935,16,49,80,4508,323,323,572,0,0,0,0,6,1,1,1,0,0,0,0,0,0,0,0,0,0,0,0,27,0,0,0,58,1,3,6,0,0,0,0,0,0,0,0,0,0,0,0,0,0,0,0,0,0,0,,150,0,1,1,6,0,0,0,0,0,0,0,0,0,0,0,5,0,0,0,227,2,22,34,25,0,0,0,0,0,0,0,6780,343,423,732.0
isc-sac,1675,0,43,106,10,0,0,0,3914,35,145,308,7058,304,304,537,0,0,0,0,0,0,0,0,99,4,4,8,136079,0,9122,13858,1,0,0,0,96,0,11,19,0,0,0,0,7,0,0,0,0,0,0,0,9,0,0,0,253,0,0,0,0,0,0,,61,0,31,38,14,0,0,0,0,0,0,0,0,0,0,0,0,0,0,0,1217,12,109,226,1,0,0,0,0,0,0,0,150494,355,9769,15100.0
jccbi-pjcci,106,0,0,0,51,1,3,6,0,0,0,0,0,0,0,0,0,0,0,0,0,0,0,0,0,0,0,0,0,0,0,0,0,0,0,0,0,0,0,0,0,0,0,0,0,0,0,0,0,0,0,0,0,0,0,0,0,0,0,0,0,0,0,,0,0,0,0,0,0,0,0,0,0,0,0,0,0,0,0,0,0,0,0,0,0,0,0,0,0,0,0,0,0,0,0,157,1,3,6.0
jfpc-cfp,0,0,0,0,0,0,0,0,0,0,0,0,0,0,0,0,0,0,0,0,0,0,0,0,0,0,0,0,0,0,0,0,0,0,0,0,0,0,0,0,16,0,0,0,0,0,0,0,0,0,0,0,0,0,0,0,0,0,0,0,0,0,0,,0,0,0,0,0,0,0,0,0,0,0,0,0,0,0,0,0,0,0,0,40,0,0,0,5,0,0,0,0,0,0,0,61,0,0,0.0
jus,4070,16,39,82,0,0,0,0,4292,25,126,270,4026,145,144,252,0,0,0,0,8,1,1,1,85,0,3,6,4553,0,612,737,1,0,0,0,321,1,6,20,26,0,0,0,52,0,2,3,3,0,0,0,2,0,0,0,21,0,0,0,2,0,0,,924,0,0,1,1,0,0,0,3,0,0,0,0,0,0,0,8,0,0,1,1027,3,26,62,11,0,0,0,0,0,0,0,19436,191,959,1435.0
lac-bac,7289,106,374,664,0,0,0,0,280,7,12,20,2328,1,89,157,0,0,0,0,8,1,1,1,0,0,0,0,368,0,0,83,0,0,0,0,28,0,0,0,52,1,3,5,0,0,0,0,0,0,0,0,6,0,0,0,0,0,0,0,0,0,0,,184,0,10,78,0,0,0,0,0,0,0,0,1,0,0,0,9,0,0,1,132,2,6,10,24,0,0,1,0,0,0,0,10709,118,495,1020.0
lpa-apl,13,0,0,1,58,1,2,4,0,0,0,0,0,0,0,0,0,0,0,0,0,0,0,0,0,0,0,0,0,0,0,0,0,0,0,0,0,0,0,0,0,0,0,0,0,0,0,0,0,0,0,0,0,0,0,0,0,0,0,0,0,0,0,,0,0,0,0,0,0,0,0,0,0,0,0,0,0,0,0,0,0,0,0,0,0,0,0,0,0,0,0,0,0,0,0,71,1,2,5.0
mai,58,0,1,2,30,1,2,4,0,0,0,0,0,0,0,0,0,0,0,0,0,0,0,0,0,0,0,0,0,0,0,0,0,0,0,0,0,0,0,0,0,0,0,0,0,0,0,0,0,0,0,0,0,0,0,0,0,0,0,0,0,0,0,,0,0,0,0,0,0,0,0,0,0,0,0,0,0,0,0,0,0,0,0,0,0,0,0,0,0,0,0,0,0,0,0,88,1,3,6.0
mgerc-ceegm,59,0,1,3,52,1,2,2,0,0,0,0,267,4,4,9,2,0,0,0,8,0,0,0,0,0,0,0,0,0,0,0,0,0,0,0,32,0,0,0,99,1,3,6,0,0,0,0,1,0,0,0,0,0,0,0,0,0,0,0,0,0,0,,7,0,0,0,14,1,1,2,0,0,0,0,1,0,0,0,8,0,0,1,147,0,0,0,76,1,3,6,0,0,0,0,773,8,14,29.0
mint-monnaie,93,0,2,2,35,0,2,5,0,0,0,0,0,0,0,0,0,0,0,0,0,0,0,0,0,0,0,0,0,0,0,0,0,0,0,0,24,8,21,24,0,0,0,0,0,0,0,0,0,0,0,0,0,0,0,0,0,0,0,0,0,0,0,,0,0,0,0,0,0,0,0,0,0,0,0,0,0,0,0,0,0,0,0,21,9,20,21,0,0,0,0,0,0,0,0,173,17,45,52.0
mlvwb-otevm,1,0,0,0,62,1,2,4,0,0,0,0,0,0,0,0,0,0,0,0,0,0,0,0,0,0,0,0,0,0,0,0,0,0,0,0,0,0,0,0,0,0,0,0,0,0,0,0,0,0,0,0,0,0,0,0,0,0,0,0,0,0,0,,0,0,0,0,0,0,0,0,0,0,0,0,0,0,0,0,0,0,0,0,0,0,0,0,0,0,0,0,0,0,0,0,63,1,2,4.0
mpa-apm,74,2,3,7,15,1,2,2,0,0,0,0,0,0,0,0,0,0,0,0,0,0,0,0,0,0,0,0,0,0,0,0,0,0,0,0,0,0,0,0,0,0,0,0,0,0,0,0,0,0,0,0,0,0,0,0,0,0,0,0,0,0,0,,0,0,0,0,0,0,0,0,0,0,0,0,0,0,0,0,0,0,0,0,0,0,0,0,0,0,0,0,0,0,0,0,89,3,5,9.0
mpcc-cppm,139,0,-1,1,34,0,2,4,142,0,1,5,225,0,2,7,0,0,0,0,7,0,1,1,0,0,0,0,0,0,0,0,0,0,0,0,0,0,0,0,155,0,3,5,0,0,0,0,0,0,0,0,0,0,0,0,0,0,0,0,0,0,0,,7,0,0,0,34,0,0,1,0,0,0,0,0,0,0,0,9,0,0,1,19,0,0,1,81,0,2,3,0,0,0,0,852,0,10,29.0
mveirb-oervm,0,0,0,0,52,0,2,5,0,0,0,0,0,0,0,0,0,0,0,0,0,0,0,0,0,0,0,0,0,0,0,0,0,0,0,0,0,0,0,0,0,0,0,0,0,0,0,0,0,0,0,0,0,0,0,0,0,0,0,0,0,0,0,,0,0,0,0,0,0,0,0,0,0,0,0,0,0,0,0,0,0,0,0,0,0,0,0,0,0,0,0,0,0,0,0,52,0,2,5.0
nac-cna,17,0,0,1,17,0,0,5,0,0,0,0,0,0,0,0,0,0,0,0,0,0,0,0,0,0,0,0,0,0,0,0,0,0,0,0,0,0,0,0,0,0,0,0,0,0,0,0,0,0,0,0,0,0,0,0,0,0,0,0,0,0,0,,0,0,0,0,0,0,0,0,0,0,0,0,0,0,0,0,0,0,0,0,0,0,0,0,0,0,0,0,0,0,0,0,34,0,0,6.0
nbc-ccbn,6,0,0,0,50,1,3,6,0,0,0,0,364,0,0,0,0,0,0,0,1,0,0,0,0,0,0,0,0,0,0,0,0,0,0,0,48,0,1,1,18,0,0,0,0,0,0,0,0,0,0,0,1,0,0,0,0,0,0,0,0,0,0,,0,0,0,0,0,0,0,0,0,0,0,0,0,0,0,0,4,1,2,2,36,0,3,3,28,0,0,0,0,0,0,0,556,2,9,12.0
ncc-ccn,979,8,15,32,1,0,0,0,0,0,0,0,0,0,0,0,0,0,0,0,0,0,0,0,0,0,0,0,0,0,0,0,0,0,0,0,58,5,23,45,0,0,0,0,0,0,0,0,0,0,0,0,2,0,0,2,0,0,0,0,0,0,0,,0,0,0,0,0,0,0,0,0,0,0,0,0,0,0,0,0,0,0,0,56,10,22,35,0,0,0,0,0,0,0,0,1096,23,60,114.0
ndcfo-odnfc,41,0,0,0,26,1,4,6,0,0,0,0,0,0,0,0,0,0,0,0,0,0,0,0,0,0,0,0,0,0,0,0,0,0,0,0,43,0,0,0,59,1,4,5,0,0,0,0,0,0,0,0,0,0,0,0,0,0,0,0,0,0,0,,0,0,0,0,0,0,0,0,0,0,0,0,0,0,0,0,0,0,0,0,34,0,1,1,53,1,3,4,0,0,0,0,256,3,12,16.0
nfb-onf,174,0,0,2,33,1,3,4,0,0,0,0,1933,0,160,214,0,0,0,0,8,0,1,1,0,0,0,0,0,0,0,0,0,0,0,0,371,0,16,36,30,1,1,1,0,0,0,0,0,0,0,0,1,0,0,0,0,0,0,0,0,0,0,,0,0,0,0,0,0,0,0,0,0,0,0,0,0,0,0,0,0,0,0,445,0,9,20,33,1,1,2,0,0,0,0,3028,3,191,280.0
ngc-mbac,70,1,1,2,45,1,3,5,0,0,0,0,249,0,40,88,0,0,0,0,0,0,0,0,0,0,0,0,0,0,0,0,0,0,0,0,80,1,13,30,0,0,0,0,0,0,0,0,0,0,0,0,0,0,0,0,0,0,0,0,0,0,0,,0,0,0,0,0,0,0,0,0,0,0,0,0,0,0,0,0,0,0,0,114,4,14,42,0,0,0,0,0,0,0,0,558,7,71,167.0
nirb-cner,0,0,0,0,31,1,3,5,0,0,0,0,0,0,0,0,0,0,0,0,0,0,0,0,0,0,0,0,0,0,0,0,0,0,0,0,0,0,0,0,0,0,0,0,0,0,0,0,0,0,0,0,0,0,0,0,0,0,0,0,0,0,0,,0,0,0,0,0,0,0,0,0,0,0,0,0,0,0,0,0,0,0,0,0,0,0,0,0,0,0,0,0,0,0,0,31,1,3,5.0
nnpa-apn,5,0,1,2,24,0,1,3,0,0,0,0,0,0,0,0,0,0,0,0,0,0,0,0,0,0,0,0,0,0,0,0,0,0,0,0,0,0,0,0,0,0,0,0,0,0,0,0,0,0,0,0,0,0,0,0,0,0,0,0,0,0,0,,0,0,0,0,0,0,0,0,0,0,0,0,0,0,0,0,0,0,0,0,0,0,0,0,0,0,0,0,0,0,0,0,29,0,2,5.0
npa-apn,15,1,1,1,60,0,2,4,0,0,0,0,0,0,0,0,0,0,0,0,0,0,0,0,0,0,0,0,0,0,0,0,0,0,0,0,0,0,0,0,0,0,0,0,0,0,0,0,0,0,0,0,0,0,0,0,0,0,0,0,0,0,0,,0,0,0,0,0,0,0,0,0,0,0,0,0,0,0,0,3,0,0,1,0,0,0,0,0,0,0,0,0,0,0,0,78,1,3,6.0
nrc-cnrc,250,3,4,14,0,0,0,0,142,0,1,6,45876,960,764,1624,0,0,0,0,6,1,1,1,86,0,3,7,70491,0,1950,3700,0,0,0,0,1281,0,10,20,34,1,1,1,0,0,0,0,2,0,0,0,9,0,0,0,0,0,0,0,0,0,0,,0,0,0,0,0,0,0,0,0,0,0,0,3,0,0,0,0,0,0,0,2550,7,25,66,9,0,0,0,1,0,0,0,120740,972,2759,5439.0
nrcan-rncan,6917,30,120,298,0,0,0,0,5402,15,129,340,29771,704,704,1268,0,0,0,0,8,1,1,1,103,0,4,8,10103,1,854,1224,0,0,0,0,816,0,4,10,23,0,0,0,19,0,1,2,3,0,0,0,1,0,0,0,94,0,0,0,1,0,0,,218,0,5,12,0,0,0,0,2,0,1,1,4,0,0,0,12,0,0,1,2821,5,66,107,13,0,0,0,0,0,0,0,56331,756,1889,3272.0
nserc-crsng,112,0,2,6,14,0,1,1,143,4,7,10,1327,40,44,73,10,0,0,0,4,1,1,1,40,0,1,4,137282,0,1248,5120,0,0,0,0,19,0,0,0,12,0,0,0,0,0,0,0,0,0,0,0,2,0,0,0,0,0,0,0,0,0,0,,0,0,0,0,0,0,0,0,0,0,0,0,1,0,0,0,8,0,0,0,334,3,11,21,13,0,0,0,0,0,0,0,139321,48,1315,5236.0
nsira-ossnr,80,10,17,33,20,0,1,1,0,0,0,0,153,0,6,12,0,0,0,0,6,0,1,1,0,0,0,0,0,0,0,0,0,0,0,0,43,0,0,0,49,2,3,5,0,0,0,0,0,0,0,0,0,0,0,0,0,0,0,0,0,0,0,,0,0,0,0,0,0,0,0,0,0,0,0,0,0,0,0,6,0,0,0,110,0,0,1,32,2,3,5,0,0,0,0,499,14,31,58.0
oag-bvg,71,2,2,3,8,2,2,8,1013,8,37,66,1931,45,45,92,0,0,0,0,8,1,1,1,71,3,3,6,0,0,0,0,0,0,0,0,191,0,3,12,16,1,2,2,0,0,0,0,129,0,0,10,86,0,0,0,0,0,0,0,0,0,0,,0,0,0,0,0,0,0,0,0,0,0,0,1,0,0,0,3,0,0,0,253,1,7,16,2,0,0,0,0,0,0,0,3783,63,102,216.0
occe-bcef,0,0,0,0,0,0,0,0,0,0,0,0,0,0,0,0,0,0,0,0,0,0,0,0,0,0,0,0,0,0,0,0,0,0,0,0,0,0,0,0,0,0,0,0,0,0,0,0,3,0,0,0,0,0,0,0,0,0,0,0,0,0,0,,0,0,0,0,0,0,0,0,0,0,0,0,1,0,0,0,0,0,0,0,0,0,0,0,0,0,0,0,0,0,0,0,4,0,0,0.0
oci-bec,112,0,1,1,38,1,2,4,42,1,1,1,80,7,7,9,3,0,0,0,1,0,0,0,0,0,0,0,0,0,0,0,0,0,0,0,23,0,1,5,23,1,4,8,0,0,0,0,0,0,0,0,1,0,0,0,0,0,0,0,0,0,0,,2,0,0,0,15,0,0,1,0,0,0,0,0,0,0,0,4,0,0,0,134,3,9,17,5,0,1,2,0,0,0,0,483,13,26,48.0
ocl-cal,59,1,1,2,44,0,1,3,25,0,1,1,160,0,4,7,1,0,0,0,8,0,1,1,0,0,0,0,0,0,0,0,0,0,0,0,23,0,0,3,57,1,2,3,0,0,0,0,10,0,0,0,11,0,0,0,0,0,0,0,0,0,0,,2,0,0,0,21,0,0,1,0,0,0,0,0,0,0,0,7,0,0,0,11,1,1,2,62,0,1,3,0,0,0,0,501,3,12,26.0
ocol-clo,195,0,1,5,7,1,2,5,351,0,2,8,507,0,18,40,0,0,0,0,8,1,1,1,0,0,0,0,0,0,0,0,0,0,0,0,59,0,2,6,43,0,2,4,1,0,1,1,4,0,1,1,2,0,0,0,0,0,0,0,0,0,0,,60,0,0,0,25,0,1,2,0,0,0,0,0,0,0,0,8,0,0,1,104,0,2,5,39,0,1,3,0,0,0,0,1413,2,34,82.0
ocsec-bccst,6,0,0,2,60,1,3,4,0,0,0,0,12,0,1,1,13,0,0,1,0,0,0,0,0,0,0,0,0,0,0,0,0,0,0,0,2,0,0,0,68,1,3,6,0,0,0,0,3,0,0,1,0,0,0,0,0,0,0,0,0,0,0,,0,0,0,0,0,0,0,0,0,0,0,0,1,0,0,0,5,0,0,0,6,0,1,2,65,1,2,4,0,0,0,0,241,3,10,21.0
oic-ci,459,0,3,10,8,0,0,0,55,0,3,3,296,0,0,11,0,0,0,0,8,1,1,1,0,0,0,0,0,0,0,0,0,0,0,0,32,1,1,2,50,0,2,4,0,0,0,0,0,0,0,0,0,0,0,0,0,0,0,0,0,0,0,,3,0,0,0,22,1,1,2,0,0,0,0,0,0,0,0,7,0,0,1,18,0,0,0,58,1,3,6,0,0,0,0,1016,4,14,40.0
opc-cpvp,583,4,12,20,1,0,0,0,436,7,20,36,740,21,21,35,0,0,0,0,8,1,1,1,0,0,0,0,85,0,0,0,16,0,1,2,24,0,3,4,69,1,1,3,0,0,0,0,28,0,2,5,0,0,0,0,0,0,0,0,0,0,0,,2,0,0,1,27,0,0,0,0,0,0,0,1,0,0,0,6,0,0,1,125,1,3,10,33,0,1,1,0,0,0,0,2184,35,65,119.0
opmc-svpm,7,0,0,2,45,0,2,3,0,0,0,0,0,0,0,0,0,0,0,0,0,0,0,0,0,0,0,0,0,0,0,0,0,0,0,0,0,0,0,0,0,0,0,0,0,0,0,0,0,0,0,0,0,0,0,0,0,0,0,0,0,0,0,,0,0,0,0,0,0,0,0,0,0,0,0,0,0,0,0,0,0,0,0,0,0,0,0,0,0,0,0,0,0,0,0,52,0,2,5.0
org231,0,0,0,0,33,1,3,6,0,0,0,0,8,0,0,1,7,1,1,1,0,0,0,0,0,0,0,0,0,0,0,0,4,0,0,0,2,0,1,1,30,1,2,4,0,0,0,0,0,0,0,0,0,0,0,0,0,0,0,0,2,0,0,,0,0,0,0,11,0,1,2,0,0,0,0,0,0,0,0,1,0,0,0,19,0,3,6,19,1,2,2,0,0,0,0,136,4,13,23.0
osfi-bsif,325,0,4,8,5,1,1,1,1149,5,16,44,2977,-1,95,163,0,0,0,0,8,1,1,1,97,0,16,16,0,0,0,0,0,0,0,0,83,2,11,22,26,0,0,1,0,0,0,0,10,0,0,1,13,0,0,0,0,0,0,0,0,0,0,,0,0,0,0,0,0,0,0,0,0,0,0,1,0,0,0,7,0,0,0,309,1,23,54,16,0,0,0,0,0,0,0,5026,9,167,311.0
osgg-bsgg,0,0,0,0,0,0,0,0,0,0,0,0,515,0,16,32,0,0,0,0,8,1,1,1,0,0,0,0,0,0,0,0,0,0,0,0,7,1,1,1,68,1,2,7,0,0,0,0,0,0,0,0,0,0,0,0,0,0,0,0,0,0,0,,0,-1,-1,-1,3,0,0,0,0,0,0,0,0,0,0,0,0,0,0,0,143,2,2,14,34,0,1,1,0,0,0,0,778,4,22,55.0
oto-boc,0,0,0,0,0,0,0,0,0,0,0,0,18,0,0,0,0,0,0,0,0,0,0,0,0,0,0,0,0,0,0,0,0,0,0,0,14,0,0,0,71,1,3,6,0,0,0,0,0,0,0,0,0,0,0,0,0,0,0,0,0,0,0,,0,0,0,0,0,0,0,0,0,0,0,0,0,0,0,0,10,0,0,1,115,2,2,7,44,0,2,2,0,0,0,0,272,3,7,16.0
ovo-bov,20,0,0,0,55,0,2,6,61,0,0,5,0,0,0,0,0,0,0,0,0,0,0,0,0,0,0,0,0,0,0,0,0,0,0,0,17,2,2,2,53,0,2,4,0,0,0,0,0,0,0,0,0,0,0,0,0,0,0,0,0,0,0,,7,0,0,0,24,0,1,2,0,0,0,0,0,0,0,0,0,0,0,0,106,3,5,16,24,0,0,0,0,0,0,0,367,5,12,35.0
pacifican,147,7,8,16,18,0,1,11,412,0,21,30,127,0,22,33,1,0,0,0,1,0,1,1,0,0,0,0,1322,0,80,138,0,0,0,0,6,0,1,1,35,1,2,5,0,0,0,0,3,0,0,0,0,0,0,0,4,0,0,0,0,0,0,,0,0,0,0,8,0,0,0,0,0,0,0,0,0,0,0,3,0,0,1,114,4,12,24,9,0,0,0,0,0,0,0,2210,12,148,260.0
papa-appa,4,0,0,0,18,0,2,5,0,0,0,0,0,0,0,0,0,0,0,0,0,0,0,0,0,0,0,0,0,0,0,0,0,0,0,0,5,0,0,0,9,0,0,0,0,0,0,0,0,0,0,0,0,0,0,0,0,0,0,0,0,0,0,,0,0,0,0,0,0,0,0,0,0,0,0,0,0,0,0,0,0,0,0,63,0,20,37,23,0,11,15,0,0,0,0,122,0,33,57.0
pb,3,0,0,0,45,0,0,0,0,0,0,0,0,0,0,0,0,0,0,0,0,0,0,0,0,0,0,0,0,0,0,0,0,0,0,0,0,0,0,0,0,0,0,0,0,0,0,0,0,0,0,0,0,0,0,0,0,0,0,0,0,0,0,,0,0,0,0,0,0,0,0,0,0,0,0,0,0,0,0,0,0,0,0,0,0,0,0,0,0,0,0,0,0,0,0,48,0,0,0.0
pbc-clcc,238,0,0,4,20,1,3,4,472,5,17,42,1163,0,29,40,1,0,0,0,7,1,1,1,0,0,0,0,0,0,0,0,0,0,0,0,33,0,0,1,21,1,12,12,1,0,0,0,2,0,0,0,2,0,0,0,0,0,0,0,0,0,0,,88,0,0,0,21,0,0,1,1,0,0,0,0,0,0,0,10,0,0,1,351,5,13,29,0,0,0,0,0,0,0,0,2431,13,75,135.0
pc,1870,8,25,110,0,0,0,0,1720,12,90,179,56851,916,916,1620,0,0,0,0,8,1,1,1,15,0,0,0,2473,0,263,381,0,0,0,0,384,0,1,1,46,1,2,6,2,0,0,2,4,0,0,1,1,0,0,0,0,0,0,0,0,0,0,,0,0,0,0,0,0,0,0,0,0,0,0,0,0,0,0,7,0,0,7,2584,6,29,56,13,0,0,0,0,0,0,0,65978,944,1327,2364.0
pch,4585,16,65,173,0,0,0,0,2861,12,92,172,11428,117,117,219,0,0,0,0,8,1,1,1,73,0,3,6,122538,0,2062,3812,0,0,0,0,1072,0,10,18,39,1,2,4,37,0,0,1,4,0,0,0,1,0,0,0,718,0,0,75,0,0,0,,101,0,0,20,13,0,1,2,4,0,0,0,4,0,2,2,8,0,0,1,4426,6,76,150,9,0,0,0,0,0,0,0,147929,153,2431,4656.0
pco-bcp,7336,35,158,310,2,0,0,0,5872,66,263,845,2712,111,111,153,0,0,0,0,5,1,1,1,218,0,3,6,157,0,1,6,0,0,0,0,298,2,35,57,18,0,0,6,0,0,0,0,0,0,0,0,1,0,0,0,90,0,0,6,0,0,0,,103,0,0,0,31,0,0,0,0,0,0,0,0,0,0,0,5,0,0,0,1714,6,86,389,15,0,0,9,0,0,0,0,18577,221,658,1788.0
pdp,1,0,0,0,49,0,1,3,0,0,0,0,0,0,0,0,0,0,0,0,0,0,0,0,0,0,0,0,0,0,0,0,0,0,0,0,0,0,0,0,0,0,0,0,0,0,0,0,0,0,0,0,0,0,0,0,0,0,0,0,0,0,0,,0,0,0,0,0,0,0,0,0,0,0,0,0,0,0,0,0,0,0,0,0,0,0,0,0,0,0,0,0,0,0,0,50,0,1,3.0
petf-fpet,24,0,0,0,10,1,3,8,0,0,0,0,0,0,0,0,0,0,0,0,0,0,0,0,0,0,0,0,0,0,0,0,0,0,0,0,0,0,0,0,0,0,0,0,0,0,0,0,0,0,0,0,0,0,0,0,0,0,0,0,0,0,0,,0,0,0,0,0,0,0,0,0,0,0,0,0,0,0,0,0,0,0,0,0,0,0,0,0,0,0,0,0,0,0,0,34,1,3,8.0
phac-aspc,1795,0,31,73,2,0,0,0,2900,17,83,181,8935,272,272,526,0,0,0,0,8,0,0,1,100,4,4,8,5000,0,514,716,7,0,0,0,135,3,5,9,31,0,1,1,6,0,0,0,13,0,1,1,3,0,0,0,7,0,0,0,0,0,0,,134,0,1,6,4,0,0,0,0,0,0,0,2,0,0,0,4,0,0,0,715,6,30,57,14,0,0,0,0,0,0,0,19815,302,942,1579.0
pkcc-pcprc,0,0,0,0,0,0,0,0,122,0,0,0,0,0,0,0,0,0,0,0,0,0,0,0,0,0,0,0,0,0,0,0,0,0,0,0,1,0,0,0,15,0,0,0,0,0,0,0,0,0,0,0,0,0,0,0,0,0,0,0,0,0,0,,0,0,0,0,0,0,0,0,0,0,0,0,0,0,0,0,0,0,0,0,33,0,0,0,7,0,0,0,0,0,0,0,178,0,0,0.0
pmo-cpm,0,0,0,0,0,0,0,0,0,0,0,0,0,0,0,0,0,0,0,0,0,0,0,0,0,0,0,0,0,0,0,0,0,0,0,0,119,0,3,5,5,0,0,0,0,0,0,0,0,0,0,0,0,0,0,0,0,0,0,0,0,0,0,,0,0,0,0,0,0,0,0,0,0,0,0,0,0,0,0,0,0,0,0,2942,11,252,516,3,0,0,0,0,0,0,0,3069,11,255,521.0
pmprb-cepmb,197,0,0,1,25,2,3,4,66,0,0,66,223,0,4,6,1,0,0,0,8,1,1,1,0,0,0,0,0,0,0,0,0,0,0,0,81,0,1,1,128,0,0,0,0,0,0,0,0,0,0,0,0,0,0,0,0,0,0,0,0,0,0,,19,0,0,0,50,0,0,0,0,0,0,0,1,0,0,0,0,0,0,0,126,0,3,5,49,0,0,0,0,0,0,0,974,3,12,84.0
polar-polaire,4,0,0,0,45,3,4,6,50,0,4,4,191,0,30,39,1,0,0,0,2,0,0,0,0,0,0,0,310,0,55,57,1,0,0,0,21,1,1,1,9,0,0,0,0,0,0,0,0,0,0,0,0,0,0,0,0,0,0,0,0,0,0,,0,0,0,0,0,0,0,0,2,1,1,2,1,0,0,0,0,0,0,0,114,6,6,12,2,0,0,0,0,0,0,0,753,11,101,121.0
ppa-app,18,0,1,2,44,0,2,3,0,0,0,0,0,0,0,0,0,0,0,0,0,0,0,0,0,0,0,0,0,0,0,0,0,0,0,0,0,0,0,0,0,0,0,0,0,0,0,0,0,0,0,0,0,0,0,0,0,0,0,0,0,0,0,,0,0,0,0,0,0,0,0,0,0,0,0,0,0,0,0,0,0,0,0,0,0,0,0,0,0,0,0,0,0,0,0,62,0,3,5.0
ppsc-sppc,363,2,6,10,6,0,0,1,1381,12,40,96,1999,122,122,157,0,0,0,0,7,0,0,0,56,0,2,6,0,0,0,0,0,0,0,0,12,0,0,0,69,1,2,5,0,0,0,0,0,0,0,0,5,0,0,0,0,0,0,0,0,0,0,,290,0,0,0,12,1,1,1,1,0,0,0,1,0,0,0,14,0,0,0,172,1,1,4,29,0,1,3,0,0,0,0,4417,139,175,283.0
pptc,69,0,0,0,0,0,0,0,0,0,0,0,1217,0,0,0,0,0,0,0,0,0,0,0,0,0,0,0,0,0,0,0,0,0,0,0,0,0,0,0,0,0,0,0,0,0,0,0,0,0,0,0,0,0,0,0,0,0,0,0,0,0,0,,0,0,0,0,0,0,0,0,0,0,0,0,0,0,0,0,0,0,0,0,0,0,0,0,0,0,0,0,0,0,0,0,1286,0,0,0.0
prairiescan,154,1,1,8,12,0,2,2,992,4,66,130,344,0,24,30,0,0,0,0,2,0,0,0,0,0,0,0,2973,0,183,272,0,0,0,0,24,2,3,8,24,0,1,1,0,0,0,0,5,0,0,2,0,0,0,0,24,0,0,4,0,0,0,,3,0,0,0,11,0,1,2,1,0,1,1,0,0,0,0,4,0,0,1,310,8,16,40,4,0,0,0,0,0,0,0,4887,15,298,501.0
prpa-appr,12,0,0,1,32,0,2,3,0,0,0,0,0,0,0,0,0,0,0,0,0,0,0,0,0,0,0,0,0,0,0,0,0,0,0,0,71,0,0,32,0,0,0,0,0,0,0,0,0,0,0,0,0,0,0,0,0,0,0,0,0,0,0,,0,0,0,0,0,0,0,0,0,0,0,0,0,0,0,0,0,0,0,0,89,0,0,39,0,0,0,0,0,0,0,0,204,0,2,75.0
ps-sp,4110,45,125,298,0,0,0,0,5450,34,188,388,2457,99,99,161,0,0,0,0,8,0,1,1,80,0,3,6,3000,0,275,353,10,0,0,0,211,1,2,11,35,0,1,1,0,0,0,0,0,0,0,0,0,0,0,0,312,0,0,0,0,0,0,,20,0,1,1,14,0,0,0,0,0,0,0,0,0,0,0,0,0,0,0,1123,1,64,135,17,0,0,0,0,0,0,0,16847,180,759,1355.0
psc-cfp,483,2,5,15,13,0,1,1,219,6,20,35,2603,0,23,45,0,0,0,0,5,0,0,0,72,3,3,3,0,0,0,0,0,0,0,0,1170,0,0,2,6,0,0,0,0,0,0,0,1,0,0,0,0,0,0,0,0,0,0,0,0,0,0,,192,3,3,5,17,0,1,1,2,0,0,0,0,0,0,0,3,0,0,0,769,0,0,11,6,0,0,0,0,0,0,0,5561,14,56,118.0
pshcp-rssfp,14,0,0,2,25,1,5,7,0,0,0,0,0,0,0,0,0,0,0,0,0,0,0,0,0,0,0,0,0,0,0,0,0,0,0,0,0,0,0,0,0,0,0,0,0,0,0,0,0,0,0,0,0,0,0,0,0,0,0,0,0,0,0,,0,0,0,0,0,0,0,0,0,0,0,0,0,0,0,0,0,0,0,0,0,0,0,0,0,0,0,0,0,0,0,0,39,1,5,9.0
psi,17,0,0,0,9,0,0,0,0,0,0,0,0,0,0,0,0,0,0,0,0,0,0,0,0,0,0,0,0,0,0,0,0,0,0,0,0,0,0,0,0,0,0,0,0,0,0,0,0,0,0,0,0,0,0,0,0,0,0,0,0,0,0,,0,0,0,0,0,0,0,0,0,0,0,0,0,0,0,0,0,0,0,0,0,0,0,0,0,0,0,0,0,0,0,0,26,0,0,0.0
psic-ispc,21,0,0,0,23,1,3,6,0,0,0,0,167,0,0,16,0,0,0,0,1,0,0,0,0,0,0,0,0,0,0,0,0,0,0,0,8,0,0,0,96,4,4,8,0,0,0,0,0,0,0,0,0,0,0,0,0,0,0,0,0,0,0,,0,0,0,0,0,0,0,0,0,0,0,0,0,0,0,0,0,0,0,0,22,0,0,1,68,4,3,6,0,0,0,0,406,9,10,37.0
pslrb-crtfp,31,0,0,0,0,0,0,0,0,0,0,0,0,0,0,0,0,0,0,0,0,0,0,0,0,0,0,0,0,0,0,0,0,0,0,0,0,0,0,0,0,0,0,0,0,0,0,0,0,0,0,0,0,0,0,0,0,0,0,0,0,0,0,,0,0,0,0,0,0,0,0,0,0,0,0,0,0,0,0,0,0,0,0,0,0,0,0,0,0,0,0,0,0,0,0,31,0,0,0.0
pspib-oirpsp,103,0,0,15,43,1,3,4,0,0,0,0,0,0,0,0,0,0,0,0,0,0,0,0,0,0,0,0,0,0,0,0,0,0,0,0,227,10,26,111,0,0,0,0,0,0,0,0,0,0,0,0,0,0,0,0,0,0,0,0,0,0,0,,0,0,0,0,0,0,0,0,0,0,0,0,0,0,0,0,0,0,0,0,428,11,42,232,0,0,0,0,0,0,0,0,801,22,71,362.0
ptr,3,0,0,0,0,0,0,0,0,0,0,0,0,0,0,0,0,0,0,0,0,0,0,0,0,0,0,0,0,0,0,0,0,0,0,0,0,0,0,0,1,0,0,0,0,0,0,0,0,0,0,0,0,0,0,0,0,0,0,0,0,0,0,,0,0,0,0,0,0,0,0,0,0,0,0,0,0,0,0,0,0,0,0,0,0,0,0,1,0,0,0,0,0,0,0,5,0,0,0.0
pwgsc-tpsgc,7344,21,83,189,0,0,0,0,1573,13,43,92,63528,1678,1678,3510,0,0,0,0,8,1,1,1,113,13,13,13,0,0,0,0,20,0,1,2,105,3,10,19,30,0,0,1,8,0,0,0,1,0,0,0,6,0,0,0,375,0,0,34,0,0,0,,97,0,0,0,5,0,1,1,5,0,0,0,0,0,0,0,6,0,0,1,804,18,74,143,7,0,0,0,15,0,0,0,74050,1747,1904,4006.0
qpa-apq,34,0,0,6,16,0,2,2,0,0,0,0,0,0,0,0,0,0,0,0,0,0,0,0,0,0,0,0,0,0,0,0,0,0,0,0,424,0,45,59,5,0,1,1,0,0,0,0,0,0,0,0,0,0,0,0,0,0,0,0,0,0,0,,0,0,0,0,0,0,0,0,0,0,0,0,0,0,0,0,0,0,0,0,163,0,8,20,9,0,2,3,0,0,0,0,651,0,58,91.0
rcmp-grc,7404,46,125,299,1,0,0,0,1073,13,60,118,31815,1187,1187,2193,0,0,0,0,8,1,1,1,96,0,5,10,341,0,5,16,1,0,0,0,942,6,13,23,6,0,0,0,0,0,0,0,26,0,0,2,4,0,0,0,0,0,0,0,0,0,0,,820,0,51,81,29,0,1,2,0,0,0,0,0,0,0,0,8,0,0,0,1764,21,77,161,3,0,0,0,0,0,0,0,44341,1274,1525,2906.0
ri,8,0,0,0,56,1,3,6,0,0,0,0,0,0,0,0,0,0,0,0,0,0,0,0,0,0,0,0,0,0,0,0,0,0,0,0,0,0,0,0,0,0,0,0,0,0,0,0,0,0,0,0,0,0,0,0,0,0,0,0,0,0,0,,0,0,0,0,0,0,0,0,0,0,0,0,0,0,0,0,0,0,0,0,0,0,0,0,0,0,0,0,0,0,0,0,64,1,3,6.0
scc-ccn,24,2,2,3,41,1,1,4,0,0,0,0,0,0,0,0,0,0,0,0,0,0,0,0,0,0,0,0,0,0,0,0,0,0,0,0,23,0,0,0,0,0,0,0,0,0,0,0,0,0,0,0,7,2,2,2,0,0,0,0,0,0,0,,0,0,0,0,0,0,0,0,0,0,0,0,0,0,0,0,2,0,0,0,124,0,15,25,0,0,0,0,0,0,0,0,221,5,20,34.0
scc-csc,0,0,0,0,0,0,0,0,0,0,0,0,0,0,0,0,0,0,0,0,0,0,0,0,0,0,0,0,0,0,0,0,0,0,0,0,0,0,0,0,0,0,0,0,0,0,0,0,0,0,0,0,0,0,0,0,0,0,0,0,0,0,0,,41,0,0,0,13,0,1,2,0,0,0,0,0,0,0,0,0,0,0,0,0,0,0,0,0,0,0,0,0,0,0,0,54,0,1,2.0
sdtc-tddc,20,0,0,2,50,0,3,7,0,0,0,0,0,0,0,0,0,0,0,0,0,0,0,0,0,0,0,0,0,0,0,0,0,0,0,0,0,0,0,0,0,0,0,0,0,0,0,0,0,0,0,0,0,0,0,0,0,0,0,0,0,0,0,,0,0,0,0,0,0,0,0,0,0,0,0,0,0,0,0,0,0,0,0,0,0,0,0,0,0,0,0,0,0,0,0,70,0,3,9.0
sibc-cpivml,9,0,2,2,60,1,1,4,0,0,0,0,0,0,0,0,0,0,0,0,0,0,0,0,0,0,0,0,0,0,0,0,0,0,0,0,1,0,0,0,3,0,0,0,0,0,0,0,0,0,0,0,7,0,0,0,0,0,0,0,0,0,0,,0,0,0,0,0,0,0,0,0,0,0,0,0,0,0,0,2,2,2,2,4,0,0,1,10,1,3,5,0,0,0,0,96,4,8,14.0
sirc-csars,69,0,0,0,0,0,0,0,0,0,0,0,59,0,0,0,0,0,0,0,0,0,0,0,0,0,0,0,0,0,0,0,0,0,0,0,29,0,0,0,0,0,0,0,0,0,0,0,0,0,0,0,0,0,0,0,0,0,0,0,0,0,0,,0,0,0,0,0,0,0,0,0,0,0,0,0,0,0,0,0,0,0,0,44,0,0,0,0,0,0,0,0,0,0,0,201,0,0,0.0
sjpa-apsj,6,0,2,2,58,1,1,4,0,0,0,0,0,0,0,0,0,0,0,0,0,0,0,0,0,0,0,0,0,0,0,0,0,0,0,0,0,0,0,0,1,0,0,0,0,0,0,0,0,0,0,0,0,0,0,0,0,0,0,0,0,0,0,,0,0,0,0,0,0,0,0,0,0,0,0,0,0,0,0,0,0,0,0,0,0,0,0,1,0,0,0,0,0,0,0,66,1,3,6.0
slupb-cats,0,0,0,0,48,0,0,0,0,0,0,0,0,0,0,0,0,0,0,0,0,0,0,0,0,0,0,0,0,0,0,0,0,0,0,0,0,0,0,0,0,0,0,0,0,0,0,0,0,0,0,0,0,0,0,0,0,0,0,0,0,0,0,,0,0,0,0,0,0,0,0,0,0,0,0,0,0,0,0,0,0,0,0,0,0,0,0,0,0,0,0,0,0,0,0,48,0,0,0.0
slwb-otes,1,0,0,0,62,1,2,4,0,0,0,0,0,0,0,0,0,0,0,0,0,0,0,0,0,0,0,0,0,0,0,0,0,0,0,0,0,0,0,0,0,0,0,0,0,0,0,0,0,0,0,0,0,0,0,0,0,0,0,0,0,0,0,,0,0,0,0,0,0,0,0,0,0,0,0,0,0,0,0,0,0,0,0,0,0,0,0,0,0,0,0,0,0,0,0,63,1,2,4.0
snsicp-scpssnr,6,0,0,1,22,3,3,3,39,0,0,6,9,2,2,2,0,0,0,0,6,0,0,0,0,0,0,0,0,0,0,0,20,0,0,0,242,0,0,35,37,0,0,0,0,0,0,0,0,0,0,0,7,0,0,0,0,0,0,0,16,0,0,,0,0,0,0,4,0,0,0,0,0,0,0,0,0,0,0,6,0,0,0,133,0,0,0,44,0,0,0,0,0,0,0,591,5,5,47.0
sopf-cidp,6,0,0,0,61,1,3,6,0,0,0,0,0,0,0,0,0,0,0,0,0,0,0,0,0,0,0,0,0,0,0,0,0,0,0,0,15,0,0,1,46,0,3,5,0,0,0,0,0,0,0,0,0,0,0,0,0,0,0,0,0,0,0,,0,0,0,0,0,0,0,0,0,0,0,0,0,0,0,0,0,0,0,0,359,0,4,6,37,0,2,4,0,0,0,0,524,1,12,22.0
spa-aps,0,0,0,0,22,0,1,4,0,0,0,0,0,0,0,0,0,0,0,0,0,0,0,0,0,0,0,0,0,0,0,0,0,0,0,0,0,0,0,0,0,0,0,0,0,0,0,0,0,0,0,0,0,0,0,0,0,0,0,0,0,0,0,,0,0,0,0,0,0,0,0,0,0,0,0,0,0,0,0,0,0,0,0,0,0,0,0,0,0,0,0,0,0,0,0,22,0,1,4.0
ssc-spc,1464,16,29,51,0,0,0,0,774,13,28,54,26561,899,900,1493,0,0,0,0,8,1,1,1,104,0,4,9,0,0,0,0,0,0,0,0,301,0,1,1,55,1,2,4,2,0,0,0,6,0,0,2,3,0,0,0,7,0,0,0,0,0,0,,55,0,2,2,14,0,0,0,6,0,0,0,0,0,0,0,12,0,0,0,415,3,5,16,25,0,0,0,0,0,0,0,29812,933,972,1633.0
sshrc-crsh,207,3,7,11,16,0,1,3,129,0,4,6,860,30,30,100,9,0,0,0,4,1,1,1,33,0,1,4,57721,0,1913,5667,0,0,0,0,22,0,0,0,18,0,0,0,0,0,0,0,1,0,0,0,0,0,0,0,0,0,0,0,0,0,0,,0,0,0,0,0,0,0,0,0,0,0,0,0,0,0,0,8,0,0,0,441,6,26,37,9,0,0,0,0,0,0,0,59478,40,1983,5829.0
statcan,573,0,1,33,2,0,0,1,612,2,12,35,3095,132,128,444,0,0,0,0,8,1,1,1,84,0,5,8,4,0,0,0,18,0,0,0,91,0,1,4,9,0,0,0,0,0,0,0,1,0,0,0,1,0,0,0,0,0,0,0,0,0,0,,59,0,1,2,9,0,0,0,0,0,0,0,0,0,0,0,9,0,0,1,347,2,8,25,1,0,0,0,0,0,0,0,4923,137,157,554.0
stjpa-apstj,0,0,0,0,1,0,0,0,0,0,0,0,0,0,0,0,0,0,0,0,0,0,0,0,0,0,0,0,0,0,0,0,0,0,0,0,0,0,0,0,0,0,0,0,0,0,0,0,0,0,0,0,0,0,0,0,0,0,0,0,0,0,0,,0,0,0,0,0,0,0,0,0,0,0,0,0,0,0,0,0,0,0,0,0,0,0,0,0,0,0,0,0,0,0,0,1,0,0,0.0
swc-cfc,174,0,0,0,0,0,0,0,0,0,0,0,197,0,0,0,0,0,0,0,1,0,0,0,0,0,0,0,143,0,0,0,2,0,0,0,55,0,0,0,9,0,0,0,0,0,0,0,0,0,0,0,0,0,0,0,0,0,0,0,0,0,0,,7,0,0,0,3,0,0,0,0,0,0,0,0,0,0,0,0,0,0,0,246,0,0,0,12,0,0,0,0,0,0,0,849,0,0,0.0
tbpa-aptb,4,0,2,2,49,1,5,5,0,0,0,0,0,0,0,0,0,0,0,0,0,0,0,0,0,0,0,0,0,0,0,0,0,0,0,0,0,0,0,0,0,0,0,0,0,0,0,0,0,0,0,0,0,0,0,0,0,0,0,0,0,0,0,,0,0,0,0,0,0,0,0,0,0,0,0,0,0,0,0,0,0,0,0,0,0,0,0,0,0,0,0,0,0,0,0,53,1,7,7.0
tbs-sct,3834,26,75,151,0,0,0,0,1767,18,80,157,7806,50,50,77,0,0,0,0,8,1,1,1,116,0,8,8,44,0,0,2,14,0,1,1,350,5,14,20,24,0,0,0,40,0,2,40,10,0,1,10,1,0,0,0,56,0,0,0,0,0,0,,68,0,5,7,9,0,0,0,13,0,1,13,0,0,0,0,7,0,0,1,848,13,56,100,9,0,0,0,0,0,0,0,15024,113,294,588.0
tc,7996,28,112,252,0,0,0,0,2945,14,101,207,22919,440,440,917,0,0,0,0,8,1,1,1,77,0,5,9,43791,0,3034,5986,0,0,0,0,311,5,8,13,21,1,1,1,0,0,0,0,0,0,0,0,1,0,0,0,71,0,0,0,0,0,0,,509,0,0,5,4,0,1,1,1,0,0,0,0,0,0,0,14,0,0,1,3243,28,52,103,5,0,0,0,0,0,0,0,81916,517,3755,7496.0
tf,18,0,2,3,17,2,2,3,0,0,0,0,0,0,0,0,0,0,0,0,0,0,0,0,0,0,0,0,0,0,0,0,0,0,0,0,268,0,28,75,0,0,0,0,0,0,0,0,0,0,0,0,4,0,0,0,0,0,0,0,0,0,0,,0,0,0,0,0,0,0,0,0,0,0,0,0,0,0,0,0,0,0,0,295,0,28,73,0,0,0,0,0,0,0,0,602,2,60,154.0
tmc,37,0,0,0,46,0,0,3,0,0,0,0,0,0,0,0,0,0,0,0,0,0,0,0,0,0,0,0,0,0,0,0,0,0,0,0,0,0,0,0,0,0,0,0,0,0,0,0,0,0,0,0,0,0,0,0,0,0,0,0,0,0,0,,0,0,0,0,0,0,0,0,0,0,0,0,0,0,0,0,0,0,0,0,0,0,0,0,0,0,0,0,0,0,0,0,83,0,0,3.0
tmp,0,0,0,0,65,0,4,6,0,0,0,0,0,0,0,0,0,0,0,0,0,0,0,0,0,0,0,0,0,0,0,0,0,0,0,0,0,0,0,0,0,0,0,0,0,0,0,0,0,0,0,0,0,0,0,0,0,0,0,0,0,0,0,,0,0,0,0,0,0,0,0,0,0,0,0,0,0,0,0,0,0,0,0,0,0,0,0,0,0,0,0,0,0,0,0,65,0,4,6.0
tpa-apt,24,0,0,0,19,0,3,3,0,0,0,0,0,0,0,0,0,0,0,0,0,0,0,0,0,0,0,0,0,0,0,0,0,0,0,0,0,0,0,0,0,0,0,0,0,0,0,0,0,0,0,0,0,0,0,0,0,0,0,0,0,0,0,,0,0,0,0,0,0,0,0,0,0,0,0,0,0,0,0,0,0,0,0,0,0,0,0,0,0,0,0,0,0,0,0,43,0,3,3.0
tsb-bst,238,6,-287,-280,8,0,1,1,0,0,0,0,412,0,0,0,0,0,0,0,0,0,0,0,0,0,0,0,0,0,0,0,0,0,0,0,24,0,0,2,71,1,3,5,0,0,0,0,4,0,0,1,8,0,0,0,0,0,0,0,0,0,0,,18,0,0,0,20,0,1,2,2,0,0,0,1,0,0,1,11,0,0,1,176,2,2,14,31,0,2,3,0,0,0,0,1024,9,-278,-250.0
vac-acc,1259,5,16,35,1,0,0,0,458,15,36,64,4871,70,70,110,0,0,0,0,8,1,1,1,74,0,3,6,1817,0,142,164,0,0,0,0,432,0,0,0,51,1,3,5,0,0,0,0,0,0,0,0,0,0,0,0,230,0,0,12,0,0,0,,480,0,1,6,13,0,0,0,0,0,0,0,0,0,0,0,5,0,0,0,3045,9,43,84,12,0,0,0,2,0,0,0,12758,101,315,487.0
vfpa-apvf,227,0,0,8,15,1,2,2,0,0,0,0,0,0,0,0,0,0,0,0,0,0,0,0,0,0,0,0,0,0,0,0,0,0,0,0,0,0,0,0,0,0,0,0,0,0,0,0,0,0,0,0,0,0,0,0,0,0,0,0,0,0,0,,0,0,0,0,0,0,0,0,0,0,0,0,0,0,0,0,0,0,0,0,0,0,0,0,0,0,0,0,0,0,0,0,242,1,2,10.0
viarail,413,0,26,26,0,0,0,0,0,0,0,0,0,0,0,0,0,0,0,0,0,0,0,0,0,0,0,0,0,0,0,0,0,0,0,0,2,0,2,2,0,0,0,0,0,0,0,0,0,0,0,0,0,0,0,0,0,0,0,0,0,0,0,,0,0,0,0,0,0,0,0,0,0,0,0,0,0,0,0,0,0,0,0,19,0,19,19,0,0,0,0,0,0,0,0,434,0,47,47.0
vrab-tacra,46,0,0,0,45,1,3,5,2,1,1,1,143,0,5,11,8,0,0,0,4,1,1,1,0,0,0,0,0,0,0,0,0,0,0,0,55,0,1,1,38,1,2,4,0,0,0,0,0,0,0,0,3,0,0,0,1,0,0,0,0,0,0,,17,0,0,0,28,0,1,2,1,0,0,0,0,0,0,0,0,0,0,0,363,3,12,22,21,0,1,1,0,0,0,0,775,7,27,48.0
wage,197,1,1,7,10,0,2,2,1098,5,27,71,735,34,34,54,0,0,0,0,7,1,1,1,0,0,0,0,2451,0,86,209,3,0,0,0,14,0,0,0,40,0,2,4,8,0,0,0,5,0,0,0,0,0,0,0,163,0,0,2,0,0,0,,11,0,0,0,15,0,0,0,0,0,0,0,1,0,0,0,6,0,0,1,524,23,57,90,12,0,0,0,0,0,0,0,5300,64,210,441.0
wd-deo,215,0,0,0,1,0,0,0,451,0,0,0,250,0,0,0,0,0,0,0,4,0,0,0,0,0,0,0,14556,0,1,1,0,0,0,0,73,0,0,0,19,0,0,0,0,0,0,0,0,0,0,0,0,0,0,0,0,0,0,0,0,0,0,,23,0,0,0,10,0,0,0,1,0,0,0,0,0,0,0,10,0,0,0,1387,0,0,0,10,0,0,0,0,0,0,0,17010,0,1,1.0
wdba-apwd,23,1,1,3,32,3,3,4,0,0,0,0,0,0,0,0,0,0,0,0,0,0,0,0,0,0,0,0,0,0,0,0,0,0,0,0,43,2,6,9,1,0,0,1,0,0,0,0,0,0,0,0,0,0,0,0,0,0,0,0,0,0,0,,0,0,0,0,0,0,0,0,0,0,0,0,0,0,0,0,0,0,0,0,74,2,7,24,0,0,0,0,0,0,0,0,173,8,17,41.0
yesab-oeesy,11,0,0,3,55,0,2,12,0,0,0,0,0,0,0,0,0,0,0,0,1,0,0,0,0,0,0,0,0,0,0,0,0,0,0,0,0,0,0,0,0,0,0,0,0,0,0,0,0,0,0,0,0,0,0,0,0,0,0,0,0,0,0,,0,0,0,0,0,0,0,0,0,0,0,0,0,0,0,0,0,0,0,0,68,0,0,9,14,0,0,1,0,0,0,0,149,0,2,25.0
