year_annee,month_mois,jurisdiction,visits_visites
2026,9,federal,924583
2026,9,provincial,410382
2026,9,municipal,7862
2026,8,federal,372949
2026,8,provincial,115326
2026,8,municipal,2432
2026,7,federal,323942
2026,7,provincial,97296
2026,7,municipal,1954
2026,6,federal,309690
2026,6,provincial,87763
2026,6,municipal,2036
2026,5,federal,244095
2026,5,provincial,80518
2026,5,municipal,2241
2026,4,federal,302089
2026,4,provincial,94813
2026,4,municipal,2389
2026,3,federal,306031
2026,3,provincial,93762
2026,3,municipal,1475
2026,2,federal,292899
2026,2,provincial,95517
2026,2,municipal,1718
2026,1,federal,258745
2026,1,provincial,96139
2026,1,municipal,2113
2025,12,federal,203364
2025,12,provincial,68457
2025,12,municipal,1200
2025,11,federal,258794
2025,11,provincial,82126
2025,11,municipal,2282
2025,10,federal,241848
2025,10,provincial,63094
2025,10,municipal,1717
