Date,From, To,number of datasets,Non geospatial, % of non-geospatial with 3+ rating,number of API enabled datasets,% of API enable datasets ,Totals downloads,Total visits
2025-10-27,2025-04-01,2025-10-27,0,0,0.0,0,0.0,433418,2409947
2025-10-26,2025-04-01,2025-10-26,1620,1171,11.78,21,15.0,433418,2409947
2025-10-24,2025-04-01,2025-10-24,3359,2491,12.2,47,15.41,433418,2409947
2025-10-23,2025-04-01,2025-10-23,3359,2491,12.2,47,15.41,433418,2409947
2025-10-22,2025-04-01,2025-10-22,3355,2490,12.17,47,15.46,433418,2409947
2025-10-21,2025-04-01,2025-10-21,3347,2486,12.03,47,15.67,433418,2409947
2025-10-20,2025-04-01,2025-10-20,3346,2485,11.99,47,15.72,433418,2409947
2025-10-19,2025-04-01,2025-10-19,3346,2485,11.99,47,15.72,433418,2409947
2025-10-18,2025-04-01,2025-10-18,3346,2485,11.99,47,15.72,433418,2409947
2025-10-17,2025-04-01,2025-10-17,3344,2483,11.92,47,15.88,433418,2409947
2025-10-16,2025-04-01,2025-10-16,3344,2483,11.92,47,15.88,433418,2409947
2025-10-15,2025-04-01,2025-10-15,3344,2483,11.96,47,15.88,433418,2409947
2025-10-14,2025-04-01,2025-10-14,3341,2483,11.96,47,15.88,433418,2409947
2025-10-13,2025-04-01,2025-10-13,3341,2483,11.96,47,15.88,433418,2409947
2025-10-12,2025-04-01,2025-10-12,3341,2483,11.96,47,15.88,433418,2409947
2025-10-11,2025-04-01,2025-10-11,3338,2482,11.97,47,15.93,433418,2409947
2025-10-10,2025-04-01,2025-10-10,3331,2481,11.97,47,15.99,433418,2409947
2025-10-09,2025-04-01,2025-10-09,3327,2477,11.91,47,16.1,433418,2409947
2025-10-08,2025-04-01,2025-10-08,3326,2476,11.91,47,16.15,433418,2409947
2025-10-07,2025-04-01,2025-10-07,3325,2475,11.92,47,16.21,433418,2409947
2025-10-06,2025-04-01,2025-10-06,3322,2472,11.85,47,16.38,433418,2409947
2025-10-05,2025-04-01,2025-10-05,3322,2472,11.85,47,16.38,433418,2409947
2025-10-04,2025-04-01,2025-10-04,3322,2472,11.85,47,16.38,433418,2409947
2025-10-03,2025-04-01,2025-10-03,3322,2472,11.85,47,16.38,433418,2409947
2025-10-02,2025-04-01,2025-10-02,3317,2468,11.75,47,16.55,433418,2409947
2025-10-01,2025-04-01,2025-10-01,3314,2466,11.72,47,16.55,357196,1911688
2025-09-30,2025-04-01,2025-09-30,3314,2466,11.72,47,16.55,357196,1911688
2025-09-29,2025-04-01,2025-09-29,3300,2452,11.22,39,14.44,357196,1911688
2025-09-28,2025-04-01,2025-09-28,3300,2452,11.22,39,14.44,357196,1911688
2025-09-27,2025-04-01,2025-09-27,3300,2452,11.22,39,14.44,357196,1911688
2025-09-26,2025-04-01,2025-09-26,3298,2452,11.22,39,14.44,357196,1911688
2025-09-25,2025-04-01,2025-09-25,3286,2443,10.93,39,14.72,357196,1911688
2025-09-24,2025-04-01,2025-09-24,3284,2441,10.86,38,14.45,357196,1911688
2025-09-23,2025-04-01,2025-09-23,3281,2439,10.78,37,14.18,357196,1911688
2025-09-21,2025-04-01,2025-09-21,3281,2439,10.78,37,14.18,357196,1911688
2025-09-20,2025-04-01,2025-09-20,3280,2438,10.79,37,14.23,357196,1911688
2025-09-19,2025-04-01,2025-09-19,3278,2436,10.71,37,14.34,357196,1911688
2025-09-18,2025-04-01,2025-09-18,482,318,77.04,37,14.34,357196,1911688
2025-09-17,2025-04-01,2025-09-17,481,319,76.8,37,14.4,357196,1911688
2025-09-16,2025-04-01,2025-09-16,482,319,76.8,37,14.4,357196,1911688
2025-09-15,2025-04-01,2025-09-15,482,319,76.8,37,14.4,357196,1911688
2025-09-14,2025-04-01,2025-09-14,482,319,76.8,37,14.4,357196,1911688
2025-09-13,2025-04-01,2025-09-13,475,312,76.92,34,13.6,357196,1911688
2025-09-12,2025-04-01,2025-09-12,475,312,76.92,34,13.6,357196,1911688
2025-09-11,2025-04-01,2025-09-11,449,295,76.61,34,13.82,357196,1911688
2025-09-10,2025-04-01,2025-09-10,435,285,78.6,34,13.82,357196,1911688
2025-09-09,2025-04-01,2025-09-09,434,284,78.87,34,13.88,357196,1911688
2025-09-08,2025-04-01,2025-09-08,434,284,78.87,34,13.88,357196,1911688
2025-09-06,2025-04-01,2025-09-06,429,282,78.72,32,13.17,357196,1911688
2025-09-05,2025-04-01,2025-09-05,429,282,78.72,32,13.17,357196,1911688
2025-09-04,2025-04-01,2025-09-04,429,282,78.72,31,12.76,357196,1911688
2025-09-03,2025-04-01,2025-09-03,428,282,78.72,31,12.76,357196,1911688
2025-08-31,2025-04-01,2025-08-31,427,281,78.65,31,12.81,297642,1519476
2025-08-30,2025-04-01,2025-08-30,441,291,78.35,29,12.08,297642,1519476
2025-08-29,2025-04-01,2025-08-29,449,299,77.93,29,12.08,297642,1519476
2025-08-28,2025-04-01,2025-08-28,449,299,77.93,29,12.08,297642,1519476
2025-08-27,2025-04-01,2025-08-27,407,257,74.71,29,14.65,297642,1519476
2025-08-26,2025-04-01,2025-08-26,407,257,74.71,29,14.65,297642,1519476
2025-08-25,2025-04-01,2025-08-25,407,257,74.71,29,14.65,297642,1519476
2025-08-24,2025-04-01,2025-08-24,407,257,74.71,29,14.65,297642,1519476
2025-08-23,2025-04-01,2025-08-23,407,257,74.71,29,14.65,297642,1519476
2025-08-22,2025-04-01,2025-08-22,399,249,73.9,21,11.05,297642,1519476
2025-08-21,2025-04-01,2025-08-21,395,248,73.79,21,11.05,297642,1519476
2025-08-20,2025-04-01,2025-08-20,389,245,73.88,21,11.05,297642,1519476
2025-08-19,2025-04-01,2025-08-19,389,245,73.88,21,11.05,297642,1519476
2025-08-18,2025-04-01,2025-08-18,388,245,73.88,21,11.05,297642,1519476
2025-08-17,2025-04-01,2025-08-17,388,245,73.88,21,11.05,297642,1519476
2025-08-16,2025-04-01,2025-08-16,387,244,73.77,21,11.11,297642,1519476
2025-08-15,2025-04-01,2025-08-15,384,241,73.44,21,11.29,297642,1519476
2025-08-14,2025-04-01,2025-08-14,377,236,73.31,20,10.93,297642,1519476
2025-08-13,2025-04-01,2025-08-13,374,233,73.39,20,11.05,297642,1519476
2025-08-12,2025-04-01,2025-08-12,374,233,73.39,20,11.05,297642,1519476
2025-08-11,2025-04-01,2025-08-11,374,233,73.39,20,11.05,297642,1519476
2025-08-10,2025-04-01,2025-08-10,374,233,73.39,20,11.05,297642,1519476
2025-08-09,2025-04-01,2025-08-09,374,233,73.39,20,11.05,297642,1519476
2025-08-08,2025-04-01,2025-08-08,372,233,73.39,20,11.05,297642,1519476
2025-08-07,2025-04-01,2025-08-07,372,233,73.39,20,11.05,297642,1519476
2025-08-06,2025-04-01,2025-08-06,372,233,73.39,20,11.05,297642,1519476
2025-08-05,2025-04-01,2025-08-05,369,231,73.16,18,10.06,297642,1519476
2025-08-04,2025-04-01,2025-08-04,368,230,0.0,0,0.0,297642,1519476
2025-08-03,2025-04-01,2025-08-03,368,230,0.0,0,0.0,297642,1519476
2025-08-02,2025-04-01,2025-08-02,367,230,0.0,0,0.0,297642,1519476
2025-08-01,2025-04-01,2025-08-01,366,230,0.0,0,0.0,224133,1067723
2025-07-31,2025-04-01,2025-07-31,362,227,0.0,0,0.0,224133,1067723
2025-07-30,2025-04-01,2025-07-30,362,227,0.0,0,0.0,224133,1067723
2025-07-29,2025-04-01,2025-07-29,361,225,0.0,0,0.0,224133,1067723
2025-07-28,2025-04-01,2025-07-28,361,225,0.0,0,0.0,224133,1067723
2025-07-27,2025-04-01,2025-07-27,361,225,0.0,0,0.0,224133,1067723
2025-07-26,2025-04-01,2025-07-26,361,225,0.0,0,0.0,224133,1067723
2025-07-25,2025-04-01,2025-07-25,361,225,0.0,0,0.0,224133,1067723
2025-07-24,2025-04-01,2025-07-24,358,224,0.0,0,0.0,224133,1067723
2025-07-23,2025-04-01,2025-07-23,358,224,0.0,0,0.0,224133,1067723
2025-07-22,2025-04-01,2025-07-22,357,224,0.0,0,0.0,224133,1067723
2025-07-21,2025-04-01,2025-07-21,357,224,0.0,0,0.0,224133,1067723
2025-07-20,2025-04-01,2025-07-20,357,224,0.0,0,0.0,224133,1067723
2025-07-19,2025-04-01,2025-07-19,352,219,0.0,0,0.0,224133,1067723
2025-07-18,2025-04-01,2025-07-18,353,219,0.0,0,0.0,224133,1067723
2025-07-17,2025-04-01,2025-07-17,325,216,0.0,0,0.0,224133,1067723
2025-07-16,2025-04-01,2025-07-16,319,211,0.0,0,0.0,224133,1067723
2025-07-15,2025-04-01,2025-07-15,315,210,0.0,0,0.0,224133,1067723
2025-07-14,2025-04-01,2025-07-14,312,207,0.0,0,0.0,224133,1067723
2025-07-13,2025-04-01,2025-07-13,312,207,0.0,0,0.0,224133,1067723
2025-07-12,2025-04-01,2025-07-12,310,205,0.0,0,0.0,224133,1067723
2025-07-11,2025-04-01,2025-07-11,310,205,0.0,0,0.0,224133,1067723
2025-07-10,2025-04-01,2025-07-10,308,204,0.0,0,0.0,224133,1067723
2025-07-09,2025-04-01,2025-07-09,307,204,0.0,0,0.0,224133,1067723
2025-07-08,2025-04-01,2025-07-08,307,204,0.0,0,0.0,224133,1067723
2025-07-07,2025-04-01,2025-07-07,307,204,0.0,0,0.0,224133,1067723
2025-07-06,2025-04-01,2025-07-06,307,204,0.0,0,0.0,224133,1067723
2025-07-05,2025-04-01,2025-07-05,307,204,0.0,0,0.0,224133,1067723
2025-07-04,2025-04-01,2025-07-04,306,203,0.0,0,0.0,224133,1067723
2025-07-03,2025-04-01,2025-07-03,302,203,0.0,0,0.0,224133,1067723
2025-07-02,2025-04-01,2025-07-02,302,203,0.0,0,0.0,154870,732672
2025-07-01,2025-04-01,2025-07-01,301,202,0.0,0,0.0,154870,732672
2025-06-30,2025-04-01,2025-06-30,298,199,0.0,0,0.0,154870,732672
2025-06-29,2025-04-01,2025-06-29,298,199,0.0,0,0.0,154870,732672
2025-06-28,2025-04-01,2025-06-28,298,199,0.0,0,0.0,154870,732672
2025-06-27,2025-04-01,2025-06-27,291,0,0.0,0,0.0,154870,732672
2025-06-26,2025-04-01,2025-06-26,288,0,0.0,0,0.0,154870,732672
2025-06-25,2025-04-01,2025-06-25,281,0,0.0,0,0.0,154870,732672
2025-06-24,2025-04-01,2025-06-24,277,0,0.0,0,0.0,154870,732672
2025-06-23,2025-04-01,2025-06-23,277,0,0.0,0,0.0,154870,732672
2025-06-22,2025-04-01,2025-06-22,277,0,0.0,0,0.0,154870,732672
2025-06-21,2025-04-01,2025-06-21,277,0,0.0,0,0.0,154870,732672
2025-06-20,2025-04-01,2025-06-20,275,0,0.0,0,0.0,154870,732672
2025-06-19,2025-04-01,2025-06-19,269,0,0.0,0,0.0,154870,732672
2025-06-18,2025-04-01,2025-06-18,264,0,0.0,0,0.0,154870,732672
2025-06-17,2025-04-01,2025-06-17,256,0,0.0,0,0.0,154870,732672
2025-06-16,2025-04-01,2025-06-16,256,0,0.0,0,0.0,154870,732672
2025-06-15,2025-04-01,2025-06-15,256,0,0.0,0,0.0,154870,732672
2025-06-14,2025-04-01,2025-06-14,255,0,0.0,0,0.0,154870,732672
2025-06-13,2025-04-01,2025-06-13,254,0,0.0,0,0.0,154870,732672
2025-06-12,2025-04-01,2025-06-12,250,0,0.0,0,0.0,154870,732672
2025-06-11,2025-04-01,2025-06-11,215,0,0.0,0,0.0,154870,732672
2025-06-10,2025-04-01,2025-06-10,208,0,0.0,0,0.0,154870,732672
2025-06-09,2025-04-01,2025-06-09,205,0,0.0,0,0.0,154870,732672
2025-06-08,2025-04-01,2025-06-08,205,0,0.0,0,0.0,154870,732672
2025-06-07,2025-04-01,2025-06-07,206,0,0.0,0,0.0,154870,732672
2025-06-06,2025-04-01,2025-06-06,201,0,0.0,0,0.0,154870,732672
2025-06-05,2025-04-01,2025-06-05,189,0,0.0,0,0.0,154870,732672
2025-06-04,2025-04-01,2025-06-04,178,0,0.0,0,0.0,154870,732672
2025-06-03,2025-04-01,2025-06-03,177,0,0.0,0,0.0,154870,732672
2025-06-02,2025-04-01,2025-06-02,177,0,0.0,0,0.0,84503,394513
2025-06-01,2025-04-01,2025-06-01,177,0,0.0,0,0.0,84503,394513
2025-05-31,2025-04-01,2025-05-31,175,0,0.0,0,0.0,84503,394513
2025-05-30,2025-04-01,2025-05-30,174,0,0.0,0,0.0,84503,394513
2025-05-29,2025-04-01,2025-05-29,165,0,0.0,0,0.0,84503,394513
2025-05-28,2025-04-01,2025-05-28,119,0,0.0,0,0.0,84503,394513
2025-05-27,2025-04-01,2025-05-27,117,0,0.0,0,0.0,84503,394513
2025-05-26,2025-04-01,2025-05-26,111,0,0.0,0,0.0,84503,394513
2025-05-23,2025-04-01,2025-05-23,111,0,0.0,0,0.0,84503,394513
2025-05-22,2025-04-01,2025-05-22,111,0,0.0,0,0.0,84503,394513
2025-05-21,2025-04-01,2025-05-21,108,0,0.0,0,0.0,84503,394513
2025-05-20,2025-04-01,2025-05-20,108,0,0.0,0,0.0,84503,394513
2025-05-19,2025-04-01,2025-05-19,108,0,0.0,0,0.0,84503,394513
2025-05-18,2025-04-01,2025-05-18,108,0,0.0,0,0.0,84503,394513
2025-05-17,2025-04-01,2025-05-17,108,0,0.0,0,0.0,84503,394513
2025-05-16,2025-04-01,2025-05-16,108,0,0.0,0,0.0,84503,394513
2025-05-15,2025-04-01,2025-05-15,99,0,0.0,0,0.0,84503,394513
2025-05-14,2025-04-01,2025-05-14,87,0,0.0,0,0.0,84503,394513
2025-05-13,2025-04-01,2025-05-13,75,0,0.0,0,0.0,84503,394513
2025-05-12,2025-04-01,2025-05-12,75,0,0.0,0,0.0,84503,394513
2025-05-11,2025-04-01,2025-05-11,75,0,0.0,0,0.0,84503,394513
2025-05-10,2025-04-01,2025-05-10,74,0,0.0,0,0.0,84503,394513
2025-05-09,2025-04-01,2025-05-09,74,0,0.0,0,0.0,84503,394513
2025-05-08,2025-04-01,2025-05-08,73,0,0.0,0,0.0,84503,394513
2025-05-07,2025-04-01,2025-05-07,69,0,0.0,0,0.0,84503,394513
2025-05-06,2025-04-01,2025-05-06,69,0,0.0,0,0.0,84503,394513
2025-05-05,2025-04-01,2025-05-05,69,0,0.0,0,0.0,84503,394513
2025-05-04,2025-04-01,2025-05-04,69,0,0.0,0,0.0,84503,394513
2025-05-03,2025-04-01,2025-05-03,69,0,0.0,0,0.0,84503,394513
2025-05-02,2025-04-01,2025-05-02,59,0,0.0,0,0.0,84503,394513
2025-05-01,2025-04-01,2025-05-01,47,0,0.0,0,0.0,0,0
2025-04-30,2025-04-01,2025-04-30,45,0,0.0,0,0.0,0,0
2025-04-29,2025-04-01,2025-04-29,43,0,0.0,0,0.0,0,0
2025-04-25,2025-04-01,2025-04-25,43,0,0.0,0,0.0,0,0
2025-04-24,2025-04-01,2025-04-24,34,0,0.0,0,0.0,0,0
2025-04-23,2025-04-01,2025-04-23,33,0,0.0,0,0.0,0,0
2025-04-22,2025-04-01,2025-04-22,33,0,0.0,0,0.0,0,0
2025-04-21,2025-04-01,2025-04-21,33,0,0.0,0,0.0,0,0
2025-04-20,2025-04-01,2025-04-20,33,0,0.0,0,0.0,0,0
2025-04-19,2025-04-01,2025-04-19,33,0,0.0,0,0.0,0,0
2025-04-18,2025-04-01,2025-04-18,33,0,0.0,0,0.0,0,0
2025-04-17,2025-04-01,2025-04-17,23,0,0.0,0,0.0,0,0
2025-04-16,2025-04-01,2025-04-16,13,0,0.0,0,0.0,0,0
2025-04-15,2025-04-01,2025-04-15,13,0,0.0,0,0.0,0,0
2025-04-13,2025-04-01,2025-04-13,13,0,0.0,0,0.0,0,0
2025-04-12,2025-04-01,2025-04-12,9,0,0.0,0,0.0,0,0
2025-04-11,2025-04-01,2025-04-11,9,0,0.0,0,0.0,0,0
2025-04-10,2025-04-01,2025-04-10,9,0,0.0,0,0.0,0,0
2025-04-09,2025-04-01,2025-04-09,7,0,0.0,0,0.0,0,0
2025-04-08,2025-04-01,2025-04-08,7,0,0.0,0,0.0,0,0
2025-04-07,2025-04-01,2025-04-07,7,0,0.0,0,0.0,0,0
2025-04-06,2025-04-01,2025-04-06,7,0,0.0,0,0.0,0,0
2025-04-05,2025-04-01,2025-04-05,6,0,0.0,0,0.0,0,0
2025-04-04,2025-04-01,2025-04-04,3,0,0.0,0,0.0,0,0
2025-04-03,2025-04-01,2025-04-03,1,0,0.0,0,0.0,0,0
2025-04-02,2025-04-01,2025-04-02,0,0,0.0,0,0.0,0,0
2025-04-01,2025-04-01,2025-04-01,0,0,0.0,0,0.0,0,0
2025-03-31,2024-04-01,2025-03-31,1445,288,57.99,37,22.02,895700,3682431
2025-03-30,2024-04-01,2025-03-30,1445,288,57.99,37,22.02,895700,3682431
2025-03-29,2024-04-01,2025-03-29,1443,288,57.99,37,22.02,895700,3682431
2025-03-28,2024-04-01,2025-03-28,1435,288,57.99,37,22.02,895700,3682431
2025-03-26,2024-04-01,2025-03-26,1414,288,57.99,37,22.02,895700,3682431
2025-03-25,2024-04-01,2025-03-25,1401,288,57.99,37,22.02,895700,3682431
2025-03-24,2024-04-01,2025-03-24,1401,288,57.99,37,22.02,895700,3682431
2025-03-23,2024-04-01,2025-03-23,1401,288,57.99,37,22.02,895700,3682431
2025-03-22,2024-04-01,2025-03-22,1352,288,57.99,37,22.02,895700,3682431
2025-03-21,2024-04-01,2025-03-21,1349,288,57.99,37,22.02,895700,3682431
2025-03-20,2024-04-01,2025-03-20,1348,288,57.99,37,22.02,895700,3682431
2025-03-18,2024-04-01,2025-03-18,1345,288,57.99,37,22.02,895700,3682431
2025-03-17,2024-04-01,2025-03-17,1345,288,57.99,37,22.02,895700,3682431
2025-03-16,2024-04-01,2025-03-16,1345,288,57.99,37,22.02,895700,3682431
2025-03-15,2024-04-01,2025-03-15,1342,288,57.99,37,22.02,895700,3682431
2025-03-14,2024-04-01,2025-03-14,1341,288,57.99,37,22.02,895700,3682431
2025-03-13,2024-04-01,2025-03-13,1321,288,57.99,37,22.02,895700,3682431
2025-03-12,2024-04-01,2025-03-12,1303,288,57.99,37,22.02,895700,3682431
2025-03-11,2024-04-01,2025-03-11,1295,288,57.99,37,22.02,895700,3682431
2025-03-10,2024-04-01,2025-03-10,1295,288,57.99,37,22.02,895700,3682431
2025-03-09,2024-04-01,2025-03-09,1295,288,57.99,37,22.02,895700,3682431
2025-03-08,2024-04-01,2025-03-08,1293,288,57.99,37,22.02,895700,3682431
2025-03-07,2024-04-01,2025-03-07,1291,288,57.99,37,22.02,895700,3682431
2025-03-06,2024-04-01,2025-03-06,1288,288,57.99,37,22.02,895700,3682431
2025-03-05,2024-04-01,2025-03-05,1288,288,57.99,37,22.02,815225,3289389
2025-03-04,2024-04-01,2025-03-04,1270,288,57.99,37,22.02,815225,3289389
2025-03-03,2024-04-01,2025-03-03,1268,288,57.99,37,22.02,815225,3289389
2025-03-02,2024-04-01,2025-03-02,1268,288,57.99,37,22.02,815225,3289389
2025-03-01,2024-04-01,2025-03-01,1240,288,57.99,37,22.02,815225,3289389
2025-02-28,2024-04-01,2025-02-28,1236,288,57.99,37,22.02,815225,3289389
2025-02-27,2024-04-01,2025-02-27,1180,288,57.99,37,22.02,815225,3289389
2025-02-26,2024-04-01,2025-02-26,1174,288,57.99,37,22.02,815225,3289389
2025-02-25,2024-04-01,2025-02-25,1209,288,57.99,37,22.02,815225,3289389
2025-02-24,2024-04-01,2025-02-24,1208,288,57.99,37,22.02,815225,3289389
2025-02-23,2024-04-01,2025-02-23,1208,288,57.99,37,22.02,815225,3289389
2025-02-22,2024-04-01,2025-02-22,1206,288,57.99,37,22.02,815225,3289389
2025-02-21,2024-04-01,2025-02-21,1206,288,57.99,37,22.02,815225,3289389
2025-02-20,2024-04-01,2025-02-20,1201,288,57.99,37,22.02,815225,3289389
2025-02-19,2024-04-01,2025-02-19,1198,288,57.99,37,22.02,815225,3289389
2025-02-18,2024-04-01,2025-02-18,1199,288,57.99,37,22.02,815225,3289389
2025-02-17,2024-04-01,2025-02-17,1199,288,57.99,37,22.02,815225,3289389
2025-02-16,2024-04-01,2025-02-16,1199,288,57.99,37,22.02,815225,3289389
2025-02-15,2024-04-01,2025-02-15,1174,288,57.99,37,22.02,815225,3289389
2025-02-14,2024-04-01,2025-02-14,1170,288,57.99,37,22.02,815225,3289389
2025-02-13,2024-04-01,2025-02-13,1166,288,57.99,37,22.02,815225,3289389
2025-02-12,2024-04-01,2025-02-12,1161,288,57.99,37,22.02,815225,3289389
2025-02-11,2024-04-01,2025-02-11,1159,288,57.99,37,22.02,815225,3289389
2025-02-10,2024-04-01,2025-02-10,1159,288,57.99,37,22.02,815225,3289389
2025-02-09,2024-04-01,2025-02-09,1159,288,57.99,37,22.02,815225,3289389
2025-02-08,2024-04-01,2025-02-08,1158,288,57.99,37,22.02,815225,3289389
2025-02-07,2024-04-01,2025-02-07,1157,288,57.99,37,22.02,815225,3289389
2025-02-06,2024-04-01,2025-02-06,1153,288,57.99,37,22.02,815225,3289389
2025-02-05,2024-04-01,2025-02-05,1147,288,57.99,37,22.02,815225,3289389
2025-02-04,2024-04-01,2025-02-04,1143,288,57.99,37,22.02,815225,3289389
2025-02-03,2024-04-01,2025-02-03,1143,288,57.99,37,22.02,729111,2823928
2025-02-02,2024-04-01,2025-02-02,1143,288,57.99,37,22.02,729111,2823928
2025-02-01,2024-04-01,2025-02-01,1136,288,57.99,37,22.02,729111,2823928
2025-01-31,2024-04-01,2025-01-31,1132,288,57.99,37,22.02,729111,2823928
2025-01-30,2024-04-01,2025-01-30,1129,288,57.99,37,22.02,729111,2823928
2025-01-29,2024-04-01,2025-01-29,1126,288,57.99,37,22.02,729111,2823928
2025-01-28,2024-04-01,2025-01-28,1123,288,57.99,37,22.02,729111,2823928
2025-01-27,2024-04-01,2025-01-27,1123,288,57.99,37,22.02,729111,2823928
2025-01-26,2024-04-01,2025-01-26,1123,288,57.99,37,22.02,729111,2823928
2025-01-25,2024-04-01,2025-01-25,1107,288,57.99,37,22.02,729111,2823928
2025-01-24,2024-04-01,2025-01-24,1107,288,57.99,36,21.43,729111,2823928
2025-01-23,2024-04-01,2025-01-23,1093,288,57.99,36,21.43,729111,2823928
2025-01-22,2024-04-01,2025-01-22,1091,288,57.99,36,21.43,729111,2823928
2025-01-21,2024-04-01,2025-01-21,1091,288,57.99,36,21.43,729111,2823928
2025-01-20,2024-04-01,2025-01-20,1091,288,57.99,36,21.43,729111,2823928
2025-01-19,2024-04-01,2025-01-19,1091,288,57.99,36,21.43,729111,2823928
2025-01-18,2024-04-01,2025-01-18,1086,288,57.99,36,21.43,729111,2823928
2025-01-17,2024-04-01,2025-01-17,1086,288,57.99,36,21.43,729111,2823928
2025-01-16,2024-04-01,2025-01-16,1063,288,57.99,36,21.43,729111,2823928
2025-01-15,2024-04-01,2025-01-15,1056,288,57.99,36,21.43,729111,2823928
2025-01-14,2024-04-01,2025-01-14,1056,288,57.99,36,21.43,729111,2823928
2025-01-13,2024-04-01,2025-01-13,1056,288,57.99,36,21.43,729111,2823928
2025-01-12,2024-04-01,2025-01-12,1056,288,57.99,36,21.43,729111,2823928
2025-01-11,2024-04-01,2025-01-11,1052,288,57.99,36,21.43,729111,2823928
2025-01-10,2024-04-01,2025-01-10,1042,288,57.99,36,21.43,729111,2823928
2025-01-09,2024-04-01,2025-01-09,1040,288,57.99,36,21.43,729111,2823928
2025-01-08,2024-04-01,2025-01-08,1036,288,57.99,36,21.43,729111,2823928
2025-01-07,2024-04-01,2025-01-07,1033,288,57.99,36,21.43,729111,2823928
2025-01-06,2024-04-01,2025-01-06,1033,288,57.99,36,21.43,729111,2823928
2025-01-05,2024-04-01,2025-01-05,1033,288,57.99,36,21.43,729111,2823928
2025-01-04,2024-04-01,2025-01-04,1033,288,57.99,36,21.43,729111,2823928
2025-01-03,2024-04-01,2025-01-03,1033,288,57.99,36,21.43,729111,2823928
2025-01-02,2024-04-01,2025-01-02,1033,288,57.99,36,21.43,664306,2505854
2025-01-01,2024-04-01,2025-01-01,1033,288,57.99,36,21.43,664306,2505854
2024-12-31,2024-04-01,2024-12-31,1033,288,57.99,36,21.43,664306,2505854
2024-12-30,2024-04-01,2024-12-30,1033,288,57.99,36,21.43,664306,2505854
2024-12-29,2024-04-01,2024-12-29,1033,288,57.99,36,21.43,664306,2505854
2024-12-28,2024-04-01,2024-12-28,1033,288,57.99,36,21.43,664306,2505854
2024-12-27,2024-04-01,2024-12-27,1033,288,57.99,36,21.43,664306,2505854
2024-12-26,2024-04-01,2024-12-26,1033,288,57.99,36,21.43,664306,2505854
2024-12-25,2024-04-01,2024-12-25,1025,288,57.99,36,21.43,664306,2505854
2024-12-24,2024-04-01,2024-12-24,1025,288,57.99,36,21.43,664306,2505854
2024-12-23,2024-04-01,2024-12-23,1025,288,57.99,36,21.43,664306,2505854
2024-12-22,2024-04-01,2024-12-22,1025,288,57.99,36,21.43,664306,2505854
2024-12-21,2024-04-01,2024-12-21,1024,288,57.99,36,21.43,664306,2505854
2024-12-20,2024-04-01,2024-12-20,1024,288,57.99,36,21.43,664306,2505854
2024-12-19,2024-04-01,2024-12-19,930,288,57.99,36,21.43,664306,2505854
2024-12-17,2024-04-01,2024-12-17,930,288,57.99,36,21.43,664306,2505854
2024-12-16,2024-04-01,2024-12-16,930,288,57.99,36,21.43,664306,2505854
2024-12-15,2024-04-01,2024-12-15,930,288,57.99,36,21.43,664306,2505854
2024-12-14,2024-04-01,2024-12-14,930,288,57.99,36,21.43,664306,2505854
2024-12-13,2024-04-01,2024-12-13,930,288,57.99,36,21.43,664306,2505854
2024-12-12,2024-04-01,2024-12-12,930,288,57.99,36,21.43,664306,2505854
2024-12-11,2024-04-01,2024-12-11,930,288,57.99,36,21.43,664306,2505854
2024-12-10,2024-04-01,2024-12-10,930,288,57.99,36,21.43,664306,2505854
2024-12-09,2024-04-01,2024-12-09,930,288,57.99,36,21.43,664306,2505854
2024-12-08,2024-04-01,2024-12-08,930,288,57.99,36,21.43,664306,2505854
2024-12-07,2024-04-01,2024-12-07,930,288,57.99,36,21.43,664306,2505854
2024-12-06,2024-04-01,2024-12-06,916,288,57.99,36,21.43,664306,2505854
2024-12-05,2024-04-01,2024-12-05,897,288,57.99,36,21.43,664306,2505854
2024-12-04,2024-04-01,2024-12-04,889,288,57.99,36,21.43,664306,2505854
2024-12-03,2024-04-01,2024-12-03,889,288,57.99,36,21.43,664306,2505854
2024-12-02,2024-04-01,2024-12-02,889,288,57.99,36,21.43,579534,2136963
2024-12-01,2024-04-01,2024-12-01,889,288,57.99,36,21.43,579534,2136963
2024-11-30,2024-04-01,2024-11-30,889,288,57.99,36,21.43,579534,2136963
2024-11-29,2024-04-01,2024-11-29,888,288,57.99,36,21.43,579534,2136963
2024-11-28,2024-04-01,2024-11-28,891,288,57.99,36,21.43,579534,2136963
2024-11-27,2024-04-01,2024-11-27,889,288,57.99,36,21.43,579534,2136963
2024-11-26,2024-04-01,2024-11-26,864,288,57.99,36,21.43,579534,2136963
2024-11-25,2024-04-01,2024-11-25,864,288,57.99,36,21.43,579534,2136963
2024-11-24,2024-04-01,2024-11-24,864,288,57.99,36,21.43,579534,2136963
2024-11-23,2024-04-01,2024-11-23,863,288,57.99,36,21.43,579534,2136963
2024-11-22,2024-04-01,2024-11-22,863,288,57.99,36,21.43,579534,2136963
2024-11-21,2024-04-01,2024-11-21,859,288,57.99,36,21.43,579534,2136963
2024-11-20,2024-04-01,2024-11-20,857,288,57.99,36,21.43,579534,2136963
2024-11-19,2024-04-01,2024-11-19,857,288,57.99,36,21.43,579534,2136963
2024-11-18,2024-04-01,2024-11-18,857,288,57.99,36,21.43,579534,2136963
2024-11-17,2024-04-01,2024-11-17,857,288,57.99,36,21.43,579534,2136963
2024-11-16,2024-04-01,2024-11-16,857,288,57.99,36,21.43,579534,2136963
2024-11-15,2024-04-01,2024-11-15,858,288,57.99,36,21.43,579534,2136963
2024-11-14,2024-04-01,2024-11-14,858,288,57.99,36,21.43,579534,2136963
2024-11-13,2024-04-01,2024-11-13,835,288,57.99,36,21.43,579534,2136963
2024-11-12,2024-04-01,2024-11-12,835,288,57.99,36,21.43,579534,2136963
2024-11-11,2024-04-01,2024-11-11,835,288,57.99,36,21.43,579534,2136963
2024-11-10,2024-04-01,2024-11-10,835,288,57.99,36,21.43,579534,2136963
2024-11-09,2024-04-01,2024-11-09,835,288,57.99,36,21.43,579534,2136963
2024-11-08,2024-04-01,2024-11-08,835,288,57.99,36,21.43,579534,2136963
2024-11-07,2024-04-01,2024-11-07,831,288,57.99,36,21.43,579534,2136963
2024-11-06,2024-04-01,2024-11-06,824,288,57.99,36,21.43,579534,2136963
2024-11-05,2024-04-01,2024-11-05,823,288,57.99,36,21.43,579534,2136963
2024-11-04,2024-04-01,2024-11-04,823,288,57.99,36,21.43,579534,2136963
2024-11-03,2024-04-01,2024-11-03,823,288,57.99,36,21.43,579534,2136963
2024-11-02,2024-04-01,2024-11-02,823,288,57.99,36,21.43,579534,2136963
2024-11-01,2024-04-01,2024-11-01,823,288,57.99,36,21.43,484461,1761993
2024-10-31,2024-04-01,2024-10-31,817,288,57.99,36,21.43,484461,1761993
2024-10-30,2024-04-01,2024-10-30,813,288,57.99,36,21.43,484461,1761993
2024-10-29,2024-04-01,2024-10-29,811,288,57.99,36,21.43,484461,1761993
2024-10-28,2024-04-01,2024-10-28,811,288,57.99,36,21.43,484461,1761993
2024-10-27,2024-04-01,2024-10-27,811,288,57.99,36,21.43,484461,1761993
2024-10-26,2024-04-01,2024-10-26,811,288,57.99,36,21.43,484461,1761993
2024-10-25,2024-04-01,2024-10-25,801,288,57.99,36,21.43,484461,1761993
2024-10-24,2024-04-01,2024-10-24,783,288,57.99,36,21.43,484461,1761993
2024-10-23,2024-04-01,2024-10-23,782,288,57.99,36,21.43,484461,1761993
2024-10-22,2024-04-01,2024-10-22,782,289,57.79,36,21.3,484461,1761993
2024-10-21,2024-04-01,2024-10-21,779,289,57.79,36,21.3,484461,1761993
2024-10-20,2024-04-01,2024-10-20,779,289,57.79,36,21.3,484461,1761993
2024-10-19,2024-04-01,2024-10-19,766,289,57.79,36,21.3,484461,1761993
2024-10-18,2024-04-01,2024-10-18,766,289,57.79,36,21.3,484461,1761993
2024-10-17,2024-04-01,2024-10-17,755,289,57.79,36,21.3,484461,1761993
2024-10-16,2024-04-01,2024-10-16,739,289,57.79,36,21.3,484461,1761993
2024-10-15,2024-04-01,2024-10-15,739,289,57.79,36,21.3,484461,1761993
2024-10-14,2024-04-01,2024-10-14,739,289,57.79,36,21.3,484461,1761993
2024-10-13,2024-04-01,2024-10-13,739,289,57.79,36,21.3,484461,1761993
2024-10-12,2024-04-01,2024-10-12,739,289,57.79,36,21.3,484461,1761993
2024-10-11,2024-04-01,2024-10-11,737,288,57.64,36,21.43,484461,1761993
2024-10-10,2024-04-01,2024-10-10,729,289,57.79,36,21.3,484461,1761993
2024-10-09,2024-04-01,2024-10-09,714,289,57.79,36,21.3,484461,1761993
2024-10-08,2024-04-01,2024-10-08,714,289,57.79,36,21.3,484461,1761993
2024-10-07,2024-04-01,2024-10-07,714,289,57.79,36,21.3,484461,1761993
2024-10-06,2024-04-01,2024-10-06,714,289,57.79,36,21.3,484461,1761993
2024-10-05,2024-04-01,2024-10-05,714,289,57.79,36,21.3,484461,1761993
2024-10-04,2024-04-01,2024-10-04,714,289,57.79,36,21.3,484461,1761993
2024-10-03,2024-04-01,2024-10-03,713,289,57.79,36,21.3,484461,1761993
2024-10-02,2024-04-01,2024-10-02,711,289,57.79,36,21.3,484461,1761993
2024-10-01,2024-04-01,2024-10-01,711,289,57.79,36,21.3,412005,1463116
2024-09-30,2024-04-01,2024-09-30,711,289,57.79,36,21.3,412005,1463116
2024-09-29,2024-04-01,2024-09-29,711,289,57.79,36,21.3,412005,1463116
2024-09-28,2024-04-01,2024-09-28,709,289,57.79,36,21.3,412005,1463116
2024-09-27,2024-04-01,2024-09-27,693,289,57.79,36,21.3,412005,1463116
2024-09-26,2024-04-01,2024-09-26,693,289,57.79,36,21.3,412005,1463116
2024-09-25,2024-04-01,2024-09-25,693,289,57.79,36,21.3,412005,1463116
2024-09-24,2024-04-01,2024-09-24,688,289,57.79,36,21.3,412005,1463116
2024-09-23,2024-04-01,2024-09-23,688,289,57.79,36,21.3,412005,1463116
2024-09-22,2024-04-01,2024-09-22,688,289,57.79,36,21.3,412005,1463116
2024-09-21,2024-04-01,2024-09-21,683,289,57.79,36,21.3,412005,1463116
2024-09-20,2024-04-01,2024-09-20,682,289,57.79,36,21.3,412005,1463116
2024-09-19,2024-04-01,2024-09-19,680,289,57.79,36,21.3,412005,1463116
2024-09-18,2024-04-01,2024-09-18,679,289,57.79,36,21.3,412005,1463116
2024-09-17,2024-04-01,2024-09-17,678,289,57.79,36,21.3,412005,1463116
2024-09-16,2024-04-01,2024-09-16,678,289,57.79,36,21.3,412005,1463116
2024-09-15,2024-04-01,2024-09-15,678,289,57.79,36,21.3,412005,1463116
2024-09-14,2024-04-01,2024-09-14,677,289,57.79,36,21.3,412005,1463116
2024-09-13,2024-04-01,2024-09-13,666,289,57.79,36,21.3,412005,1463116
2024-09-12,2024-04-01,2024-09-12,662,289,57.79,36,21.3,412005,1463116
2024-09-11,2024-04-01,2024-09-11,633,289,57.79,36,21.3,412005,1463116
2024-09-10,2024-04-01,2024-09-10,630,289,57.79,36,21.3,412005,1463116
2024-09-09,2024-04-01,2024-09-09,630,289,57.79,36,21.3,412005,1463116
2024-09-08,2024-04-01,2024-09-08,630,289,57.79,36,21.3,412005,1463116
2024-09-07,2024-04-01,2024-09-07,630,289,57.79,36,21.3,412005,1463116
2024-09-06,2024-04-01,2024-09-06,633,289,57.79,36,21.3,412005,1463116
2024-09-05,2024-04-01,2024-09-05,631,289,57.79,36,21.3,412005,1463116
2024-09-04,2024-04-01,2024-09-04,619,289,57.79,36,21.3,412005,1463116
2024-09-03,2024-04-01,2024-09-03,616,289,57.79,36,21.3,343748,1217420
2024-09-02,2024-04-01,2024-09-02,616,289,57.79,36,21.3,343748,1217420
2024-09-01,2024-04-01,2024-09-01,616,289,57.79,36,21.3,343748,1217420
2024-08-31,2024-04-01,2024-08-31,615,289,57.79,36,21.3,343748,1217420
2024-08-30,2024-04-01,2024-08-30,614,289,57.79,36,21.3,343748,1217420
2024-08-29,2024-04-01,2024-08-29,575,289,57.79,36,21.3,343748,1217420
2024-08-28,2024-04-01,2024-08-28,567,289,57.79,36,21.3,343748,1217420
2024-08-27,2024-04-01,2024-08-27,567,289,57.79,36,21.3,343748,1217420
2024-08-26,2024-04-01,2024-08-26,565,289,57.79,36,21.3,343748,1217420
2024-08-25,2024-04-01,2024-08-25,565,289,57.79,36,21.3,343748,1217420
2024-08-24,2024-04-01,2024-08-24,565,289,57.79,36,21.3,343748,1217420
2024-08-23,2024-04-01,2024-08-23,565,289,57.79,36,21.3,343748,1217420
2024-08-22,2024-04-01,2024-08-22,565,289,57.79,36,21.3,343748,1217420
2024-08-21,2024-04-01,2024-08-21,564,289,57.79,36,21.3,343748,1217420
2024-08-20,2024-04-01,2024-08-20,561,289,57.79,36,21.3,343748,1217420
2024-08-19,2024-04-01,2024-08-19,561,289,57.79,36,21.3,343748,1217420
2024-08-18,2024-04-01,2024-08-18,561,289,57.79,36,21.3,343748,1217420
2024-08-17,2024-04-01,2024-08-17,561,289,57.79,36,21.3,343748,1217420
2024-08-16,2024-04-01,2024-08-16,550,289,57.79,36,21.3,343748,1217420
2024-08-15,2024-04-01,2024-08-15,531,289,57.79,36,21.3,343748,1217420
2024-08-14,2024-04-01,2024-08-14,513,289,57.79,36,21.3,343748,1217420
2024-08-13,2024-04-01,2024-08-13,511,289,57.79,36,21.3,343748,1217420
2024-08-12,2024-04-01,2024-08-12,510,289,57.79,36,21.3,343748,1217420
2024-08-11,2024-04-01,2024-08-11,510,289,57.79,36,21.3,343748,1217420
2024-08-10,2024-04-01,2024-08-10,510,289,57.79,36,21.3,343748,1217420
2024-08-09,2024-04-01,2024-08-09,510,289,57.79,36,21.3,343748,1217420
2024-08-08,2024-04-01,2024-08-08,508,289,57.79,36,21.3,343748,1217420
2024-08-07,2024-04-01,2024-08-07,506,289,57.79,36,21.3,343748,1217420
2024-08-06,2024-04-01,2024-08-06,506,289,57.79,36,21.3,343748,1217420
2024-08-05,2024-04-01,2024-08-05,506,289,57.79,36,21.3,343748,1217420
2024-08-04,2024-04-01,2024-08-04,506,289,57.79,36,21.3,343748,1217420
2024-08-03,2024-04-01,2024-08-03,503,289,57.79,36,21.3,343748,1217420
2024-08-02,2024-04-01,2024-08-02,503,225,50.67,19,15.83,343748,1217420
2024-08-01,2024-04-01,2024-08-01,500,225,50.67,19,15.83,275840,984647
2024-07-30,2024-04-01,2024-07-30,496,225,50.67,19,15.83,275840,984647
2024-07-29,2024-04-01,2024-07-29,496,225,50.67,19,15.83,275840,984647
2024-07-28,2024-04-01,2024-07-28,496,225,50.67,19,15.83,275840,984647
2024-07-27,2024-04-01,2024-07-27,495,225,50.67,19,15.83,275840,984647
2024-07-26,2024-04-01,2024-07-26,493,225,50.67,19,15.83,275840,984647
2024-07-25,2024-04-01,2024-07-25,481,225,50.67,19,15.83,275840,984647
2024-07-24,2024-04-01,2024-07-24,474,225,50.67,19,15.83,275840,984647
2024-07-23,2024-04-01,2024-07-23,474,225,50.67,19,15.83,275840,984647
2024-07-22,2024-04-01,2024-07-22,473,225,50.67,19,15.83,275840,984647
2024-07-21,2024-04-01,2024-07-21,473,225,50.67,19,15.83,275840,984647
2024-07-20,2024-04-01,2024-07-20,472,225,50.67,19,15.83,275840,984647
2024-07-19,2024-04-01,2024-07-19,472,225,50.67,19,15.83,275840,984647
2024-07-18,2024-04-01,2024-07-18,447,225,50.67,19,15.83,275840,984647
2024-07-17,2024-04-01,2024-07-17,447,225,50.67,19,15.83,275840,984647
2024-07-16,2024-04-01,2024-07-16,447,225,50.67,19,15.83,275840,984647
2024-07-15,2024-04-01,2024-07-15,437,225,50.67,19,15.83,275840,984647
2024-07-14,2024-04-01,2024-07-14,437,225,50.67,19,15.83,275840,984647
2024-07-13,2024-04-01,2024-07-13,431,225,50.67,19,15.83,275840,984647
2024-07-12,2024-04-01,2024-07-12,428,225,50.67,19,15.83,275840,984647
2024-07-11,2024-04-01,2024-07-11,425,225,50.67,19,15.83,275840,984647
2024-07-10,2024-04-01,2024-07-10,423,225,50.67,19,15.83,275840,984647
2024-07-09,2024-04-01,2024-07-09,422,225,50.67,19,15.83,275840,984647
2024-07-08,2024-04-01,2024-07-08,422,225,50.67,19,15.83,275840,984647
2024-07-07,2024-04-01,2024-07-07,422,225,50.67,19,15.83,275840,984647
2024-07-06,2024-04-01,2024-07-06,421,225,50.67,19,15.83,275840,984647
2024-07-05,2024-04-01,2024-07-05,419,225,50.67,19,15.83,275840,984647
2024-07-04,2024-04-01,2024-07-04,415,225,50.67,19,15.83,275840,984647
2024-07-03,2024-04-01,2024-07-03,411,225,50.67,19,15.83,275840,984647
2024-07-02,2024-04-01,2024-07-02,409,225,50.67,19,15.83,196842,698670
2024-07-01,2024-04-01,2024-07-01,409,225,50.67,19,15.83,196842,698670
2024-06-30,2024-04-01,2024-06-30,409,225,50.67,19,15.83,196842,698670
2024-06-29,2024-04-01,2024-06-29,409,225,50.67,19,15.83,196842,698670
2024-06-28,2024-04-01,2024-06-28,407,225,50.67,19,15.83,196842,698670
2024-06-27,2024-04-01,2024-06-27,405,225,50.67,19,15.83,196842,698670
2024-06-26,2024-04-01,2024-06-26,398,225,50.67,19,15.83,196842,698670
2024-06-25,2024-04-01,2024-06-25,396,225,50.67,19,15.83,196842,698670
2024-06-24,2024-04-01,2024-06-24,394,225,50.67,19,15.83,196842,698670
2024-06-23,2024-04-01,2024-06-23,394,225,50.67,19,15.83,196842,698670
2024-06-22,2024-04-01,2024-06-22,393,225,50.67,19,15.83,196842,698670
2024-06-21,2024-04-01,2024-06-21,386,225,50.67,19,15.83,196842,698670
2024-06-20,2024-04-01,2024-06-20,383,225,50.67,19,15.83,196842,698670
2024-06-19,2024-04-01,2024-06-19,380,225,50.67,19,15.83,196842,698670
2024-06-18,2024-04-01,2024-06-18,377,0,0.0,0,0.0,196842,698670
2024-06-17,2024-04-01,2024-06-17,376,0,0.0,0,0.0,196842,698670
2024-06-16,2024-04-01,2024-06-16,376,0,0.0,0,0.0,196842,698670
2024-06-15,2024-04-01,2024-06-15,374,0,0.0,0,0.0,196842,698670
2024-06-14,2024-04-01,2024-06-14,370,0,0.0,0,0.0,196842,698670
2024-06-13,2024-04-01,2024-06-13,369,0,0.0,0,0.0,196842,698670
2024-06-12,2024-04-01,2024-06-12,363,0,0.0,0,0.0,196842,698670
2024-06-11,2024-04-01,2024-06-11,361,0,0.0,0,0.0,196842,698670
2024-06-10,2024-04-01,2024-06-10,360,0,0.0,0,0.0,196842,698670
2024-06-09,2024-04-01,2024-06-09,360,0,0.0,0,0.0,196842,698670
2024-06-08,2024-04-01,2024-06-08,349,0,0.0,0,0.0,196842,698670
2024-06-07,2024-04-01,2024-06-07,347,0,0.0,0,0.0,196842,698670
2024-06-06,2024-04-01,2024-06-06,346,0,0.0,0,0.0,196842,698670
2024-06-05,2024-04-01,2024-06-05,336,0,0.0,0,0.0,196842,698670
2024-06-04,2024-04-01,2024-06-04,336,0,0.0,0,0.0,196842,698670
2024-06-03,2024-04-01,2024-06-03,335,0,0.0,0,0.0,104835,347874
2024-06-02,2024-04-01,2024-06-02,335,0,0.0,0,0.0,104835,347874
2024-06-01,2024-04-01,2024-06-01,335,0,0.0,0,0.0,104835,347874
2024-05-31,2024-04-01,2024-05-31,323,0,0.0,0,0.0,104835,347874
2024-05-30,2024-04-01,2024-05-30,288,0,0.0,0,0.0,104835,347874
2024-05-29,2024-04-01,2024-05-29,283,0,0.0,0,0.0,104835,347874
2024-05-28,2024-04-01,2024-05-28,280,0,0.0,0,0.0,104835,347874
2024-05-27,2024-04-01,2024-05-27,249,0,0.0,0,0.0,104835,347874
2024-05-26,2024-04-01,2024-05-26,249,0,0.0,0,0.0,104835,347874
2024-05-25,2024-04-01,2024-05-25,242,0,0.0,0,0.0,104835,347874
2024-05-24,2024-04-01,2024-05-24,241,0,0.0,0,0.0,104835,347874
2024-05-23,2024-04-01,2024-05-23,237,0,0.0,0,0.0,104835,347874
2024-05-22,2024-04-01,2024-05-22,225,0,0.0,0,0.0,104835,347874
2024-05-21,2024-04-01,2024-05-21,225,0,0.0,0,0.0,104835,347874
2024-05-20,2024-04-01,2024-05-20,225,0,0.0,0,0.0,104835,347874
2024-05-19,2024-04-01,2024-05-19,225,0,0.0,0,0.0,104835,347874
2024-05-18,2024-04-01,2024-05-18,224,0,0.0,0,0.0,104835,347874
2024-05-17,2024-04-01,2024-05-17,204,0,0.0,0,0.0,104835,347874
2024-05-16,2024-04-01,2024-05-16,197,0,0.0,0,0.0,104835,347874
2024-05-15,2024-04-01,2024-05-15,191,0,0.0,0,0.0,104835,347874
2024-05-14,2024-04-01,2024-05-14,189,0,0.0,0,0.0,104835,347874
2024-05-13,2024-04-01,2024-05-13,187,0,0.0,0,0.0,104835,347874
2024-05-12,2024-04-01,2024-05-12,187,0,0.0,0,0.0,104835,347874
2024-05-11,2024-04-01,2024-05-11,187,0,0.0,0,0.0,104835,347874
2024-05-10,2024-04-01,2024-05-10,181,0,0.0,0,0.0,104835,347874
2024-05-09,2024-04-01,2024-05-09,162,0,0.0,0,0.0,104835,347874
2024-05-08,2024-04-01,2024-05-08,155,0,0.0,0,0.0,104835,347874
2024-05-07,2024-04-01,2024-05-07,154,0,0.0,0,0.0,104835,347874
2024-05-06,2024-04-01,2024-05-06,154,0,0.0,0,0.0,104835,347874
2024-05-05,2024-04-01,2024-05-05,154,0,0.0,0,0.0,104835,347874
2024-05-04,2024-04-01,2024-05-04,154,0,0.0,0,0.0,104835,347874
2024-05-03,2024-04-01,2024-05-03,159,0,0.0,0,0.0,104835,347874
2024-05-01,2024-04-01,2024-05-01,154,0,0.0,0,0.0,0,0
2024-04-30,2024-04-01,2024-04-30,147,0,0.0,0,0.0,0,0
2024-04-29,2024-04-01,2024-04-29,147,0,0.0,0,0.0,0,0
2024-04-26,2024-04-01,2024-04-26,146,0,0.0,0,0.0,0,0
2024-04-24,2024-04-01,2024-04-24,55,0,0.0,0,0.0,0,0
2024-04-23,2024-04-01,2024-04-23,55,0,0.0,0,0.0,0,0
2024-04-20,2024-04-01,2024-04-20,54,0,0.0,0,0.0,0,0
2024-04-19,2024-04-01,2024-04-19,53,0,0.0,0,0.0,0,0
2024-04-18,2024-04-01,2024-04-18,26,0,0.0,0,0.0,0,0
2024-04-16,2024-04-01,2024-04-16,25,0,0.0,0,0.0,0,0
2024-03-31,2023-04-01,2024-03-31,4443,1940,49.28,12,2.67,1250429,3006337
2024-03-30,2023-04-01,2024-03-30,4443,1940,49.28,12,2.67,1250429,3006337
2024-03-29,2023-04-01,2024-03-29,4444,1940,49.28,11,2.46,1250429,3006337
2024-03-28,2023-04-01,2024-03-28,4424,1940,49.28,11,2.46,1250429,3006337
2024-03-27,2023-04-01,2024-03-27,4416,1940,49.28,11,2.46,1250429,3006337
2024-03-26,2023-04-01,2024-03-26,4393,1940,49.28,11,2.46,1250429,3006337
2024-03-25,2023-04-01,2024-03-25,4391,1940,49.28,11,2.46,1250429,3006337
2024-03-24,2023-04-01,2024-03-24,4391,1940,49.28,11,2.46,1250429,3006337
2024-03-23,2023-04-01,2024-03-23,4382,1940,49.28,11,2.46,1250429,3006337
2024-03-22,2023-04-01,2024-03-22,4370,1941,49.3,11,2.45,1250429,3006337
2024-03-21,2023-04-01,2024-03-21,4349,1927,49.66,11,2.45,1250429,3006337
2024-03-20,2023-04-01,2024-03-20,4326,1925,49.61,11,2.45,1250429,3006337
2024-03-19,2023-04-01,2024-03-19,4177,1925,49.61,11,2.45,1250429,3006337
2024-03-18,2023-04-01,2024-03-18,4176,1925,49.61,11,2.45,1250429,3006337
2024-03-17,2023-04-01,2024-03-17,4176,1925,49.61,11,2.45,1250429,3006337
2024-03-16,2023-04-01,2024-03-16,4173,1925,49.61,11,2.45,1250429,3006337
2024-03-15,2023-04-01,2024-03-15,4173,1925,49.61,11,2.45,1250429,3006337
2024-03-14,2023-04-01,2024-03-14,4147,1925,49.61,11,2.45,1250429,3006337
2024-03-13,2023-04-01,2024-03-13,4153,1939,49.25,11,2.45,1250429,3006337
2024-03-12,2023-04-01,2024-03-12,4155,1940,49.23,11,2.45,1250429,3006337
2024-03-11,2023-04-01,2024-03-11,4153,1940,49.23,11,2.45,1250429,3006337
2024-03-10,2023-04-01,2024-03-10,4153,1940,49.23,11,2.45,1250429,3006337
2024-03-09,2023-04-01,2024-03-09,4151,1940,49.23,11,2.45,1250429,3006337
2024-03-08,2023-04-01,2024-03-08,4155,1942,49.28,11,2.45,1250429,3006337
2024-03-07,2023-04-01,2024-03-07,4138,1939,49.36,11,2.45,1250429,3006337
2024-03-06,2023-04-01,2024-03-06,4137,1939,49.36,11,2.45,1250429,3006337
2024-03-05,2023-04-01,2024-03-05,4137,1939,49.36,11,2.45,1250429,3006337
2024-03-04,2023-04-01,2024-03-04,4137,1939,49.36,11,2.45,1137490,2642496
2024-03-03,2023-04-01,2024-03-03,4137,1939,49.36,11,2.45,1137490,2642496
2024-03-02,2023-04-01,2024-03-02,4126,1939,49.36,11,2.45,1137490,2642496
2024-03-01,2023-04-01,2024-03-01,4129,1942,49.28,11,2.45,1137490,2642496
2024-02-29,2023-04-01,2024-02-29,4078,1933,49.51,11,2.45,1137490,2642496
2024-02-28,2023-04-01,2024-02-28,4077,1933,49.51,11,2.45,1137490,2642496
2024-02-27,2023-04-01,2024-02-27,4054,1933,49.51,11,2.45,1137490,2642496
2024-02-26,2023-04-01,2024-02-26,4054,1933,49.51,11,2.45,1137490,2642496
2024-02-25,2023-04-01,2024-02-25,4054,1933,49.51,11,2.45,1137490,2642496
2024-02-24,2023-04-01,2024-02-24,4052,1933,49.51,11,2.45,1137490,2642496
2024-02-23,2023-04-01,2024-02-23,4061,1941,49.3,11,2.45,1137490,2642496
2024-02-22,2023-04-01,2024-02-22,4052,1941,49.3,11,2.45,1137490,2642496
2024-02-20,2023-04-01,2024-02-20,4045,1941,49.3,11,2.45,1137490,2642496
2024-02-19,2023-04-01,2024-02-19,4045,1941,49.3,11,2.45,1137490,2642496
2024-02-18,2023-04-01,2024-02-18,4045,1941,49.3,11,2.45,1137490,2642496
2024-02-17,2023-04-01,2024-02-17,4039,1941,49.3,11,2.45,1137490,2642496
2024-02-16,2023-04-01,2024-02-16,4033,1944,49.33,11,2.45,1137490,2642496
2024-02-15,2023-04-01,2024-02-15,4004,1941,49.25,11,2.45,1137490,2642496
2024-02-14,2023-04-01,2024-02-14,3992,1941,49.25,11,2.45,1137490,2642496
2024-02-13,2023-04-01,2024-02-13,3991,1941,49.25,11,2.45,1137490,2642496
2024-02-12,2023-04-01,2024-02-12,3991,1941,49.25,11,2.45,1137490,2642496
2024-02-11,2023-04-01,2024-02-11,3991,1941,49.25,11,2.45,1137490,2642496
2024-02-10,2023-04-01,2024-02-10,3982,1941,49.25,11,2.45,1137490,2642496
2024-02-09,2023-04-01,2024-02-09,3977,1941,49.25,11,2.45,1137490,2642496
2024-02-08,2023-04-01,2024-02-08,3992,1944,49.33,11,2.45,1137490,2642496
2024-02-07,2023-04-01,2024-02-07,3992,1944,49.33,11,2.45,1137490,2642496
2024-02-06,2023-04-01,2024-02-06,3987,1944,49.33,11,2.45,1137490,2642496
2024-02-05,2023-04-01,2024-02-05,3987,1944,49.33,11,2.45,1137490,2642496
2024-02-04,2023-04-01,2024-02-04,3987,1944,49.33,11,2.45,1137490,2642496
2024-02-03,2023-04-01,2024-02-03,3987,1944,49.33,11,2.45,1137490,2642496
2024-02-02,2023-04-01,2024-02-02,3987,1944,49.33,11,2.45,1137490,2642496
2024-02-01,2023-04-01,2024-02-01,3980,1944,49.33,11,2.45,1010099,2278385
2024-01-31,2023-04-01,2024-01-31,3979,1944,49.33,11,2.45,1010099,2278385
2024-01-30,2023-04-01,2024-01-30,3977,1944,49.33,11,2.45,1010099,2278385
2024-01-29,2023-04-01,2024-01-29,3977,1944,49.33,11,2.45,1010099,2278385
2024-01-28,2023-04-01,2024-01-28,3977,1944,49.33,11,2.45,1010099,2278385
2024-01-27,2023-04-01,2024-01-27,3976,1944,49.33,11,2.45,1010099,2278385
2024-01-26,2023-04-01,2024-01-26,3973,1944,49.33,11,2.45,1010099,2278385
2024-01-25,2023-04-01,2024-01-25,3959,1944,49.33,11,2.45,1010099,2278385
2024-01-24,2023-04-01,2024-01-24,3935,1928,49.74,11,2.45,1010099,2278385
2024-01-23,2023-04-01,2024-01-23,3935,1928,49.74,11,2.45,1010099,2278385
2024-01-22,2023-04-01,2024-01-22,3935,1928,49.74,11,2.45,1010099,2278385
2024-01-21,2023-04-01,2024-01-21,3935,1928,49.74,11,2.45,1010099,2278385
2024-01-20,2023-04-01,2024-01-20,3931,1928,49.74,11,2.45,1010099,2278385
2024-01-19,2023-04-01,2024-01-19,3945,1944,49.33,11,2.45,1010099,2278385
2024-01-18,2023-04-01,2024-01-18,3945,1944,49.33,11,2.45,1010099,2278385
2024-01-17,2023-04-01,2024-01-17,3910,1944,49.33,11,2.45,1010099,2278385
2024-01-16,2023-04-01,2024-01-16,3907,1944,49.33,11,2.45,1010099,2278385
2024-01-15,2023-04-01,2024-01-15,3907,1944,49.33,11,2.45,1010099,2278385
2024-01-14,2023-04-01,2024-01-14,3907,1944,49.33,11,2.45,1010099,2278385
2024-01-13,2023-04-01,2024-01-13,3843,1944,49.33,11,2.45,1010099,2278385
2024-01-12,2023-04-01,2024-01-12,3843,1944,49.33,11,2.45,1010099,2278385
2024-01-11,2023-04-01,2024-01-11,3842,1944,49.33,11,2.45,1010099,2278385
2024-01-10,2023-04-01,2024-01-10,3842,1944,49.33,11,2.45,1010099,2278385
2024-01-09,2023-04-01,2024-01-09,3842,1944,49.33,11,2.45,1010099,2278385
2024-01-08,2023-04-01,2024-01-08,3842,1944,49.33,11,2.45,1010099,2278385
2024-01-07,2023-04-01,2024-01-07,3842,1944,49.33,11,2.45,1010099,2278385
2024-01-06,2023-04-01,2024-01-06,3842,1944,49.33,11,2.45,1010099,2278385
2024-01-05,2023-04-01,2024-01-05,3842,1944,49.33,11,2.45,1010099,2278385
2024-01-04,2023-04-01,2024-01-04,3842,1944,49.33,11,2.45,1010099,2278385
2024-01-03,2023-04-01,2024-01-03,3841,1944,49.33,11,2.45,1010099,2278385
2024-01-02,2023-04-01,2024-01-02,3841,1944,49.33,11,2.45,902137,1999570
2024-01-01,2023-04-01,2024-01-01,3841,1944,49.33,11,2.45,902137,1999570
2023-12-31,2023-04-01,2023-12-31,3841,1944,49.33,11,2.45,902137,1999570
2023-12-30,2023-04-01,2023-12-30,3841,1944,49.33,11,2.45,902137,1999570
2023-12-29,2023-04-01,2023-12-29,3840,1944,49.33,11,2.45,902137,1999570
2023-12-28,2023-04-01,2023-12-28,3819,1944,49.33,11,2.45,902137,1999570
2023-12-27,2023-04-01,2023-12-27,3801,1940,49.43,11,2.45,902137,1999570
2023-12-26,2023-04-01,2023-12-26,3801,1940,49.43,11,2.45,902137,1999570
2023-12-25,2023-04-01,2023-12-25,3801,1940,49.43,11,2.45,902137,1999570
2023-12-24,2023-04-01,2023-12-24,3801,1940,49.43,11,2.45,902137,1999570
2023-12-23,2023-04-01,2023-12-23,3797,1940,49.43,11,2.45,902137,1999570
2023-12-22,2023-04-01,2023-12-22,3806,1944,49.33,11,2.45,902137,1999570
2023-12-21,2023-04-01,2023-12-21,3786,1944,49.33,11,2.45,902137,1999570
2023-12-20,2023-04-01,2023-12-20,3775,1942,49.28,11,2.45,902137,1999570
2023-12-19,2023-04-01,2023-12-19,3774,1942,49.28,11,2.45,902137,1999570
2023-12-18,2023-04-01,2023-12-18,3772,1942,49.28,11,2.45,902137,1999570
2023-12-17,2023-04-01,2023-12-17,3772,1942,49.28,11,2.45,902137,1999570
2023-12-16,2023-04-01,2023-12-16,3760,1942,49.28,11,2.45,902137,1999570
2023-12-15,2023-04-01,2023-12-15,3752,1945,49.31,11,2.45,902137,1999570
2023-12-13,2023-04-01,2023-12-13,3744,1945,49.31,11,2.45,902137,1999570
2023-12-12,2023-04-01,2023-12-12,3744,1945,49.31,11,2.45,902137,1999570
2023-12-11,2023-04-01,2023-12-11,3744,1945,49.31,11,2.45,902137,1999570
2023-12-10,2023-04-01,2023-12-10,3744,1945,49.31,11,2.45,902137,1999570
2023-12-09,2023-04-01,2023-12-09,3744,1945,49.31,11,2.45,902137,1999570
2023-12-08,2023-04-01,2023-12-08,3740,1945,49.31,11,2.45,902137,1999570
2023-12-07,2023-04-01,2023-12-07,3671,1945,49.31,10,2.23,902137,1999570
2023-12-06,2023-04-01,2023-12-06,3640,1921,49.92,10,2.23,902137,1999570
2023-12-05,2023-04-01,2023-12-05,3640,1921,49.92,10,2.23,902137,1999570
2023-12-04,2023-04-01,2023-12-04,3638,1921,49.92,10,2.23,902137,1999570
2023-12-03,2023-04-01,2023-12-03,3638,1921,49.92,10,2.23,902137,1999570
2023-12-02,2023-04-01,2023-12-02,3635,1921,49.92,10,2.23,902137,1999570
2023-12-01,2023-04-01,2023-12-01,3633,1921,49.92,10,2.23,732762,1683055
2023-11-30,2023-04-01,2023-11-30,3632,1921,49.92,10,2.23,732762,1683055
2023-11-29,2023-04-01,2023-11-29,3654,1945,49.31,10,2.23,732762,1683055
2023-11-28,2023-04-01,2023-11-28,3625,1945,49.31,10,2.23,732762,1683055
2023-11-27,2023-04-01,2023-11-27,3625,1945,49.31,10,2.23,732762,1683055
2023-11-26,2023-04-01,2023-11-26,3625,1945,49.31,10,2.23,732762,1683055
2023-11-25,2023-04-01,2023-11-25,3624,1945,49.31,10,2.23,732762,1683055
2023-11-24,2023-04-01,2023-11-24,3620,1945,49.31,10,2.23,732762,1683055
2023-11-23,2023-04-01,2023-11-23,3617,1945,49.31,10,2.23,732762,1683055
2023-11-22,2023-04-01,2023-11-22,3617,1945,49.31,10,2.23,732762,1683055
2023-11-21,2023-04-01,2023-11-21,3613,1945,49.31,10,2.23,732762,1683055
2023-11-20,2023-04-01,2023-11-20,3613,1945,49.31,10,2.23,732762,1683055
2023-11-19,2023-04-01,2023-11-19,3613,1945,49.31,10,2.23,732762,1683055
2023-11-18,2023-04-01,2023-11-18,3611,1945,49.31,10,2.23,732762,1683055
2023-11-17,2023-04-01,2023-11-17,3611,1945,49.31,10,2.23,732762,1683055
2023-11-16,2023-04-01,2023-11-16,3570,1945,49.31,10,2.23,732762,1683055
2023-11-15,2023-04-01,2023-11-15,3569,1945,49.31,10,2.23,732762,1683055
2023-11-14,2023-04-01,2023-11-14,3569,1945,49.31,10,2.23,732762,1683055
2023-11-13,2023-04-01,2023-11-13,3569,1945,49.31,10,2.23,732762,1683055
2023-11-10,2023-04-01,2023-11-10,3566,1945,49.31,10,2.23,732762,1683055
2023-11-09,2023-04-01,2023-11-09,3056,1945,49.31,10,2.23,732762,1683055
2023-11-08,2023-04-01,2023-11-08,3056,1945,49.31,10,2.23,732762,1683055
2023-11-07,2023-04-01,2023-11-07,3056,1945,49.31,10,2.23,732762,1683055
2023-11-06,2023-04-01,2023-11-06,3056,1945,49.31,10,2.23,732762,1683055
2023-11-05,2023-04-01,2023-11-05,3056,1945,49.31,10,2.23,732762,1683055
2023-11-04,2023-04-01,2023-11-04,3056,1945,49.31,10,2.23,732762,1683055
2023-11-03,2023-04-01,2023-11-03,3052,1945,49.31,10,2.23,732762,1683055
2023-11-02,2023-04-01,2023-11-02,3045,1945,49.31,10,2.23,732762,1683055
2023-11-01,2023-04-01,2023-11-01,3025,1945,49.31,10,2.23,578688,1384180
2023-10-31,2023-04-01,2023-10-31,3025,1945,49.31,10,2.23,578688,1384180
2023-10-30,2023-04-01,2023-10-30,3024,1945,49.31,10,2.23,578688,1384180
2023-10-29,2023-04-01,2023-10-29,3024,1945,49.31,10,2.23,578688,1384180
2023-10-28,2023-04-01,2023-10-28,3022,1945,49.31,10,2.23,578688,1384180
2023-10-27,2023-04-01,2023-10-27,3024,1945,49.31,10,2.23,578688,1384180
2023-10-26,2023-04-01,2023-10-26,3015,1945,49.31,10,2.23,578688,1384180
2023-10-25,2023-04-01,2023-10-25,3015,1945,49.31,10,2.23,578688,1384180
2023-10-24,2023-04-01,2023-10-24,3011,1945,49.31,10,2.23,578688,1384180
2023-10-23,2023-04-01,2023-10-23,3011,1945,49.31,10,2.23,578688,1384180
2023-10-22,2023-04-01,2023-10-22,3011,1945,49.31,10,2.23,578688,1384180
2023-10-21,2023-04-01,2023-10-21,3003,1945,49.31,10,2.23,578688,1384180
2023-10-20,2023-04-01,2023-10-20,2998,1945,49.31,10,2.23,578688,1384180
2023-10-19,2023-04-01,2023-10-19,2980,1945,49.31,10,2.23,578688,1384180
2023-10-18,2023-04-01,2023-10-18,2978,1945,49.31,10,2.23,578688,1384180
2023-10-17,2023-04-01,2023-10-17,2953,1945,49.31,10,2.23,578688,1384180
2023-10-16,2023-04-01,2023-10-16,2945,1945,49.31,10,2.23,578688,1384180
2023-10-15,2023-04-01,2023-10-15,2945,1945,49.31,10,2.23,578688,1384180
2023-10-14,2023-04-01,2023-10-14,2975,1945,49.31,10,2.23,578688,1384180
2023-10-13,2023-04-01,2023-10-13,2945,1945,49.31,10,2.23,578688,1384180
2023-10-12,2023-04-01,2023-10-12,2942,1945,49.31,10,2.23,578688,1384180
2023-10-11,2023-04-01,2023-10-11,2938,1945,49.31,10,2.23,578688,1384180
2023-10-10,2023-04-01,2023-10-10,2937,1945,49.31,9,2.0,578688,1384180
2023-10-09,2023-04-01,2023-10-09,2937,1945,49.31,9,2.0,578688,1384180
2023-10-08,2023-04-01,2023-10-08,2937,1945,49.31,9,2.0,578688,1384180
2023-10-07,2023-04-01,2023-10-07,2937,1945,49.31,9,2.0,578688,1384180
2023-10-06,2023-04-01,2023-10-06,2935,1945,49.31,9,2.0,578688,1384180
2023-10-05,2023-04-01,2023-10-05,2931,1946,49.33,9,2.0,578688,1384180
2023-10-04,2023-04-01,2023-10-04,2877,1966,49.85,9,1.92,578688,1384180
2023-10-03,2023-04-01,2023-10-03,2877,1966,49.85,9,1.92,490651,1177657
2023-10-02,2023-04-01,2023-10-02,2877,1967,49.87,9,1.91,490651,1177657
2023-10-01,2023-04-01,2023-10-01,2877,1967,49.87,9,1.91,490651,1177657
2023-09-30,2023-04-01,2023-09-30,2877,1967,49.87,9,1.91,490651,1177657
2023-09-29,2023-04-01,2023-09-29,2869,1967,49.87,9,1.91,490651,1177657
2023-09-28,2023-04-01,2023-09-28,2869,1967,49.87,9,1.91,490651,1177657
2023-09-27,2023-04-01,2023-09-27,2867,1970,49.95,9,1.9,490651,1177657
2023-09-26,2023-04-01,2023-09-26,2866,1970,49.95,9,1.9,490651,1177657
2023-09-25,2023-04-01,2023-09-25,2865,1971,49.97,9,1.9,490651,1177657
2023-09-24,2023-04-01,2023-09-24,2865,1971,49.97,9,1.9,490651,1177657
2023-09-23,2023-04-01,2023-09-23,2864,1971,49.97,9,1.9,490651,1177657
2023-09-22,2023-04-01,2023-09-22,2864,1971,49.97,9,1.9,490651,1177657
2023-09-21,2023-04-01,2023-09-21,2863,1971,49.97,9,1.9,490651,1177657
2023-09-20,2023-04-01,2023-09-20,2862,1971,49.97,9,1.9,490651,1177657
2023-09-19,2023-04-01,2023-09-19,3094,2269,56.54,9,1.17,490651,1177657
2023-09-18,2023-04-01,2023-09-18,3094,2269,56.54,9,1.17,490651,1177657
2023-09-17,2023-04-01,2023-09-17,3094,2269,56.54,9,1.17,490651,1177657
2023-09-16,2023-04-01,2023-09-16,3094,2269,56.54,9,1.17,490651,1177657
2023-09-15,2023-04-01,2023-09-15,3093,2269,56.54,9,1.17,490651,1177657
2023-09-14,2023-04-01,2023-09-14,3062,2269,56.54,9,1.17,490651,1177657
2023-08-31,2023-04-01,2023-08-31,3022,2045,53.74,2,0.34,403752,971866
2023-08-30,2023-04-01,2023-08-30,2989,2045,53.74,2,0.34,403752,971866
2023-08-29,2023-04-01,2023-08-29,2990,2045,53.74,2,0.34,403752,971866
2023-08-28,2023-04-01,2023-08-28,2990,2045,53.74,2,0.34,403752,971866
2023-08-27,2023-04-01,2023-08-27,2990,2045,53.74,2,0.34,403752,971866
2023-08-26,2023-04-01,2023-08-26,2990,2045,53.74,2,0.34,403752,971866
2023-08-25,2023-04-01,2023-08-25,2989,2045,53.74,2,0.34,403752,971866
2023-08-24,2023-04-01,2023-08-24,2989,2045,53.74,2,0.34,403752,971866
2023-08-23,2023-04-01,2023-08-23,2987,2045,53.74,2,0.34,403752,971866
2023-08-22,2023-04-01,2023-08-22,2986,2045,53.74,2,0.34,403752,971866
2023-08-21,2023-04-01,2023-08-21,2986,2045,53.74,2,0.34,403752,971866
2023-08-20,2023-04-01,2023-08-20,2986,2045,53.74,2,0.34,403752,971866
2023-08-19,2023-04-01,2023-08-19,2982,2045,53.74,2,0.34,403752,971866
2023-08-17,2023-04-01,2023-08-17,2979,2045,53.74,2,0.34,403752,971866
2023-08-16,2023-04-01,2023-08-16,2973,2045,53.74,2,0.34,403752,971866
2023-08-15,2023-04-01,2023-08-15,2973,2045,53.74,2,0.34,403752,971866
2023-08-14,2023-04-01,2023-08-14,2973,2045,53.74,2,0.34,403752,971866
2023-08-13,2023-04-01,2023-08-13,2973,2045,53.74,2,0.34,403752,971866
2023-08-12,2023-04-01,2023-08-12,2973,2045,53.74,2,0.34,403752,971866
2023-08-11,2023-04-01,2023-08-11,2973,2045,53.74,2,0.34,403752,971866
2023-08-10,2023-04-01,2023-08-10,2973,2045,53.74,2,0.34,403752,971866
2023-07-19,2023-04-01,2023-07-19,2922,2045,53.74,2,0.34,319490,727788
2023-07-18,2023-04-01,2023-07-18,2921,2045,53.74,2,0.34,319490,727788
