Year,Month,Number of Informal Requests,Unique Packages
2026,9,1826,1379
2026,8,2026,1634
2026,7,4531,4005
2026,6,4798,4193
2026,5,4480,3875
2026,4,3581,2928
2026,3,1234,907
2026,2,1163,926
2026,1,1494,1243
2025,12,1195,954
2025,11,1451,1165
2025,10,1551,1226
2025,9,1319,981
2025,8,1645,1251
2025,7,1491,1169
2025,6,1375,1136
2025,5,1580,1123
2025,4,1993,1569
2025,3,2903,2126
2025,2,3669,2032
2025,1,2863,2328
2024,12,2917,2262
2024,11,3334,2692
2024,10,2462,2043
2024,9,2847,2241
2024,8,2464,2022
2024,7,11034,8349
2024,6,8028,7374
2024,5,9374,8829
2024,4,8116,7736
2024,3,1347,1069
2024,2,1987,1639
2024,1,2042,1552
2023,12,1418,1014
2023,11,1586,1261
2023,10,1733,1448
2023,9,1288,1047
2023,8,1500,1178
2023,7,1341,1066
2023,6,1414,1104
2023,5,1257,1085
2023,4,962,760
2023,3,888,713
2023,2,1027,842
2023,1,1160,908
2022,12,1286,988
2022,11,804,674
2022,10,984,806
2022,9,966,796
2022,8,983,785
2022,7,964,786
2022,6,1394,1082
2022,5,1091,893
2022,4,1021,812
2022,3,884,669
2022,2,1223,943
2022,1,1486,1094
2021,12,1121,842
2021,11,1171,940
2021,10,1053,778
2021,9,945,694
2021,8,577,448
2021,7,702,584
2021,6,917,705
2021,5,714,571
2021,4,939,699
2021,3,704,519
2021,2,663,497
2021,1,702,562
2020,12,422,331
2020,11,518,431
2020,10,591,457
2020,9,540,418
2020,8,382,260
2020,7,199,165
2020,6,309,215
2020,5,392,273
2020,4,207,163
2020,3,259,205
2020,2,126,88
2019,12,1,1
2019,9,1,1
